Open Time,Open,High,Low,Close,Volume,Close Time,Quote Asset Volume,Number of Trades,Taker Buy Base Asset Volume,Taker Buy Quote Asset Volume,Ignore
2026-02-25 14:00:00,1964.57000000,2001.65000000,1962.14000000,1997.38000000,46629.00120000,2026-02-25 14:59:59.999,92312332.42035300,656795,24822.23480000,49161999.58509400,0
2026-02-25 15:00:00,1997.38000000,2028.70000000,1986.72000000,2013.73000000,54106.00040000,2026-02-25 15:59:59.999,108675223.94259000,818545,25969.15560000,52169206.27393000,0
2026-02-25 16:00:00,2013.69000000,2049.18000000,2013.36000000,2046.33000000,41815.86190000,2026-02-25 16:59:59.999,84955432.01722100,586597,21227.31530000,43132328.46443500,0
2026-02-25 17:00:00,2046.34000000,2086.17000000,2044.28000000,2073.90000000,52395.62230000,2026-02-25 17:59:59.999,108232961.89764600,686165,25117.63700000,51888389.60088000,0
2026-02-25 18:00:00,2073.90000000,2081.20000000,2056.93000000,2074.12000000,30666.63170000,2026-02-25 18:59:59.999,63471297.76124100,457436,14683.04610000,30396533.94372400,0
2026-02-25 19:00:00,2074.11000000,2074.90000000,2060.05000000,2071.10000000,20148.64450000,2026-02-25 19:59:59.999,41657088.36987800,296074,8157.00530000,16864908.65564100,0
2026-02-25 20:00:00,2071.10000000,2083.99000000,2058.37000000,2075.00000000,28425.54920000,2026-02-25 20:59:59.999,58845891.73074000,330119,14797.30170000,30624950.70971700,0
2026-02-25 21:00:00,2074.99000000,2148.39000000,2065.84000000,2100.33000000,72931.05040000,2026-02-25 21:59:59.999,153455031.10957200,727925,39974.95870000,84083648.69319000,0
2026-02-25 22:00:00,2100.33000000,2115.41000000,2073.79000000,2083.15000000,34986.58860000,2026-02-25 22:59:59.999,73427745.61582600,372642,14419.78760000,30259780.24906700,0
2026-02-25 23:00:00,2083.14000000,2087.00000000,2034.39000000,2057.48000000,33015.40940000,2026-02-25 23:59:59.999,67984258.20593000,468342,15799.96960000,32519579.74352100,0
2026-02-26 00:00:00,2057.48000000,2076.60000000,2047.83000000,2062.36000000,22284.19840000,2026-02-26 00:59:59.999,45974785.72149800,459558,11752.60260000,24253870.32347400,0
2026-02-26 01:00:00,2062.36000000,2066.95000000,2049.74000000,2058.34000000,15006.95450000,2026-02-26 01:59:59.999,30898873.43833600,294474,7335.54090000,15105548.09932100,0
2026-02-26 02:00:00,2058.35000000,2059.06000000,2039.37000000,2053.28000000,12368.78590000,2026-02-26 02:59:59.999,25341571.78697300,280201,6016.95160000,12331751.43966800,0
2026-02-26 03:00:00,2053.28000000,2059.35000000,2047.35000000,2054.55000000,9377.37410000,2026-02-26 03:59:59.999,19257064.07137200,187444,4598.08420000,9443361.30658600,0
2026-02-26 04:00:00,2054.55000000,2082.81000000,2051.92000000,2075.01000000,23573.52540000,2026-02-26 04:59:59.999,48805053.24377900,278104,16486.33630000,34129689.77280700,0
2026-02-26 05:00:00,2075.00000000,2075.55000000,2056.70000000,2066.13000000,11872.47050000,2026-02-26 05:59:59.999,24513683.61380200,268537,5544.74000000,11446825.14520600,0
2026-02-26 06:00:00,2066.13000000,2076.50000000,2059.54000000,2062.54000000,12915.98000000,2026-02-26 06:59:59.999,26680890.67460900,217677,5891.08460000,12170130.09268800,0
2026-02-26 07:00:00,2062.54000000,2068.29000000,2051.55000000,2053.37000000,12926.63510000,2026-02-26 07:59:59.999,26630225.07897700,177661,4375.38410000,9016114.43990200,0
2026-02-26 08:00:00,2053.36000000,2059.00000000,2044.36000000,2054.43000000,18628.81110000,2026-02-26 08:59:59.999,38211034.11138500,262707,9522.70740000,19533696.49301900,0
2026-02-26 09:00:00,2054.43000000,2078.24000000,2052.79000000,2074.94000000,16397.10810000,2026-02-26 09:59:59.999,33912581.19720400,217545,9826.61140000,20329392.73416200,0
2026-02-26 10:00:00,2074.93000000,2083.33000000,2062.19000000,2065.31000000,11777.50460000,2026-02-26 10:59:59.999,24398553.65902100,235259,5649.21290000,11705990.72373700,0
2026-02-26 11:00:00,2065.31000000,2067.45000000,2053.46000000,2057.66000000,10700.83540000,2026-02-26 11:59:59.999,22042193.40472400,172681,3754.41980000,7732947.02723800,0
2026-02-26 12:00:00,2057.65000000,2071.76000000,2055.53000000,2070.00000000,8818.23510000,2026-02-26 12:59:59.999,18214209.09279100,184800,5543.80100000,11449966.43740100,0
2026-02-26 13:00:00,2069.99000000,2073.95000000,2061.09000000,2065.23000000,10459.46680000,2026-02-26 13:59:59.999,21626407.02752700,201240,6586.25880000,13620997.28947300,0
2026-02-26 14:00:00,2065.22000000,2077.81000000,2034.63000000,2051.19000000,38526.43650000,2026-02-26 14:59:59.999,79263319.78211500,680171,19059.17490000,39248714.06947700,0
2026-02-26 15:00:00,2051.19000000,2053.43000000,2011.56000000,2033.34000000,53604.68830000,2026-02-26 15:59:59.999,108743273.80162900,722311,25793.28300000,52329864.30359400,0
2026-02-26 16:00:00,2033.34000000,2037.78000000,1978.77000000,1983.80000000,46583.75660000,2026-02-26 16:59:59.999,93453333.17197700,656646,21560.20810000,43271432.84881500,0
2026-02-26 17:00:00,1983.80000000,1998.98000000,1982.30000000,1988.43000000,22310.03910000,2026-02-26 17:59:59.999,44406444.59015900,412340,11789.85920000,23468836.75970400,0
2026-02-26 18:00:00,1988.42000000,2009.45000000,1975.35000000,2004.23000000,23771.16830000,2026-02-26 18:59:59.999,47346776.18585500,385447,13506.77450000,26907093.95969000,0
2026-02-26 19:00:00,2004.23000000,2034.40000000,2003.58000000,2030.14000000,26957.79290000,2026-02-26 19:59:59.999,54527869.41941800,317895,15073.11110000,30478669.18874200,0
2026-02-26 20:00:00,2030.13000000,2042.75000000,2021.64000000,2023.67000000,16050.13300000,2026-02-26 20:59:59.999,32638552.79473700,212437,7812.67450000,15895277.71063900,0
2026-02-26 21:00:00,2023.67000000,2034.99000000,2018.33000000,2030.36000000,5486.34810000,2026-02-26 21:59:59.999,11122661.36671900,132391,2919.60750000,5919991.36708600,0
2026-02-26 22:00:00,2030.36000000,2037.51000000,2027.26000000,2033.29000000,4396.40270000,2026-02-26 22:59:59.999,8933730.37638300,77608,2466.61910000,5013238.95502500,0
2026-02-26 23:00:00,2033.29000000,2033.64000000,2024.38000000,2027.68000000,4988.70610000,2026-02-26 23:59:59.999,10119265.63119900,107182,1916.86240000,3888343.49487300,0
2026-02-27 00:00:00,2027.68000000,2030.86000000,2008.34000000,2014.79000000,7570.59450000,2026-02-27 00:59:59.999,15291112.99299000,175211,3140.62430000,6344471.26124900,0
2026-02-27 01:00:00,2014.79000000,2022.60000000,2000.02000000,2021.90000000,28681.50960000,2026-02-27 01:59:59.999,57750806.48692000,270552,13955.30730000,28108119.78960700,0
2026-02-27 02:00:00,2021.89000000,2034.52000000,2019.37000000,2026.00000000,8985.70770000,2026-02-27 02:59:59.999,18217854.40346400,173221,5532.43580000,11217647.01892000,0
2026-02-27 03:00:00,2026.01000000,2049.48000000,2019.50000000,2045.39000000,9221.79610000,2026-02-27 03:59:59.999,18748283.81030800,139472,5404.11100000,10988456.29531100,0
2026-02-27 04:00:00,2045.39000000,2063.52000000,2039.84000000,2042.64000000,21685.06350000,2026-02-27 04:59:59.999,44516454.70654200,241523,11691.66930000,24020419.23340600,0
2026-02-27 05:00:00,2042.64000000,2049.43000000,2038.71000000,2041.61000000,7895.43300000,2026-02-27 05:59:59.999,16139584.27447100,104753,2980.49620000,6094019.80692300,0
2026-02-27 06:00:00,2041.60000000,2042.95000000,2027.53000000,2035.91000000,13142.50530000,2026-02-27 06:59:59.999,26743082.23484400,119052,3830.06270000,7797991.19930400,0
2026-02-27 07:00:00,2035.92000000,2041.43000000,2022.16000000,2032.69000000,20364.88050000,2026-02-27 07:59:59.999,41335412.18093800,126003,9326.60730000,18927353.15791000,0
2026-02-27 08:00:00,2032.69000000,2045.93000000,2028.08000000,2033.38000000,12966.00150000,2026-02-27 08:59:59.999,26395573.61306100,108154,5260.41450000,10714235.16977700,0
2026-02-27 09:00:00,2033.39000000,2042.43000000,2008.41000000,2010.01000000,15280.48440000,2026-02-27 09:59:59.999,30951190.63197100,162116,6158.28260000,12479155.27710800,0
2026-02-27 10:00:00,2010.00000000,2013.69000000,1978.39000000,1980.80000000,32169.54420000,2026-02-27 10:59:59.999,64125622.87906900,240203,14615.41430000,29127612.18608200,0
2026-02-27 11:00:00,1980.80000000,1984.12000000,1953.37000000,1962.08000000,32125.25520000,2026-02-27 11:59:59.999,63255118.60807500,231455,16235.30070000,31961625.62005300,0
2026-02-27 12:00:00,1962.08000000,1969.00000000,1949.32000000,1959.92000000,21054.26310000,2026-02-27 12:59:59.999,41247892.96017200,150684,11295.62640000,22136224.86034200,0
2026-02-27 13:00:00,1959.91000000,1967.71000000,1938.82000000,1963.35000000,29787.95540000,2026-02-27 13:59:59.999,58229085.19715200,229396,16308.69400000,31883658.14126200,0
2026-02-27 14:00:00,1963.35000000,1964.30000000,1940.03000000,1942.95000000,27171.01230000,2026-02-27 14:59:59.999,53014560.64058400,492852,14037.21960000,27388637.17415800,0
2026-02-27 15:00:00,1942.94000000,1959.24000000,1940.62000000,1948.59000000,27110.31890000,2026-02-27 15:59:59.999,52865239.68385000,436735,15225.27070000,29692768.59582100,0
2026-02-27 16:00:00,1948.59000000,1948.86000000,1924.61000000,1927.15000000,24245.91060000,2026-02-27 16:59:59.999,46921470.51043400,400296,12195.03110000,23603366.51436900,0
2026-02-27 17:00:00,1927.14000000,1934.98000000,1907.48000000,1932.35000000,22942.99840000,2026-02-27 17:59:59.999,44060242.70460500,420139,13227.57460000,25405969.99328900,0
2026-02-27 18:00:00,1932.35000000,1933.06000000,1915.81000000,1918.02000000,9761.76610000,2026-02-27 18:59:59.999,18779483.58519600,216223,5102.84790000,9817691.14863500,0
2026-02-27 19:00:00,1918.02000000,1923.46000000,1912.32000000,1921.10000000,7072.28310000,2026-02-27 19:59:59.999,13570220.66580300,144574,3854.55230000,7397520.68154400,0
2026-02-27 20:00:00,1921.11000000,1926.78000000,1920.43000000,1923.14000000,6910.18110000,2026-02-27 20:59:59.999,13291000.96910100,148350,3572.27750000,6871086.30855800,0
2026-02-27 21:00:00,1923.16000000,1933.64000000,1917.11000000,1921.26000000,9233.38020000,2026-02-27 21:59:59.999,17788515.01762900,131251,5178.59500000,9979483.13783000,0
2026-02-27 22:00:00,1921.26000000,1927.72000000,1887.00000000,1921.40000000,25905.38380000,2026-02-27 22:59:59.999,49405341.63233000,239913,11970.59530000,22845185.14343600,0
2026-02-27 23:00:00,1921.39000000,1933.55000000,1919.96000000,1929.84000000,7403.00550000,2026-02-27 23:59:59.999,14276571.49493500,111030,4188.61600000,8078178.78529200,0
2026-02-28 00:00:00,1929.84000000,1937.17000000,1924.45000000,1932.40000000,7134.03550000,2026-02-28 00:59:59.999,13778348.62724500,92751,4401.61760000,8502952.00813300,0
2026-02-28 01:00:00,1932.41000000,1936.18000000,1919.80000000,1924.61000000,6271.23260000,2026-02-28 01:59:59.999,12094143.66982100,98691,2744.75590000,5293578.15381100,0
2026-02-28 02:00:00,1924.61000000,1932.54000000,1922.64000000,1930.36000000,3152.51860000,2026-02-28 02:59:59.999,6080652.62029900,70261,1981.47870000,3822587.40419400,0
2026-02-28 03:00:00,1930.36000000,1931.27000000,1920.61000000,1924.49000000,4541.76860000,2026-02-28 03:59:59.999,8747818.97149400,68906,2007.81380000,3867838.37049900,0
2026-02-28 04:00:00,1924.49000000,1931.62000000,1914.73000000,1925.12000000,6577.65950000,2026-02-28 04:59:59.999,12652993.44989200,87670,3362.63850000,6471353.50276100,0
2026-02-28 05:00:00,1925.12000000,1928.20000000,1914.56000000,1919.94000000,5792.26430000,2026-02-28 05:59:59.999,11129464.57717200,81486,2180.52210000,4190456.33160900,0
2026-02-28 06:00:00,1919.95000000,1920.25000000,1835.36000000,1842.45000000,78375.96360000,2026-02-28 06:59:59.999,146743185.61426000,905018,34726.31860000,64942893.81301700,0
2026-02-28 07:00:00,1842.46000000,1885.00000000,1835.55000000,1866.73000000,44514.72020000,2026-02-28 07:59:59.999,83004535.35078800,529938,23404.18590000,43621856.29542700,0
2026-02-28 08:00:00,1866.73000000,1868.76000000,1848.48000000,1852.48000000,20274.76320000,2026-02-28 08:59:59.999,37666088.15778300,263534,9930.16860000,18451709.49271600,0
2026-02-28 09:00:00,1852.47000000,1863.51000000,1845.05000000,1854.98000000,15840.99530000,2026-02-28 09:59:59.999,29366136.48498900,229801,7422.64970000,13763328.26331900,0
2026-02-28 10:00:00,1854.99000000,1868.45000000,1849.15000000,1865.09000000,14486.75130000,2026-02-28 10:59:59.999,26926100.01360100,184710,7823.26800000,14543388.38689600,0
2026-02-28 11:00:00,1865.09000000,1881.00000000,1861.68000000,1863.31000000,15745.27420000,2026-02-28 11:59:59.999,29481633.37063800,195414,8126.77030000,15221150.46586700,0
2026-02-28 12:00:00,1863.32000000,1874.20000000,1862.47000000,1868.53000000,8483.75750000,2026-02-28 12:59:59.999,15848115.05855300,120149,4813.01160000,8990087.28183700,0
2026-02-28 13:00:00,1868.53000000,1910.20000000,1865.25000000,1905.58000000,30939.71000000,2026-02-28 13:59:59.999,58450777.91668600,288705,16429.91450000,31033024.35730900,0
2026-02-28 14:00:00,1905.58000000,1915.95000000,1883.20000000,1887.75000000,32925.62590000,2026-02-28 14:59:59.999,62572298.92760800,478278,15756.74420000,29960518.05655400,0
2026-02-28 15:00:00,1887.76000000,1903.91000000,1873.83000000,1898.88000000,19462.89010000,2026-02-28 15:59:59.999,36832261.21847200,297359,10991.85740000,20813448.81139500,0
2026-02-28 16:00:00,1898.87000000,1910.20000000,1891.72000000,1903.98000000,9989.03480000,2026-02-28 16:59:59.999,18987130.75031700,208600,5178.45140000,9845336.97969200,0
2026-02-28 17:00:00,1903.97000000,1911.62000000,1886.02000000,1906.91000000,15394.34560000,2026-02-28 17:59:59.999,29213791.88069800,191517,6319.90520000,11997616.64737100,0
2026-02-28 18:00:00,1906.90000000,1947.00000000,1901.27000000,1936.08000000,23930.69350000,2026-02-28 18:59:59.999,46061882.48293300,333336,12653.58820000,24344163.58354200,0
2026-02-28 19:00:00,1936.08000000,1955.04000000,1920.38000000,1947.02000000,23857.50310000,2026-02-28 19:59:59.999,46285594.24970000,353972,11660.71730000,22625434.05842300,0
2026-02-28 20:00:00,1947.03000000,1972.44000000,1938.76000000,1965.96000000,23243.33400000,2026-02-28 20:59:59.999,45526372.36537400,395556,12501.22780000,24493913.77844900,0
2026-02-28 21:00:00,1965.96000000,1967.76000000,1945.39000000,1957.69000000,17733.40680000,2026-02-28 21:59:59.999,34666866.26156000,269090,7596.51780000,14858173.17966300,0
2026-02-28 22:00:00,1957.70000000,1984.99000000,1955.75000000,1965.48000000,25696.49410000,2026-02-28 22:59:59.999,50646832.87103500,312005,14713.34510000,29014603.39830100,0
2026-02-28 23:00:00,1965.48000000,1969.97000000,1956.84000000,1964.51000000,7316.24120000,2026-02-28 23:59:59.999,14365258.34279400,129295,3250.95560000,6384110.46226700,0
2026-03-01 00:00:00,1964.51000000,1969.28000000,1954.64000000,1962.66000000,8007.17190000,2026-03-01 00:59:59.999,15707863.83317400,146204,4135.74960000,8116917.45777800,0
2026-03-01 01:00:00,1962.67000000,2023.40000000,1943.58000000,2012.36000000,40313.92550000,2026-03-01 01:59:59.999,80049389.87338800,454306,23875.13830000,47422180.76573600,0
2026-03-01 02:00:00,2012.37000000,2054.80000000,2008.61000000,2033.05000000,62449.78480000,2026-03-01 02:59:59.999,127258200.03082000,728952,28274.58630000,57615023.06015600,0
2026-03-01 03:00:00,2033.04000000,2039.25000000,2017.00000000,2023.29000000,18009.68450000,2026-03-01 03:59:59.999,36562580.30096100,235946,7728.42250000,15688987.21701200,0
2026-03-01 04:00:00,2023.29000000,2030.30000000,1998.68000000,2015.70000000,21842.99120000,2026-03-01 04:59:59.999,43965455.45252100,230043,9219.50560000,18563185.46580500,0
2026-03-01 05:00:00,2015.71000000,2022.90000000,2009.70000000,2011.24000000,8628.29860000,2026-03-01 05:59:59.999,17398185.72866900,122439,3653.88160000,7369574.74990400,0
2026-03-01 06:00:00,2011.24000000,2012.67000000,1989.00000000,1998.41000000,24589.10070000,2026-03-01 06:59:59.999,49119999.49053900,195362,11672.90620000,23316996.77855400,0
2026-03-01 07:00:00,1998.41000000,2009.63000000,1993.00000000,2007.24000000,14865.81160000,2026-03-01 07:59:59.999,29783072.08814100,133142,7325.95720000,14680542.37417200,0
2026-03-01 08:00:00,2007.23000000,2010.18000000,1981.03000000,1986.00000000,15134.29250000,2026-03-01 08:59:59.999,30216215.68687700,181154,5826.59930000,11635406.85580100,0
2026-03-01 09:00:00,1986.01000000,1996.12000000,1974.83000000,1980.69000000,16432.50290000,2026-03-01 09:59:59.999,32607699.40664000,227443,7715.66040000,15314367.33974600,0
2026-03-01 10:00:00,1980.69000000,1993.03000000,1972.24000000,1984.81000000,13791.37850000,2026-03-01 10:59:59.999,27333992.91482400,177762,6784.70740000,13449041.01523400,0
2026-03-01 11:00:00,1984.81000000,1989.48000000,1981.96000000,1983.32000000,5850.39980000,2026-03-01 11:59:59.999,11619138.09462300,89863,2853.75160000,5668562.13423400,0
2026-03-01 12:00:00,1983.32000000,1988.00000000,1976.39000000,1978.20000000,6988.71400000,2026-03-01 12:59:59.999,13850368.29519300,119075,3533.38690000,7003926.99546700,0
2026-03-01 13:00:00,1978.21000000,2024.40000000,1968.60000000,2006.58000000,30654.94600000,2026-03-01 13:59:59.999,61228316.35530000,361014,15287.60570000,30549572.28591700,0
2026-03-01 14:00:00,2006.58000000,2028.00000000,1993.37000000,2000.10000000,26685.24770000,2026-03-01 14:59:59.999,53624168.10531000,453909,12897.47190000,25934376.53350500,0
2026-03-01 15:00:00,2000.11000000,2016.23000000,1992.35000000,1993.38000000,16085.66580000,2026-03-01 15:59:59.999,32296125.62264300,227554,8599.67330000,17274654.35822600,0
2026-03-01 16:00:00,1993.38000000,2009.38000000,1960.23000000,1974.03000000,32651.44220000,2026-03-01 16:59:59.999,64762414.34283400,428752,15169.93890000,30115855.29253300,0
2026-03-01 17:00:00,1974.02000000,1975.92000000,1953.30000000,1961.17000000,18424.61090000,2026-03-01 17:59:59.999,36231078.02601000,306739,8693.13820000,17099601.95307600,0
2026-03-01 18:00:00,1961.17000000,1997.53000000,1961.03000000,1975.82000000,27496.18100000,2026-03-01 18:59:59.999,54516780.57775500,286414,14275.58290000,28298333.11317500,0
2026-03-01 19:00:00,1975.82000000,1976.37000000,1946.55000000,1953.90000000,21414.91130000,2026-03-01 19:59:59.999,41974777.51722900,212393,10760.80200000,21078529.24413800,0
2026-03-01 20:00:00,1953.89000000,1955.01000000,1907.41000000,1914.26000000,34457.23730000,2026-03-01 20:59:59.999,66289543.45211100,439950,14063.42070000,27058637.08882300,0
2026-03-01 21:00:00,1914.27000000,1932.34000000,1912.61000000,1928.98000000,15745.29400000,2026-03-01 21:59:59.999,30273494.25849700,187745,8164.16650000,15696913.53860300,0
2026-03-01 22:00:00,1928.98000000,1971.01000000,1914.69000000,1924.86000000,30768.43610000,2026-03-01 22:59:59.999,59686557.76064500,348190,14753.61090000,28610257.29807900,0
2026-03-01 23:00:00,1924.86000000,1948.15000000,1918.70000000,1939.71000000,17908.81760000,2026-03-01 23:59:59.999,34675406.57474100,321947,9281.98370000,17970458.80298100,0
2026-03-02 00:00:00,1939.71000000,1967.49000000,1937.42000000,1960.86000000,15733.73560000,2026-03-02 00:59:59.999,30705356.40128800,322837,8925.07750000,17417560.41071000,0
2026-03-02 01:00:00,1960.87000000,1989.23000000,1959.64000000,1963.71000000,20874.03170000,2026-03-02 01:59:59.999,41205602.85350900,391886,10407.96710000,20543023.77121400,0
2026-03-02 02:00:00,1963.71000000,1966.16000000,1939.79000000,1955.63000000,17187.53170000,2026-03-02 02:59:59.999,33534911.31819100,284081,7166.40890000,13985730.91525400,0
2026-03-02 03:00:00,1955.63000000,1979.82000000,1948.35000000,1972.30000000,15261.33390000,2026-03-02 03:59:59.999,30068514.38017000,257232,9023.04210000,17780191.11577400,0
2026-03-02 04:00:00,1972.30000000,1980.32000000,1968.31000000,1972.94000000,9531.03250000,2026-03-02 04:59:59.999,18803627.14870800,146644,4700.33830000,9273259.67098300,0
2026-03-02 05:00:00,1972.94000000,1983.60000000,1961.61000000,1970.84000000,11376.13410000,2026-03-02 05:59:59.999,22431990.02420500,162836,4633.90680000,9143548.29814500,0
2026-03-02 06:00:00,1970.90000000,1971.20000000,1937.55000000,1943.31000000,19103.70640000,2026-03-02 06:59:59.999,37291612.24149600,292631,7304.27960000,14256037.96109300,0
2026-03-02 07:00:00,1943.31000000,1944.99000000,1925.53000000,1941.66000000,18656.50570000,2026-03-02 07:59:59.999,36114813.14379800,267692,9335.12970000,18077791.67388700,0
2026-03-02 08:00:00,1941.65000000,1951.14000000,1920.00000000,1949.34000000,20244.51960000,2026-03-02 08:59:59.999,39186518.75260000,312485,10066.52200000,19495638.85620100,0
2026-03-02 09:00:00,1949.33000000,1967.13000000,1946.85000000,1947.79000000,21443.54990000,2026-03-02 09:59:59.999,41949107.06585600,288398,9358.24080000,18312277.59294100,0
2026-03-02 10:00:00,1947.78000000,1956.18000000,1944.00000000,1952.25000000,7114.24230000,2026-03-02 10:59:59.999,13874466.07676900,211063,3874.25490000,7556549.41417800,0
2026-03-02 11:00:00,1952.24000000,1954.81000000,1935.54000000,1947.81000000,13102.96980000,2026-03-02 11:59:59.999,25482119.84911500,236285,6782.08460000,13193390.16668200,0
2026-03-02 12:00:00,1947.80000000,1948.98000000,1930.40000000,1938.12000000,8789.87690000,2026-03-02 12:59:59.999,17048330.84988300,200836,4437.03600000,8606714.14759100,0
2026-03-02 13:00:00,1938.11000000,1944.50000000,1922.55000000,1927.71000000,15816.27830000,2026-03-02 13:59:59.999,30567171.95590800,359760,7216.51300000,13949068.45307100,0
2026-03-02 14:00:00,1927.71000000,1985.48000000,1921.70000000,1979.75000000,58183.59230000,2026-03-02 14:59:59.999,113652596.46083000,908743,31731.66500000,61998941.04219500,0
2026-03-02 15:00:00,1979.75000000,2065.48000000,1974.36000000,2047.33000000,99017.37400000,2026-03-02 15:59:59.999,201084110.59435100,1301024,58836.37480000,119487441.34908200,0
2026-03-02 16:00:00,2047.33000000,2090.00000000,2043.36000000,2064.33000000,60174.24890000,2026-03-02 16:59:59.999,124197131.07535500,933193,30715.68030000,63394285.79880500,0
2026-03-02 17:00:00,2064.33000000,2066.00000000,2025.58000000,2041.01000000,27258.71700000,2026-03-02 17:59:59.999,55786833.91317100,542343,11224.80060000,22962895.26533800,0
2026-03-02 18:00:00,2041.01000000,2041.12000000,2024.24000000,2029.40000000,16184.37550000,2026-03-02 18:59:59.999,32896090.06456400,387119,7647.95520000,15546249.79728500,0
2026-03-02 19:00:00,2029.40000000,2049.39000000,2017.15000000,2043.57000000,18799.57120000,2026-03-02 19:59:59.999,38239559.58906800,329986,9701.46960000,19739269.33196700,0
2026-03-02 20:00:00,2043.56000000,2057.70000000,2024.98000000,2035.50000000,20820.40380000,2026-03-02 20:59:59.999,42495993.46425300,475911,10253.55230000,20936130.02742800,0
2026-03-02 21:00:00,2035.50000000,2047.87000000,2029.35000000,2043.01000000,13737.18200000,2026-03-02 21:59:59.999,28007283.58763200,236095,6175.65900000,12590984.55864100,0
2026-03-02 22:00:00,2043.01000000,2058.59000000,2041.41000000,2053.82000000,11782.13160000,2026-03-02 22:59:59.999,24157018.32820300,200429,6253.30940000,12821088.32173900,0
2026-03-02 23:00:00,2053.82000000,2055.75000000,2024.32000000,2027.35000000,37213.33020000,2026-03-02 23:59:59.999,75646795.35497000,294276,23427.98190000,47590667.03105100,0
2026-03-03 00:00:00,2027.34000000,2038.94000000,2018.76000000,2035.46000000,28632.00740000,2026-03-03 00:59:59.999,58163623.06469100,299503,17423.28900000,35409279.78850100,0
2026-03-03 01:00:00,2035.46000000,2041.48000000,2019.53000000,2020.01000000,12962.58330000,2026-03-03 01:59:59.999,26335132.60006800,308215,5651.25670000,11485322.77205900,0
2026-03-03 02:00:00,2020.01000000,2022.89000000,1998.00000000,2013.67000000,21831.76570000,2026-03-03 02:59:59.999,43897215.87866700,418995,9414.67250000,18939036.51838100,0
2026-03-03 03:00:00,2013.68000000,2015.88000000,2005.33000000,2008.88000000,8961.61120000,2026-03-03 03:59:59.999,18011737.57038900,184606,3818.00010000,7674614.31547100,0
2026-03-03 04:00:00,2008.88000000,2013.66000000,1998.49000000,1999.82000000,10046.01290000,2026-03-03 04:59:59.999,20144014.67447600,190626,4325.61420000,8674389.75916100,0
2026-03-03 05:00:00,1999.81000000,2019.40000000,1987.50000000,1993.36000000,23376.12150000,2026-03-03 05:59:59.999,46717651.34415600,326575,13022.96900000,26028559.87993600,0
2026-03-03 06:00:00,1993.35000000,2001.86000000,1987.82000000,1999.27000000,9807.21080000,2026-03-03 06:59:59.999,19557627.79919600,223242,4825.95880000,9624681.99744200,0
2026-03-03 07:00:00,1999.28000000,2003.49000000,1993.43000000,1996.33000000,11518.46820000,2026-03-03 07:59:59.999,23014812.95411200,185062,5882.16680000,11753894.33461700,0
2026-03-03 08:00:00,1996.32000000,2000.53000000,1947.93000000,1953.10000000,36423.87030000,2026-03-03 08:59:59.999,71785895.59715600,402047,15527.45980000,30602703.49464800,0
2026-03-03 09:00:00,1953.10000000,1968.89000000,1939.10000000,1951.58000000,29942.95890000,2026-03-03 09:59:59.999,58495257.86007000,351252,15295.13280000,29903436.45335600,0
2026-03-03 10:00:00,1951.57000000,1964.08000000,1945.24000000,1958.05000000,14868.48660000,2026-03-03 10:59:59.999,29051707.21142500,224712,7895.77400000,15431030.93938700,0
2026-03-03 11:00:00,1958.05000000,1966.97000000,1952.11000000,1961.28000000,13420.82230000,2026-03-03 11:59:59.999,26305382.06192600,205163,7666.69480000,15029411.94995300,0
2026-03-03 12:00:00,1961.28000000,1990.07000000,1960.85000000,1967.57000000,23995.65030000,2026-03-03 12:59:59.999,47334301.38692200,366790,12366.24890000,24401856.50763000,0
2026-03-03 13:00:00,1967.58000000,1968.77000000,1943.73000000,1952.14000000,20300.89270000,2026-03-03 13:59:59.999,39660092.92838300,349912,10114.66780000,19756869.99613600,0
2026-03-03 14:00:00,1952.13000000,1977.31000000,1929.56000000,1942.78000000,56182.46040000,2026-03-03 14:59:59.999,109647446.90305000,833652,28251.36850000,55148644.71623300,0
2026-03-03 15:00:00,1942.78000000,1972.71000000,1932.04000000,1969.22000000,38417.98790000,2026-03-03 15:59:59.999,75026142.39344900,799021,20819.44870000,40662669.87197700,0
2026-03-03 16:00:00,1969.21000000,2014.12000000,1958.76000000,1983.98000000,54907.20080000,2026-03-03 16:59:59.999,109054561.30757200,905714,29035.46160000,57683640.48825800,0
2026-03-03 17:00:00,1983.98000000,1985.60000000,1959.38000000,1980.60000000,20094.39380000,2026-03-03 17:59:59.999,39631790.96798700,435936,9609.78570000,18956536.12209300,0
2026-03-03 18:00:00,1980.59000000,2000.32000000,1969.70000000,1988.20000000,17019.05890000,2026-03-03 18:59:59.999,33829068.56566200,304776,8180.36360000,16261560.59456700,0
2026-03-03 19:00:00,1988.21000000,1994.37000000,1976.97000000,1986.02000000,20447.23980000,2026-03-03 19:59:59.999,40619982.20756200,311005,7781.91590000,15465348.08692100,0
2026-03-03 20:00:00,1986.03000000,1989.80000000,1969.83000000,1978.34000000,9339.97930000,2026-03-03 20:59:59.999,18499791.48972400,238998,4084.26730000,8090927.41337100,0
2026-03-03 21:00:00,1978.34000000,1978.40000000,1959.35000000,1968.46000000,8093.79010000,2026-03-03 21:59:59.999,15912589.03530200,147275,3565.33270000,7009587.28841500,0
2026-03-03 22:00:00,1968.46000000,1988.20000000,1968.25000000,1983.31000000,7331.05260000,2026-03-03 22:59:59.999,14522728.86762700,149019,4160.55740000,8241200.28504500,0
2026-03-03 23:00:00,1983.30000000,2001.63000000,1981.25000000,1982.80000000,11408.22770000,2026-03-03 23:59:59.999,22704792.43712200,149259,5532.92430000,11015831.32916400,0
2026-03-04 00:00:00,1982.81000000,1986.79000000,1961.88000000,1976.68000000,13652.34610000,2026-03-04 00:59:59.999,26974346.28846400,217964,5251.92060000,10374936.68753600,0
2026-03-04 01:00:00,1976.69000000,1998.66000000,1970.18000000,1981.73000000,15208.22400000,2026-03-04 01:59:59.999,30163127.04048000,321208,7018.29000000,13928812.59130100,0
2026-03-04 02:00:00,1981.72000000,1982.79000000,1969.10000000,1979.24000000,9101.05680000,2026-03-04 02:59:59.999,17985073.09483000,234510,3761.95680000,7434562.39927400,0
2026-03-04 03:00:00,1979.23000000,1980.18000000,1945.08000000,1960.90000000,24378.10160000,2026-03-04 03:59:59.999,47760360.64154800,375317,10231.81990000,20045464.49511900,0
2026-03-04 04:00:00,1960.89000000,1964.65000000,1950.65000000,1960.25000000,10698.77880000,2026-03-04 04:59:59.999,20941949.03664400,235028,5111.23330000,10006414.49067400,0
2026-03-04 05:00:00,1960.26000000,1977.84000000,1955.79000000,1971.14000000,10275.53100000,2026-03-04 05:59:59.999,20209596.07308500,219062,5657.37310000,11131871.50006300,0
2026-03-04 06:00:00,1971.14000000,1986.49000000,1963.33000000,1980.33000000,12984.28220000,2026-03-04 06:59:59.999,25646408.71640700,217059,7404.56140000,14629276.28403800,0
2026-03-04 07:00:00,1980.34000000,2010.00000000,1974.64000000,2006.55000000,18528.99390000,2026-03-04 07:59:59.999,36945095.91818800,256549,9895.02650000,19736028.04845000,0
2026-03-04 08:00:00,2006.55000000,2066.66000000,2000.47000000,2063.71000000,60466.90330000,2026-03-04 08:59:59.999,122867464.17961000,591736,33945.89290000,68992150.49587600,0
2026-03-04 09:00:00,2063.71000000,2089.55000000,2055.18000000,2075.23000000,59530.17230000,2026-03-04 09:59:59.999,123505788.65428800,658625,28912.03240000,60005804.57072800,0
2026-03-04 10:00:00,2075.24000000,2092.90000000,2067.36000000,2072.34000000,35518.58510000,2026-03-04 10:59:59.999,73828166.51987600,435050,14628.82980000,30432760.71934500,0
2026-03-04 11:00:00,2072.33000000,2078.22000000,2046.77000000,2054.97000000,31815.41160000,2026-03-04 11:59:59.999,65633981.38647500,316703,14236.84880000,29371013.31807300,0
2026-03-04 12:00:00,2054.97000000,2059.29000000,2036.37000000,2054.33000000,34637.63360000,2026-03-04 12:59:59.999,70861351.94636800,351334,19874.28120000,40642289.06781000,0
2026-03-04 13:00:00,2054.34000000,2068.53000000,2052.79000000,2064.49000000,14580.99580000,2026-03-04 13:59:59.999,30057939.06259300,333442,7421.73880000,15300942.30537500,0
2026-03-04 14:00:00,2064.48000000,2110.00000000,2062.82000000,2080.00000000,64561.64280000,2026-03-04 14:59:59.999,134466952.30076400,861639,36126.67490000,75245193.11062900,0
2026-03-04 15:00:00,2079.99000000,2157.67000000,2079.09000000,2150.23000000,89214.30860000,2026-03-04 15:59:59.999,189414293.69358600,955993,48287.15840000,102523780.39795000,0
2026-03-04 16:00:00,2150.23000000,2165.75000000,2129.13000000,2142.39000000,58873.99250000,2026-03-04 16:59:59.999,126320664.68745500,692129,30460.79650000,65364186.96713100,0
2026-03-04 17:00:00,2142.39000000,2156.83000000,2130.17000000,2146.07000000,43422.74300000,2026-03-04 17:59:59.999,93093462.63933300,476500,21240.96350000,45555812.89684700,0
2026-03-04 18:00:00,2146.07000000,2164.38000000,2138.13000000,2163.18000000,20006.59600000,2026-03-04 18:59:59.999,43032116.48544300,325457,9518.59870000,20475992.47077800,0
2026-03-04 19:00:00,2163.18000000,2199.00000000,2161.01000000,2177.51000000,49507.37990000,2026-03-04 19:59:59.999,107957313.19022800,515834,25673.02610000,55978629.19964200,0
2026-03-04 20:00:00,2177.51000000,2179.66000000,2149.31000000,2150.13000000,18222.58480000,2026-03-04 20:59:59.999,39485577.11149300,318410,6938.45730000,15040677.84098500,0
2026-03-04 21:00:00,2150.13000000,2155.77000000,2142.25000000,2149.86000000,11687.01100000,2026-03-04 21:59:59.999,25112967.22881900,205618,5444.51480000,11700665.60473100,0
2026-03-04 22:00:00,2149.85000000,2164.16000000,2127.42000000,2132.11000000,15161.26180000,2026-03-04 22:59:59.999,32529096.05371700,216406,6126.73010000,13152622.22065100,0
2026-03-04 23:00:00,2132.11000000,2136.84000000,2116.67000000,2127.28000000,15610.27870000,2026-03-04 23:59:59.999,33197962.05436200,195750,5003.13010000,10643736.43276600,0
2026-03-05 00:00:00,2127.28000000,2135.36000000,2121.50000000,2128.13000000,14409.84720000,2026-03-05 00:59:59.999,30675788.96196300,234078,5710.00540000,12155972.23151800,0
2026-03-05 01:00:00,2128.14000000,2141.93000000,2107.57000000,2113.73000000,18721.18040000,2026-03-05 01:59:59.999,39752440.35697300,311682,6499.73760000,13803454.91453800,0
2026-03-05 02:00:00,2113.72000000,2134.09000000,2112.82000000,2121.85000000,12365.03210000,2026-03-05 02:59:59.999,26254928.83039900,208319,6141.90230000,13045601.58126600,0
2026-03-05 03:00:00,2121.85000000,2126.07000000,2107.50000000,2120.15000000,8560.34350000,2026-03-05 03:59:59.999,18117487.56916900,166012,4033.66660000,8537833.13983800,0
2026-03-05 04:00:00,2120.15000000,2144.20000000,2118.59000000,2137.36000000,15809.58770000,2026-03-05 04:59:59.999,33708572.43340500,211459,9179.65480000,19574438.74939600,0
2026-03-05 05:00:00,2137.35000000,2139.32000000,2114.03000000,2119.65000000,11146.25930000,2026-03-05 05:59:59.999,23653467.18371100,159242,3799.68930000,8068015.54871100,0
2026-03-05 06:00:00,2119.66000000,2130.92000000,2110.15000000,2128.23000000,8734.21920000,2026-03-05 06:59:59.999,18520032.19158900,200736,4368.73680000,9265623.60728200,0
2026-03-05 07:00:00,2128.22000000,2132.53000000,2095.71000000,2104.96000000,18349.14640000,2026-03-05 07:59:59.999,38749106.65072400,203158,8332.37780000,17602711.67465400,0
2026-03-05 08:00:00,2104.96000000,2118.82000000,2093.63000000,2117.64000000,17772.73030000,2026-03-05 08:59:59.999,37389574.32104500,264113,9453.07900000,19894154.63996100,0
2026-03-05 09:00:00,2117.64000000,2137.71000000,2116.54000000,2125.45000000,17983.02380000,2026-03-05 09:59:59.999,38261904.61410400,307069,9745.19910000,20734269.57000000,0
2026-03-05 10:00:00,2125.45000000,2163.66000000,2119.99000000,2156.15000000,21391.52760000,2026-03-05 10:59:59.999,45909449.60212100,349801,12863.36240000,27606253.72430700,0
2026-03-05 11:00:00,2156.14000000,2159.31000000,2133.50000000,2137.92000000,13375.45360000,2026-03-05 11:59:59.999,28698227.60459800,256916,5910.51540000,12683687.05850700,0
2026-03-05 12:00:00,2137.92000000,2142.95000000,2123.58000000,2138.25000000,15735.62770000,2026-03-05 12:59:59.999,33566045.53753100,288260,8460.52260000,18046069.51180700,0
2026-03-05 13:00:00,2138.25000000,2139.72000000,2109.18000000,2117.60000000,19573.75570000,2026-03-05 13:59:59.999,41522067.38467900,353769,9009.86210000,19112485.07810000,0
2026-03-05 14:00:00,2117.60000000,2131.65000000,2096.73000000,2119.17000000,30762.78290000,2026-03-05 14:59:59.999,64994841.13064200,627559,15562.53130000,32888409.39766800,0
2026-03-05 15:00:00,2119.18000000,2121.93000000,2067.54000000,2086.96000000,58446.59120000,2026-03-05 15:59:59.999,121837927.79409500,733477,23472.61280000,48937200.25472800,0
2026-03-05 16:00:00,2086.95000000,2087.42000000,2056.70000000,2080.17000000,28768.13940000,2026-03-05 16:59:59.999,59607703.80474300,462500,13552.86590000,28089971.38978600,0
2026-03-05 17:00:00,2080.17000000,2093.70000000,2054.75000000,2059.88000000,25380.21890000,2026-03-05 17:59:59.999,52544303.76096200,406968,12396.24250000,25672606.13759600,0
2026-03-05 18:00:00,2059.88000000,2078.38000000,2056.99000000,2076.59000000,12902.86480000,2026-03-05 18:59:59.999,26690740.68039800,250553,7695.33880000,15921802.35516000,0
2026-03-05 19:00:00,2076.60000000,2093.69000000,2072.38000000,2074.36000000,22325.85760000,2026-03-05 19:59:59.999,46485751.54813400,229965,9507.36210000,19796439.85245300,0
2026-03-05 20:00:00,2074.37000000,2098.67000000,2070.09000000,2092.43000000,15608.86190000,2026-03-05 20:59:59.999,32577907.32532200,239920,9362.50060000,19544143.04852700,0
2026-03-05 21:00:00,2092.42000000,2099.36000000,2075.77000000,2080.60000000,11396.44010000,2026-03-05 21:59:59.999,23794464.70421100,131516,5175.23790000,10809173.57860400,0
2026-03-05 22:00:00,2080.61000000,2085.00000000,2077.60000000,2080.11000000,4816.13850000,2026-03-05 22:59:59.999,10024041.11718300,71856,2390.87840000,4976275.18221700,0
2026-03-05 23:00:00,2080.11000000,2084.45000000,2069.72000000,2072.86000000,7822.18280000,2026-03-05 23:59:59.999,16242077.88122200,84637,2829.61430000,5876056.12090300,0
2026-03-06 00:00:00,2072.86000000,2080.39000000,2067.70000000,2075.02000000,9180.21010000,2026-03-06 00:59:59.999,19042752.85079100,130527,4115.60990000,8538696.14074400,0
2026-03-06 01:00:00,2075.03000000,2091.38000000,2061.79000000,2087.65000000,13630.64140000,2026-03-06 01:59:59.999,28313224.34395300,253824,6390.28250000,13276857.14946300,0
2026-03-06 02:00:00,2087.66000000,2093.33000000,2080.66000000,2083.89000000,7620.40220000,2026-03-06 02:59:59.999,15897797.07357700,210939,3579.04810000,7467382.01510600,0
2026-03-06 03:00:00,2083.89000000,2088.75000000,2075.28000000,2083.80000000,8645.16300000,2026-03-06 03:59:59.999,18007900.94860700,165344,4142.06240000,8629306.97812900,0
2026-03-06 04:00:00,2083.81000000,2085.88000000,2058.84000000,2070.86000000,14588.39210000,2026-03-06 04:59:59.999,30253166.25920300,194485,6228.80120000,12916875.81681600,0
2026-03-06 05:00:00,2070.87000000,2074.19000000,2059.36000000,2068.94000000,10611.93870000,2026-03-06 05:59:59.999,21925689.80304000,168894,5058.71230000,10454390.60019000,0
2026-03-06 06:00:00,2068.93000000,2080.53000000,2063.58000000,2074.03000000,7652.87440000,2026-03-06 06:59:59.999,15847861.46918800,107691,4164.37160000,8624047.58174000,0
2026-03-06 07:00:00,2074.04000000,2087.66000000,2068.79000000,2082.83000000,12517.34720000,2026-03-06 07:59:59.999,26050083.89635500,111641,6869.99900000,14298901.14926000,0
2026-03-06 08:00:00,2082.83000000,2082.83000000,2074.33000000,2075.96000000,7247.94810000,2026-03-06 08:59:59.999,15069036.38610500,127295,3642.66160000,7574015.59843200,0
2026-03-06 09:00:00,2075.96000000,2077.50000000,2045.79000000,2060.00000000,21572.25670000,2026-03-06 09:59:59.999,44382670.40721500,233664,9025.74870000,18565793.55331700,0
2026-03-06 10:00:00,2060.00000000,2069.43000000,2058.72000000,2063.40000000,8988.18360000,2026-03-06 10:59:59.999,18555696.55896100,122563,4930.54360000,10179363.89793200,0
2026-03-06 11:00:00,2063.41000000,2067.34000000,2049.85000000,2051.03000000,12852.71390000,2026-03-06 11:59:59.999,26463541.83300100,132116,5628.79180000,11588502.38588000,0
2026-03-06 12:00:00,2051.03000000,2055.00000000,2037.22000000,2048.52000000,19883.33800000,2026-03-06 12:59:59.999,40672304.50227800,245020,8358.68510000,17100911.17719900,0
2026-03-06 13:00:00,2048.52000000,2062.12000000,2019.35000000,2019.88000000,37363.79860000,2026-03-06 13:59:59.999,76280907.23547100,416364,17428.19810000,35594384.82374800,0
2026-03-06 14:00:00,2019.89000000,2024.35000000,1972.00000000,1981.55000000,77975.80630000,2026-03-06 14:59:59.999,155804535.71004500,862373,33700.05040000,67320015.40266800,0
2026-03-06 15:00:00,1981.55000000,1998.00000000,1966.24000000,1978.01000000,36805.79970000,2026-03-06 15:59:59.999,73023423.26141900,525171,19889.62490000,39469793.93695400,0
2026-03-06 16:00:00,1978.00000000,1984.97000000,1966.27000000,1971.29000000,26399.63060000,2026-03-06 16:59:59.999,52079503.37825300,373478,16092.91430000,31742294.10744100,0
2026-03-06 17:00:00,1971.28000000,1982.13000000,1955.95000000,1966.76000000,23860.43670000,2026-03-06 17:59:59.999,46919892.68524300,339040,10719.72070000,21081340.92352000,0
2026-03-06 18:00:00,1966.76000000,1983.46000000,1966.61000000,1974.62000000,15172.60680000,2026-03-06 18:59:59.999,30004974.35107600,253026,8728.32240000,17261472.28128900,0
2026-03-06 19:00:00,1974.62000000,1993.30000000,1974.62000000,1983.75000000,9611.94320000,2026-03-06 19:59:59.999,19076551.04509800,182070,5551.73410000,11018157.75280800,0
2026-03-06 20:00:00,1983.75000000,1988.69000000,1969.26000000,1978.63000000,14596.46690000,2026-03-06 20:59:59.999,28868428.12894100,216662,6276.82210000,12415120.55747600,0
2026-03-06 21:00:00,1978.64000000,1984.64000000,1971.51000000,1983.77000000,4970.52420000,2026-03-06 21:59:59.999,9833221.26596000,85910,2526.76950000,4999968.31615500,0
2026-03-06 22:00:00,1983.76000000,1989.91000000,1981.58000000,1987.22000000,4312.47840000,2026-03-06 22:59:59.999,8560660.22984200,75513,2353.89890000,4672527.59510400,0
2026-03-06 23:00:00,1987.23000000,1987.75000000,1977.03000000,1978.68000000,5536.85610000,2026-03-06 23:59:59.999,10983245.00775100,67814,2200.57030000,4364967.32984700,0
2026-03-07 00:00:00,1978.68000000,1983.27000000,1976.97000000,1981.45000000,3668.85350000,2026-03-07 00:59:59.999,7265599.75805000,57252,1988.35960000,3937551.76042100,0
2026-03-07 01:00:00,1981.45000000,1983.70000000,1976.25000000,1980.68000000,7091.56190000,2026-03-07 01:59:59.999,14039855.58014000,65010,3622.06070000,7171194.42939500,0
2026-03-07 02:00:00,1980.67000000,1984.63000000,1971.79000000,1983.52000000,7690.46140000,2026-03-07 02:59:59.999,15203527.77930900,65279,4210.45080000,8323381.41656400,0
2026-03-07 03:00:00,1983.53000000,1996.04000000,1979.83000000,1980.21000000,9533.45240000,2026-03-07 03:59:59.999,18946344.03771300,100579,5082.09310000,10101877.48917800,0
2026-03-07 04:00:00,1980.22000000,1980.22000000,1964.34000000,1975.35000000,9092.37200000,2026-03-07 04:59:59.999,17927484.43125800,94027,4407.88470000,8691497.44715900,0
2026-03-07 05:00:00,1975.35000000,1979.87000000,1972.46000000,1979.01000000,6131.98380000,2026-03-07 05:59:59.999,12121803.88246400,56733,2616.54820000,5172410.13489900,0
2026-03-07 06:00:00,1979.01000000,1979.01000000,1968.81000000,1971.76000000,9083.15260000,2026-03-07 06:59:59.999,17933158.47654700,72401,5086.09610000,10036827.71576600,0
2026-03-07 07:00:00,1971.77000000,1984.19000000,1967.07000000,1982.94000000,16455.66790000,2026-03-07 07:59:59.999,32503867.68410000,109934,6774.28960000,13371751.71515500,0
2026-03-07 08:00:00,1982.94000000,1987.62000000,1975.50000000,1978.03000000,9725.33450000,2026-03-07 08:59:59.999,19290025.23584200,73430,5483.97930000,10880499.18907100,0
2026-03-07 09:00:00,1978.02000000,1989.42000000,1975.38000000,1986.35000000,9442.47620000,2026-03-07 09:59:59.999,18736922.11577900,76810,3657.84460000,7258501.65572700,0
2026-03-07 10:00:00,1986.35000000,1988.68000000,1983.32000000,1984.36000000,4111.34100000,2026-03-07 10:59:59.999,8164579.70374900,60082,2236.17270000,4440892.67105100,0
2026-03-07 11:00:00,1984.36000000,1994.98000000,1982.19000000,1988.91000000,6240.14040000,2026-03-07 11:59:59.999,12415012.48980900,80073,3873.80900000,7707075.23081900,0
2026-03-07 12:00:00,1988.92000000,1990.95000000,1979.84000000,1982.51000000,4069.82130000,2026-03-07 12:59:59.999,8079918.84687200,59256,1990.28080000,3952276.55402500,0
2026-03-07 13:00:00,1982.51000000,1984.19000000,1977.64000000,1981.83000000,9076.37950000,2026-03-07 13:59:59.999,17985842.47425000,80900,3407.39520000,6752015.75027700,0
2026-03-07 14:00:00,1981.83000000,1990.25000000,1970.47000000,1987.00000000,9828.66700000,2026-03-07 14:59:59.999,19466047.63598200,140816,5533.58220000,10965444.49750000,0
2026-03-07 15:00:00,1987.01000000,1987.41000000,1976.22000000,1981.04000000,6476.32980000,2026-03-07 15:59:59.999,12840601.88210000,114049,2917.07080000,5784060.58764000,0
2026-03-07 16:00:00,1981.03000000,1981.03000000,1974.48000000,1977.26000000,5663.86000000,2026-03-07 16:59:59.999,11199194.55639800,82094,2997.12860000,5926386.77994100,0
2026-03-07 17:00:00,1977.26000000,1983.47000000,1976.19000000,1977.59000000,3883.32340000,2026-03-07 17:59:59.999,7689996.97835800,51689,2058.85630000,4076999.30914400,0
2026-03-07 18:00:00,1977.59000000,1977.59000000,1965.78000000,1971.23000000,7635.95970000,2026-03-07 18:59:59.999,15051350.02420200,96861,3476.36100000,6851707.22474200,0
2026-03-07 19:00:00,1971.22000000,1971.23000000,1948.09000000,1955.20000000,17780.51080000,2026-03-07 19:59:59.999,34817592.64459700,176954,6412.17400000,12556927.21139500,0
2026-03-07 20:00:00,1955.20000000,1968.78000000,1954.89000000,1966.42000000,5668.14030000,2026-03-07 20:59:59.999,11131650.52379700,97671,2922.95110000,5740656.58525500,0
2026-03-07 21:00:00,1966.42000000,1971.73000000,1963.97000000,1970.63000000,3666.46060000,2026-03-07 21:59:59.999,7215072.74980000,75361,2022.96970000,3980927.10079700,0
2026-03-07 22:00:00,1970.62000000,1971.03000000,1958.36000000,1966.46000000,4432.00220000,2026-03-07 22:59:59.999,8715835.05903700,81656,2116.46430000,4161962.43871200,0
2026-03-07 23:00:00,1966.47000000,1974.27000000,1965.49000000,1969.59000000,8011.56780000,2026-03-07 23:59:59.999,15787950.23756700,60626,4375.57080000,8624235.60848100,0
2026-03-08 00:00:00,1969.60000000,1977.35000000,1966.66000000,1968.91000000,6916.06100000,2026-03-08 00:59:59.999,13633078.85119900,66265,4422.19460000,8717458.22813700,0
2026-03-08 01:00:00,1968.92000000,1971.90000000,1963.51000000,1968.95000000,4903.02320000,2026-03-08 01:59:59.999,9651950.83568300,70811,2338.42880000,4603565.04631000,0
2026-03-08 02:00:00,1968.94000000,1969.98000000,1935.73000000,1942.34000000,30383.26880000,2026-03-08 02:59:59.999,59163565.19319000,187536,9677.89330000,18854594.47295100,0
2026-03-08 03:00:00,1942.34000000,1951.74000000,1941.54000000,1947.67000000,10074.52130000,2026-03-08 03:59:59.999,19619617.34520700,114687,5352.03160000,10425229.15341700,0
2026-03-08 04:00:00,1947.67000000,1953.37000000,1930.00000000,1938.40000000,34723.49010000,2026-03-08 04:59:59.999,67461965.01075300,141114,9988.07960000,19405485.38765000,0
2026-03-08 05:00:00,1938.40000000,1952.54000000,1938.00000000,1949.00000000,5846.95490000,2026-03-08 05:59:59.999,11382360.99598300,99079,3783.50310000,7364793.83132100,0
2026-03-08 06:00:00,1949.00000000,1952.33000000,1943.05000000,1948.05000000,5507.11030000,2026-03-08 06:59:59.999,10723429.89126400,68569,3299.02940000,6423744.41099200,0
2026-03-08 07:00:00,1948.05000000,1960.41000000,1947.19000000,1955.23000000,7266.61620000,2026-03-08 07:59:59.999,14208612.29883400,90879,4214.35730000,8240818.72402400,0
2026-03-08 08:00:00,1955.22000000,1960.59000000,1949.10000000,1959.73000000,5926.36350000,2026-03-08 08:59:59.999,11588272.57595500,69329,3112.07030000,6087869.54088400,0
2026-03-08 09:00:00,1959.73000000,1970.10000000,1956.77000000,1963.54000000,10306.86010000,2026-03-08 09:59:59.999,20253063.58957700,100355,6684.74930000,13135355.16342700,0
2026-03-08 10:00:00,1963.54000000,1979.80000000,1963.36000000,1974.18000000,41737.96950000,2026-03-08 10:59:59.999,82236001.49426100,117720,34479.09860000,67916880.53554000,0
2026-03-08 11:00:00,1974.17000000,1974.32000000,1944.85000000,1951.38000000,12980.45620000,2026-03-08 11:59:59.999,25376892.00149000,148469,5470.77160000,10693895.49171400,0
2026-03-08 12:00:00,1951.39000000,1954.67000000,1926.13000000,1946.29000000,43903.35690000,2026-03-08 12:59:59.999,85060920.66575500,247562,12741.63620000,24698393.01240900,0
2026-03-08 13:00:00,1946.28000000,1948.18000000,1925.06000000,1944.29000000,24068.54600000,2026-03-08 13:59:59.999,46619375.32919500,361353,11356.98800000,22007015.76695800,0
2026-03-08 14:00:00,1944.29000000,1950.58000000,1937.66000000,1945.52000000,8687.26840000,2026-03-08 14:59:59.999,16895885.89803900,230990,5187.99650000,10091855.22147000,0
2026-03-08 15:00:00,1945.52000000,1947.83000000,1937.50000000,1943.32000000,7003.06930000,2026-03-08 15:59:59.999,13604064.88211900,177418,3564.64180000,6924291.15830400,0
2026-03-08 16:00:00,1943.32000000,1944.97000000,1934.34000000,1936.87000000,5289.18200000,2026-03-08 16:59:59.999,10255596.02323300,116289,2844.05360000,5514836.78433600,0
2026-03-08 17:00:00,1936.87000000,1946.65000000,1933.10000000,1935.77000000,5606.91740000,2026-03-08 17:59:59.999,10871456.22268300,120520,2949.52970000,5720216.49294900,0
2026-03-08 18:00:00,1935.78000000,1937.04000000,1928.08000000,1930.27000000,12761.01180000,2026-03-08 18:59:59.999,24645292.20011600,129692,3484.35620000,6732847.00580800,0
2026-03-08 19:00:00,1930.28000000,1970.58000000,1928.24000000,1964.91000000,24494.58200000,2026-03-08 19:59:59.999,47914577.83567100,264717,16611.26040000,32486275.64215800,0
2026-03-08 20:00:00,1964.91000000,1971.95000000,1953.81000000,1958.86000000,7830.78860000,2026-03-08 20:59:59.999,15354447.27854100,153127,3727.25600000,7312060.84325500,0
2026-03-08 21:00:00,1958.87000000,1962.24000000,1944.53000000,1953.95000000,6632.18370000,2026-03-08 21:59:59.999,12945563.32010400,135655,2881.75630000,5625506.63331700,0
2026-03-08 22:00:00,1953.94000000,1953.94000000,1916.14000000,1943.20000000,58211.17080000,2026-03-08 22:59:59.999,112263743.93684700,585590,26855.76250000,51826588.03655100,0
2026-03-08 23:00:00,1943.20000000,1955.20000000,1935.58000000,1937.10000000,10128.95970000,2026-03-08 23:59:59.999,19705787.56868300,246859,5702.45450000,11095999.37842400,0
2026-03-09 00:00:00,1937.11000000,1966.14000000,1929.65000000,1950.99000000,17896.34220000,2026-03-09 00:59:59.999,34881078.29472900,335734,9796.91460000,19097603.19289100,0
2026-03-09 01:00:00,1950.99000000,1963.20000000,1942.72000000,1946.00000000,14979.52430000,2026-03-09 01:59:59.999,29255021.47006100,311043,7595.97840000,14839205.41584000,0
2026-03-09 02:00:00,1946.00000000,1963.20000000,1938.33000000,1959.66000000,12927.83190000,2026-03-09 02:59:59.999,25239927.75160700,271595,6926.67670000,13525571.06160200,0
2026-03-09 03:00:00,1959.66000000,2006.01000000,1959.08000000,1977.48000000,58780.55100000,2026-03-09 03:59:59.999,116886177.99339900,466999,29627.58290000,58876558.16018300,0
2026-03-09 04:00:00,1977.48000000,1989.56000000,1973.52000000,1977.31000000,10238.87980000,2026-03-09 04:59:59.999,20290266.91213500,192084,5591.36340000,11082438.26649700,0
2026-03-09 05:00:00,1977.31000000,2014.26000000,1976.39000000,2010.60000000,43830.63340000,2026-03-09 05:59:59.999,87528502.51664900,341734,18778.27950000,37500610.54268600,0
2026-03-09 06:00:00,2010.60000000,2012.70000000,1983.36000000,1985.00000000,15733.87560000,2026-03-09 06:59:59.999,31470101.70252700,221933,6309.29520000,12623721.15823000,0
2026-03-09 07:00:00,1985.01000000,1985.91000000,1963.45000000,1983.90000000,13845.41390000,2026-03-09 07:59:59.999,27374132.77751000,231735,7062.00590000,13965980.59883300,0
2026-03-09 08:00:00,1983.91000000,2000.00000000,1978.92000000,1996.81000000,15655.82010000,2026-03-09 08:59:59.999,31167690.52400500,255312,8748.58710000,17419329.59484800,0
2026-03-09 09:00:00,1996.81000000,2022.00000000,1986.77000000,2004.48000000,22759.61600000,2026-03-09 09:59:59.999,45676105.30107300,267954,12440.95720000,24973550.03101100,0
2026-03-09 10:00:00,2004.49000000,2007.05000000,1992.56000000,1995.41000000,17147.88720000,2026-03-09 10:59:59.999,34314242.59805400,209186,10466.08260000,20943747.36755000,0
2026-03-09 11:00:00,1995.41000000,1999.99000000,1980.93000000,1992.20000000,12567.48690000,2026-03-09 11:59:59.999,24996782.25252600,174190,5106.56120000,10160985.08063400,0
2026-03-09 12:00:00,1992.20000000,2013.74000000,1992.20000000,2002.19000000,12668.24880000,2026-03-09 12:59:59.999,25370970.95050000,182166,6293.02930000,12605888.01894900,0
2026-03-09 13:00:00,2002.19000000,2030.00000000,2001.13000000,2018.16000000,41754.94380000,2026-03-09 13:59:59.999,84193409.23459300,513212,22920.28880000,46215961.59957400,0
2026-03-09 14:00:00,2018.15000000,2032.84000000,2007.82000000,2022.29000000,39674.10340000,2026-03-09 14:59:59.999,80200159.93495700,482315,21059.99550000,42576569.37726200,0
2026-03-09 15:00:00,2022.27000000,2029.25000000,2013.97000000,2022.63000000,21397.25010000,2026-03-09 15:59:59.999,43278770.22248900,236692,8901.14550000,17999935.39216900,0
2026-03-09 16:00:00,2022.64000000,2039.29000000,2018.93000000,2027.53000000,18205.42910000,2026-03-09 16:59:59.999,36919445.70736000,231350,9751.33130000,19778002.51500000,0
2026-03-09 17:00:00,2027.54000000,2032.50000000,2005.76000000,2016.94000000,20457.18360000,2026-03-09 17:59:59.999,41303647.69705500,237784,10139.21700000,20475383.85261900,0
2026-03-09 18:00:00,2016.94000000,2022.90000000,2006.15000000,2012.10000000,12319.78200000,2026-03-09 18:59:59.999,24824605.46596700,157772,5354.70970000,10794848.35420700,0
2026-03-09 19:00:00,2012.11000000,2053.52000000,2010.00000000,2033.91000000,30136.55640000,2026-03-09 19:59:59.999,61280318.68343200,421316,15124.11580000,30768913.39231400,0
2026-03-09 20:00:00,2033.91000000,2037.30000000,2018.77000000,2025.89000000,9526.11720000,2026-03-09 20:59:59.999,19325766.88285900,156992,4959.04080000,10064274.36520200,0
2026-03-09 21:00:00,2025.89000000,2035.39000000,2022.19000000,2028.35000000,6364.98710000,2026-03-09 21:59:59.999,12919323.43768400,105059,3170.98700000,6437388.87037800,0
2026-03-09 22:00:00,2028.33000000,2031.32000000,1997.87000000,2002.53000000,56062.18810000,2026-03-09 22:59:59.999,112459052.79790300,197552,32843.26250000,65849871.10023100,0
2026-03-09 23:00:00,2002.52000000,2007.67000000,1989.12000000,1992.98000000,25894.83640000,2026-03-09 23:59:59.999,51727851.17397500,158872,13909.88210000,27777639.14425300,0
2026-03-10 00:00:00,1992.97000000,2022.50000000,1991.00000000,2015.37000000,30631.78010000,2026-03-10 00:59:59.999,61539730.16134500,194259,22533.18770000,45264835.28875700,0
2026-03-10 01:00:00,2015.37000000,2024.99000000,2006.23000000,2019.21000000,11925.19500000,2026-03-10 01:59:59.999,24036050.82149200,172583,5054.05140000,10192895.05562000,0
2026-03-10 02:00:00,2019.20000000,2054.19000000,2014.01000000,2042.40000000,27247.36110000,2026-03-10 02:59:59.999,55573600.62044500,314192,14664.05770000,29915882.28303800,0
2026-03-10 03:00:00,2042.40000000,2047.88000000,2022.63000000,2026.80000000,13229.46640000,2026-03-10 03:59:59.999,26951441.87052100,194530,7190.90680000,14655047.21811300,0
2026-03-10 04:00:00,2026.80000000,2047.31000000,2026.36000000,2045.70000000,10644.78860000,2026-03-10 04:59:59.999,21676172.88101200,141743,7471.35140000,15213190.04884400,0
2026-03-10 05:00:00,2045.69000000,2054.20000000,2039.75000000,2043.99000000,23562.78070000,2026-03-10 05:59:59.999,48181415.19255400,156668,15247.12720000,31174432.52170600,0
2026-03-10 06:00:00,2044.00000000,2049.34000000,2036.25000000,2043.76000000,11948.68250000,2026-03-10 06:59:59.999,24412058.25618300,136373,4342.85580000,8874393.73334800,0
2026-03-10 07:00:00,2043.77000000,2059.69000000,2040.09000000,2051.00000000,14222.03330000,2026-03-10 07:59:59.999,29164163.64331600,167055,7862.08130000,16122893.80730500,0
2026-03-10 08:00:00,2051.00000000,2070.50000000,2051.00000000,2057.27000000,23588.63040000,2026-03-10 08:59:59.999,48637230.99985400,269042,12971.16490000,26744680.03510600,0
2026-03-10 09:00:00,2057.27000000,2074.00000000,2055.72000000,2068.18000000,13752.44540000,2026-03-10 09:59:59.999,28413516.43802000,179769,6637.91750000,13713134.10402600,0
2026-03-10 10:00:00,2068.17000000,2069.22000000,2055.56000000,2062.86000000,8922.85270000,2026-03-10 10:59:59.999,18399706.59423600,134365,4064.23290000,8382238.33741200,0
2026-03-10 11:00:00,2062.86000000,2067.78000000,2051.16000000,2061.69000000,14186.13610000,2026-03-10 11:59:59.999,29243361.68533900,127545,7254.27680000,14959547.21049600,0
2026-03-10 12:00:00,2061.70000000,2062.09000000,2047.36000000,2049.82000000,12900.43310000,2026-03-10 12:59:59.999,26489942.68816500,128719,4537.20900000,9319959.47949200,0
2026-03-10 13:00:00,2049.82000000,2060.27000000,2024.04000000,2033.63000000,29276.77180000,2026-03-10 13:59:59.999,59744986.74551500,313231,13785.25650000,28126439.88064500,0
2026-03-10 14:00:00,2033.63000000,2080.27000000,2008.65000000,2075.19000000,55294.64680000,2026-03-10 14:59:59.999,112684683.76349500,516213,28317.69470000,57755000.43066000,0
2026-03-10 15:00:00,2075.19000000,2085.73000000,2059.23000000,2079.35000000,42497.34870000,2026-03-10 15:59:59.999,88038056.56522900,438755,21586.04280000,44727096.44734200,0
2026-03-10 16:00:00,2079.34000000,2088.19000000,2069.45000000,2080.72000000,18680.30370000,2026-03-10 16:59:59.999,38862166.24141700,252529,9351.69430000,19459075.26799500,0
2026-03-10 17:00:00,2080.71000000,2085.19000000,2058.33000000,2071.67000000,20761.37280000,2026-03-10 17:59:59.999,43032454.07010300,262164,11133.50840000,23078296.89520200,0
2026-03-10 18:00:00,2071.67000000,2073.13000000,2035.74000000,2039.68000000,30444.71510000,2026-03-10 18:59:59.999,62357786.18375400,443092,13462.42680000,27576348.61629300,0
2026-03-10 19:00:00,2039.68000000,2044.31000000,2027.16000000,2037.02000000,15745.21540000,2026-03-10 19:59:59.999,32059202.20197700,260560,7754.33660000,15788735.26852700,0
2026-03-10 20:00:00,2037.02000000,2047.45000000,2035.45000000,2042.56000000,7714.41610000,2026-03-10 20:59:59.999,15749726.18678400,99886,3992.50420000,8152758.34811900,0
2026-03-10 21:00:00,2042.56000000,2048.31000000,2018.00000000,2029.20000000,10882.77160000,2026-03-10 21:59:59.999,22101947.67326600,116278,3139.76600000,6380875.93722700,0
2026-03-10 22:00:00,2029.20000000,2032.82000000,2021.14000000,2027.64000000,8497.76700000,2026-03-10 22:59:59.999,17220537.45719400,111183,4059.29010000,8225471.39573400,0
2026-03-10 23:00:00,2027.63000000,2037.30000000,2027.55000000,2036.51000000,6853.95950000,2026-03-10 23:59:59.999,13939318.08494300,96264,3600.77650000,7323149.06994600,0
2026-03-11 00:00:00,2036.50000000,2041.71000000,2028.81000000,2037.68000000,10130.84120000,2026-03-11 00:59:59.999,20620232.46232600,134537,4472.95390000,9105051.39012900,0
2026-03-11 01:00:00,2037.68000000,2041.00000000,2028.62000000,2036.10000000,7117.22120000,2026-03-11 01:59:59.999,14486987.95540600,108471,2769.30290000,5636489.89854300,0
2026-03-11 02:00:00,2036.10000000,2039.05000000,2018.70000000,2026.71000000,11516.99430000,2026-03-11 02:59:59.999,23339122.64252100,107574,4085.01350000,8280015.36341800,0
2026-03-11 03:00:00,2026.70000000,2029.35000000,2018.13000000,2021.17000000,7998.29340000,2026-03-11 03:59:59.999,16170599.86374300,78378,2389.08330000,4830606.68110400,0
2026-03-11 04:00:00,2021.17000000,2041.39000000,2018.25000000,2039.08000000,8679.26460000,2026-03-11 04:59:59.999,17630105.44254800,100566,4813.55740000,9784224.52259000,0
2026-03-11 05:00:00,2039.08000000,2041.49000000,2011.37000000,2014.63000000,10074.12410000,2026-03-11 05:59:59.999,20383354.89163800,106735,3412.03170000,6904102.29525100,0
2026-03-11 06:00:00,2014.63000000,2026.00000000,2014.00000000,2024.30000000,8491.46410000,2026-03-11 06:59:59.999,17150107.43951200,101505,3883.62370000,7843631.86175100,0
2026-03-11 07:00:00,2024.31000000,2025.70000000,2007.17000000,2012.54000000,8583.07010000,2026-03-11 07:59:59.999,17290477.76740700,109460,2990.24340000,6025161.32222700,0
2026-03-11 08:00:00,2012.54000000,2025.72000000,2009.48000000,2023.76000000,14252.34330000,2026-03-11 08:59:59.999,28752360.31658800,170105,6204.50890000,12517527.68770600,0
2026-03-11 09:00:00,2023.75000000,2027.40000000,2014.51000000,2017.87000000,6669.77040000,2026-03-11 09:59:59.999,13473883.00156200,108667,2236.69290000,4519626.02326800,0
2026-03-11 10:00:00,2017.87000000,2031.30000000,2017.24000000,2028.68000000,6527.23290000,2026-03-11 10:59:59.999,13212512.93475800,113245,3451.19190000,6987502.38389700,0
2026-03-11 11:00:00,2028.68000000,2033.96000000,2015.83000000,2017.80000000,8797.75180000,2026-03-11 11:59:59.999,17814093.28153000,152125,3837.73240000,7772842.01136300,0
2026-03-11 12:00:00,2017.80000000,2035.50000000,2012.81000000,2023.09000000,16532.00460000,2026-03-11 12:59:59.999,33468693.16947800,196261,6281.96450000,12716960.99343300,0
2026-03-11 13:00:00,2023.09000000,2082.66000000,2021.67000000,2050.72000000,48997.14270000,2026-03-11 13:59:59.999,100755454.61128900,584619,26719.51660000,54918919.38247300,0
2026-03-11 14:00:00,2050.72000000,2077.59000000,2042.93000000,2062.68000000,42234.07840000,2026-03-11 14:59:59.999,86915322.68924400,518249,24907.76020000,51237192.21750600,0
2026-03-11 15:00:00,2062.68000000,2065.45000000,2030.03000000,2049.73000000,24389.63680000,2026-03-11 15:59:59.999,49920464.04991100,428071,11630.11090000,23802936.13838600,0
2026-03-11 16:00:00,2049.75000000,2072.43000000,2046.46000000,2067.01000000,18164.72120000,2026-03-11 16:59:59.999,37433594.98946900,311904,11023.66280000,22718995.58895200,0
2026-03-11 17:00:00,2067.02000000,2085.58000000,2057.69000000,2068.15000000,26324.51400000,2026-03-11 17:59:59.999,54585490.65443700,391703,14780.56320000,30654051.49554400,0
2026-03-11 18:00:00,2068.15000000,2079.66000000,2064.18000000,2076.51000000,16458.59480000,2026-03-11 18:59:59.999,34092122.27760300,235507,9716.42910000,20126968.49550300,0
2026-03-11 19:00:00,2076.50000000,2077.90000000,2068.58000000,2076.06000000,15265.91440000,2026-03-11 19:59:59.999,31662411.17477400,184185,7502.04930000,15558123.92608800,0
2026-03-11 20:00:00,2076.05000000,2076.19000000,2065.09000000,2068.40000000,7066.88360000,2026-03-11 20:59:59.999,14624604.81497900,96946,3029.46930000,6268990.51528600,0
2026-03-11 21:00:00,2068.41000000,2074.94000000,2063.46000000,2073.07000000,5855.36630000,2026-03-11 21:59:59.999,12114937.50387100,90695,3185.97750000,6592543.23971000,0
2026-03-11 22:00:00,2073.08000000,2084.53000000,2058.98000000,2061.76000000,10814.30450000,2026-03-11 22:59:59.999,22386272.61956900,166126,5372.63550000,11124357.16030900,0
2026-03-11 23:00:00,2061.76000000,2064.99000000,2045.20000000,2051.97000000,9119.72330000,2026-03-11 23:59:59.999,18749750.65185400,134652,3750.65780000,7713667.30862800,0
2026-03-12 00:00:00,2051.97000000,2058.16000000,2047.97000000,2055.78000000,5298.14460000,2026-03-12 00:59:59.999,10876885.99644000,120501,2812.72250000,5774156.16863000,0
2026-03-12 01:00:00,2055.78000000,2056.14000000,2042.95000000,2046.24000000,9032.44240000,2026-03-12 01:59:59.999,18494539.71561500,148516,4351.37020000,8909784.18406900,0
2026-03-12 02:00:00,2046.23000000,2047.93000000,2021.87000000,2024.67000000,16962.65090000,2026-03-12 02:59:59.999,34501740.48137900,177150,6321.02480000,12859076.55468900,0
2026-03-12 03:00:00,2024.66000000,2035.08000000,2017.59000000,2023.38000000,13070.29650000,2026-03-12 03:59:59.999,26481040.94763000,121374,7000.40330000,14186667.36450800,0
2026-03-12 04:00:00,2023.39000000,2029.73000000,2021.27000000,2023.09000000,6284.33230000,2026-03-12 04:59:59.999,12729479.64300800,93780,3314.40550000,6714024.53624500,0
2026-03-12 05:00:00,2023.08000000,2028.30000000,2019.33000000,2026.85000000,9624.64800000,2026-03-12 05:59:59.999,19480716.92833800,103540,4983.39360000,10088500.55737300,0
2026-03-12 06:00:00,2026.86000000,2031.80000000,2024.64000000,2030.38000000,6083.88100000,2026-03-12 06:59:59.999,12341390.80299400,89388,3046.56270000,6180138.43823000,0
2026-03-12 07:00:00,2030.38000000,2042.26000000,2025.66000000,2040.70000000,14231.79570000,2026-03-12 07:59:59.999,28988046.78085400,96006,9071.09170000,18481877.70033900,0
2026-03-12 08:00:00,2040.69000000,2052.59000000,2038.42000000,2047.80000000,13262.49130000,2026-03-12 08:59:59.999,27123965.57647600,133983,6086.54170000,12448406.11767900,0
2026-03-12 09:00:00,2047.79000000,2065.61000000,2038.49000000,2055.65000000,13504.82790000,2026-03-12 09:59:59.999,27696296.69337900,154701,6599.89170000,13543000.97219800,0
2026-03-12 10:00:00,2055.66000000,2075.49000000,2052.50000000,2069.86000000,16520.12670000,2026-03-12 10:59:59.999,34120118.65733400,175079,8958.18990000,18501547.78320700,0
2026-03-12 11:00:00,2069.87000000,2076.65000000,2058.21000000,2062.83000000,13187.27470000,2026-03-12 11:59:59.999,27278892.91419000,153644,5633.40190000,11655230.57310000,0
2026-03-12 12:00:00,2062.83000000,2071.08000000,2057.81000000,2065.37000000,9232.67060000,2026-03-12 12:59:59.999,19050732.91390800,148175,5323.29970000,10984243.53110300,0
2026-03-12 13:00:00,2065.37000000,2080.00000000,2051.44000000,2065.35000000,28335.13220000,2026-03-12 13:59:59.999,58529252.45901500,407953,16300.46270000,33676993.67571800,0
2026-03-12 14:00:00,2065.35000000,2095.00000000,2037.79000000,2045.35000000,48417.09530000,2026-03-12 14:59:59.999,100049921.26734800,615164,25197.45230000,52094068.43370400,0
2026-03-12 15:00:00,2045.34000000,2082.00000000,2039.05000000,2072.33000000,26030.90690000,2026-03-12 15:59:59.999,53755559.26096100,449821,14578.55670000,30100084.63487800,0
2026-03-12 16:00:00,2072.33000000,2078.09000000,2056.33000000,2069.63000000,22858.02530000,2026-03-12 16:59:59.999,47269594.80415000,361865,11535.46410000,23848566.33587300,0
2026-03-12 17:00:00,2069.62000000,2075.24000000,2055.32000000,2058.40000000,11673.47780000,2026-03-12 17:59:59.999,24102591.39908200,223568,4628.58750000,9559152.02004400,0
2026-03-12 18:00:00,2058.41000000,2062.10000000,2046.78000000,2048.78000000,16647.03990000,2026-03-12 18:59:59.999,34168474.86595800,205570,9617.84410000,19736025.31052200,0
2026-03-12 19:00:00,2048.77000000,2073.50000000,2045.42000000,2069.59000000,12389.29230000,2026-03-12 19:59:59.999,25533999.78646400,192485,6477.05830000,13346200.31130800,0
2026-03-12 20:00:00,2069.60000000,2073.81000000,2060.35000000,2062.57000000,5651.46740000,2026-03-12 20:59:59.999,11678454.16832000,89519,2109.65300000,4360394.96354000,0
2026-03-12 21:00:00,2062.58000000,2069.19000000,2057.28000000,2062.61000000,19369.79650000,2026-03-12 21:59:59.999,39939311.82863700,115570,4987.42160000,10286633.96605300,0
2026-03-12 22:00:00,2062.62000000,2067.54000000,2054.99000000,2065.30000000,25410.58400000,2026-03-12 22:59:59.999,52364867.06014100,122098,12212.12020000,25154551.74276400,0
2026-03-12 23:00:00,2065.30000000,2093.45000000,2064.64000000,2073.52000000,37429.41300000,2026-03-12 23:59:59.999,77902377.17505700,258325,15547.91370000,32363502.16505000,0
2026-03-13 00:00:00,2073.51000000,2148.80000000,2070.12000000,2119.19000000,85178.58330000,2026-03-13 00:59:59.999,180781167.48902300,634499,40597.00620000,86088993.41727600,0
2026-03-13 01:00:00,2119.19000000,2130.40000000,2111.72000000,2124.76000000,15741.65400000,2026-03-13 01:59:59.999,33418596.21481200,258154,8055.73230000,17105766.46140200,0
2026-03-13 02:00:00,2124.75000000,2127.12000000,2102.42000000,2105.81000000,13893.89200000,2026-03-13 02:59:59.999,29372118.40507700,186281,5631.94220000,11906919.48889900,0
2026-03-13 03:00:00,2105.81000000,2123.58000000,2102.20000000,2118.85000000,11965.20950000,2026-03-13 03:59:59.999,25250162.51648000,133309,5766.37680000,12175198.38984500,0
2026-03-13 04:00:00,2118.86000000,2120.06000000,2109.63000000,2111.68000000,5461.68990000,2026-03-13 04:59:59.999,11547005.16186200,89249,2411.52340000,5099127.65141000,0
2026-03-13 05:00:00,2111.67000000,2115.24000000,2103.54000000,2110.47000000,7222.65640000,2026-03-13 05:59:59.999,15238288.44463700,102715,2961.33510000,6248465.90964900,0
2026-03-13 06:00:00,2110.47000000,2113.00000000,2090.00000000,2095.94000000,20205.63240000,2026-03-13 06:59:59.999,42368356.07393400,156016,9693.34660000,20321828.63696400,0
2026-03-13 07:00:00,2095.95000000,2104.87000000,2092.75000000,2099.38000000,12306.28300000,2026-03-13 07:59:59.999,25832609.81127800,146455,6235.36480000,13090203.18588900,0
2026-03-13 08:00:00,2099.38000000,2117.00000000,2091.45000000,2100.05000000,17816.16410000,2026-03-13 08:59:59.999,37474101.60496400,222975,9155.91470000,19263678.14985200,0
2026-03-13 09:00:00,2100.05000000,2116.93000000,2096.04000000,2113.55000000,17352.77150000,2026-03-13 09:59:59.999,36576584.96342500,165713,10391.34670000,21910536.74026600,0
2026-03-13 10:00:00,2113.55000000,2133.30000000,2112.83000000,2126.87000000,20325.95460000,2026-03-13 10:59:59.999,43208291.16764300,244699,10344.51920000,21989732.91651900,0
2026-03-13 11:00:00,2126.88000000,2130.00000000,2118.18000000,2121.02000000,11322.58350000,2026-03-13 11:59:59.999,24050368.94205700,144506,4058.92220000,8621542.93745000,0
2026-03-13 12:00:00,2121.02000000,2153.17000000,2120.52000000,2146.63000000,32311.97480000,2026-03-13 12:59:59.999,69147005.08033700,297209,19286.10680000,41278043.84627700,0
2026-03-13 13:00:00,2146.64000000,2200.00000000,2141.61000000,2185.52000000,79297.74310000,2026-03-13 13:59:59.999,172815913.84826500,592371,43062.59630000,93787638.70035600,0
2026-03-13 14:00:00,2185.53000000,2209.03000000,2145.59000000,2151.14000000,69709.40650000,2026-03-13 14:59:59.999,151984018.63876600,637820,35620.15440000,77735946.33363800,0
2026-03-13 15:00:00,2151.15000000,2165.93000000,2125.14000000,2128.01000000,53218.54410000,2026-03-13 15:59:59.999,114161591.07308900,518487,27233.28930000,58389729.29070100,0
2026-03-13 16:00:00,2128.01000000,2143.33000000,2111.36000000,2133.91000000,29674.24120000,2026-03-13 16:59:59.999,63112032.07366800,400552,15127.14100000,32170791.69157400,0
2026-03-13 17:00:00,2133.91000000,2141.29000000,2090.28000000,2102.75000000,26775.07260000,2026-03-13 17:59:59.999,56508741.01550600,347126,10616.98000000,22414072.74524600,0
2026-03-13 18:00:00,2102.75000000,2108.87000000,2091.04000000,2100.93000000,17729.86760000,2026-03-13 18:59:59.999,37259535.56454400,236541,8579.01010000,18029923.19529100,0
2026-03-13 19:00:00,2100.92000000,2106.30000000,2096.50000000,2102.48000000,10276.31280000,2026-03-13 19:59:59.999,21600401.77012900,157150,5635.05770000,11845925.40412700,0
2026-03-13 20:00:00,2102.48000000,2114.00000000,2101.15000000,2111.37000000,5980.68060000,2026-03-13 20:59:59.999,12615426.95619000,92719,3048.86380000,6431461.62862700,0
2026-03-13 21:00:00,2111.37000000,2116.66000000,2101.47000000,2103.07000000,6766.92470000,2026-03-13 21:59:59.999,14266016.65147900,93586,3037.31370000,6403260.55578200,0
2026-03-13 22:00:00,2103.08000000,2104.72000000,2078.50000000,2088.97000000,24012.16410000,2026-03-13 22:59:59.999,50128053.51180500,196499,11275.41700000,23533851.68244800,0
2026-03-13 23:00:00,2088.96000000,2093.90000000,2085.54000000,2092.22000000,5111.03360000,2026-03-13 23:59:59.999,10686793.51461600,83858,2535.95480000,5301819.06304000,0
2026-03-14 00:00:00,2092.21000000,2095.21000000,2082.82000000,2085.32000000,10862.91620000,2026-03-14 00:59:59.999,22691011.55110400,108917,6493.26120000,13564314.07294700,0
2026-03-14 01:00:00,2085.32000000,2095.46000000,2081.39000000,2092.55000000,8566.59200000,2026-03-14 01:59:59.999,17899634.55335400,88769,4472.41980000,9345721.87856800,0
2026-03-14 02:00:00,2092.55000000,2095.91000000,2089.19000000,2092.39000000,3951.96580000,2026-03-14 02:59:59.999,8270689.30110400,64539,1799.88540000,3767584.34135000,0
2026-03-14 03:00:00,2092.39000000,2103.42000000,2092.38000000,2101.16000000,7940.30970000,2026-03-14 03:59:59.999,16669669.60614000,83778,4881.15770000,10247712.45746500,0
2026-03-14 04:00:00,2101.15000000,2106.09000000,2087.87000000,2090.42000000,9319.77590000,2026-03-14 04:59:59.999,19565277.92077100,95370,3705.99180000,7782272.23634300,0
2026-03-14 05:00:00,2090.43000000,2094.39000000,2085.71000000,2092.46000000,7074.98030000,2026-03-14 05:59:59.999,14792837.05994900,69553,2932.39000000,6132036.33017900,0
2026-03-14 06:00:00,2092.46000000,2092.46000000,2068.28000000,2078.02000000,15662.88880000,2026-03-14 06:59:59.999,32585469.32039200,137116,5621.64320000,11688957.32860200,0
2026-03-14 07:00:00,2078.02000000,2080.40000000,2075.65000000,2077.46000000,6134.19710000,2026-03-14 07:59:59.999,12748004.39218500,63243,2377.82300000,4941714.51010300,0
2026-03-14 08:00:00,2077.46000000,2081.64000000,2072.71000000,2074.34000000,6236.04660000,2026-03-14 08:59:59.999,12953598.40992900,64551,3007.30740000,6247405.31156600,0
2026-03-14 09:00:00,2074.35000000,2077.64000000,2063.73000000,2067.33000000,9384.43780000,2026-03-14 09:59:59.999,19426790.09675100,77064,4320.47520000,8941771.81428900,0
2026-03-14 10:00:00,2067.33000000,2068.88000000,2061.60000000,2066.24000000,5875.75970000,2026-03-14 10:59:59.999,12135745.66801000,70780,2309.56540000,4770633.59154000,0
2026-03-14 11:00:00,2066.24000000,2076.65000000,2065.85000000,2073.67000000,5365.30220000,2026-03-14 11:59:59.999,11117833.20486500,58072,2824.50330000,5852859.48899300,0
2026-03-14 12:00:00,2073.67000000,2077.87000000,2069.99000000,2075.44000000,5477.30790000,2026-03-14 12:59:59.999,11362444.04671500,57200,2537.32930000,5264271.49569300,0
2026-03-14 13:00:00,2075.44000000,2080.65000000,2073.00000000,2078.51000000,5090.12560000,2026-03-14 13:59:59.999,10572165.93040400,54845,2898.80580000,6019815.79199700,0
2026-03-14 14:00:00,2078.50000000,2080.52000000,2069.80000000,2071.22000000,7563.11660000,2026-03-14 14:59:59.999,15693163.48796800,69481,4177.17950000,8668806.10382600,0
2026-03-14 15:00:00,2071.23000000,2077.73000000,2070.00000000,2074.72000000,4297.16140000,2026-03-14 15:59:59.999,8914156.91507700,59265,2399.70840000,4978087.44307000,0
2026-03-14 16:00:00,2074.72000000,2078.79000000,2069.19000000,2077.54000000,4257.83460000,2026-03-14 16:59:59.999,8831550.13772700,52411,1946.99260000,4039130.01423500,0
2026-03-14 17:00:00,2077.54000000,2078.14000000,2073.50000000,2075.14000000,2302.59260000,2026-03-14 17:59:59.999,4781125.00527900,36423,941.71140000,1955337.58308200,0
2026-03-14 18:00:00,2075.13000000,2078.14000000,2072.71000000,2076.91000000,1926.77550000,2026-03-14 18:59:59.999,3998165.83690800,27026,941.09210000,1952549.02291200,0
2026-03-14 19:00:00,2076.91000000,2079.47000000,2074.77000000,2077.49000000,2284.87500000,2026-03-14 19:59:59.999,4746048.05306700,29667,1016.16980000,2110867.42491400,0
2026-03-14 20:00:00,2077.50000000,2087.27000000,2076.20000000,2086.01000000,4998.74460000,2026-03-14 20:59:59.999,10408394.59244700,41552,3000.68150000,6248019.69642000,0
2026-03-14 21:00:00,2086.01000000,2088.92000000,2081.65000000,2086.68000000,3530.65530000,2026-03-14 21:59:59.999,7362925.70567100,40545,1656.49400000,3454173.27339300,0
2026-03-14 22:00:00,2086.68000000,2088.30000000,2082.30000000,2084.45000000,3321.81290000,2026-03-14 22:59:59.999,6928385.96969400,39971,1539.77700000,3211366.64426100,0
2026-03-14 23:00:00,2084.45000000,2099.69000000,2084.19000000,2096.16000000,11074.40810000,2026-03-14 23:59:59.999,23193497.07453100,94320,5606.99620000,11744654.66903900,0
2026-03-15 00:00:00,2096.16000000,2096.77000000,2085.49000000,2088.00000000,5680.98960000,2026-03-15 00:59:59.999,11880460.30516100,71383,2609.03390000,5456372.75361800,0
2026-03-15 01:00:00,2088.00000000,2091.18000000,2083.35000000,2088.32000000,3987.64790000,2026-03-15 01:59:59.999,8320886.84942700,59736,2106.70450000,4395958.33398100,0
2026-03-15 02:00:00,2088.32000000,2107.91000000,2088.32000000,2101.99000000,13602.86550000,2026-03-15 02:59:59.999,28553008.23830000,126781,8841.65460000,18558490.75932200,0
2026-03-15 03:00:00,2101.99000000,2105.05000000,2093.53000000,2096.15000000,5347.81340000,2026-03-15 03:59:59.999,11221326.48296200,71571,2302.95490000,4831796.25587700,0
2026-03-15 04:00:00,2096.15000000,2104.34000000,2096.13000000,2104.34000000,3355.92520000,2026-03-15 04:59:59.999,7050098.45467200,69292,1658.20340000,3483640.68766500,0
2026-03-15 05:00:00,2104.34000000,2115.95000000,2102.01000000,2107.91000000,9171.69890000,2026-03-15 05:59:59.999,19351911.47860100,97378,5498.57350000,11602163.30053200,0
2026-03-15 06:00:00,2107.91000000,2111.28000000,2103.00000000,2107.76000000,3352.86520000,2026-03-15 06:59:59.999,7063890.71437000,50432,1460.01930000,3075894.60630800,0
2026-03-15 07:00:00,2107.76000000,2113.49000000,2103.46000000,2105.64000000,6266.79780000,2026-03-15 07:59:59.999,13206839.75523000,52848,2012.09400000,4242209.04576800,0
2026-03-15 08:00:00,2105.64000000,2113.00000000,2105.64000000,2112.93000000,4131.64640000,2026-03-15 08:59:59.999,8716858.15181000,50052,2244.81290000,4735967.48071100,0
2026-03-15 09:00:00,2112.93000000,2123.44000000,2112.83000000,2117.20000000,10018.39240000,2026-03-15 09:59:59.999,21227963.62001900,102803,6228.70670000,13199078.64868400,0
2026-03-15 10:00:00,2117.20000000,2121.49000000,2114.32000000,2119.14000000,3826.03290000,2026-03-15 10:59:59.999,8108028.41699700,45932,2128.63200000,4511261.68108200,0
2026-03-15 11:00:00,2119.14000000,2121.27000000,2115.04000000,2119.63000000,3043.63510000,2026-03-15 11:59:59.999,6448482.68572300,39261,1606.73850000,3404350.83723400,0
2026-03-15 12:00:00,2119.63000000,2119.83000000,2108.20000000,2109.59000000,4978.94060000,2026-03-15 12:59:59.999,10518693.63377900,56806,1852.62950000,3914873.99791600,0
2026-03-15 13:00:00,2109.60000000,2112.76000000,2086.34000000,2097.40000000,27709.34300000,2026-03-15 13:59:59.999,58047769.85422900,190276,11619.13240000,24333454.67210200,0
2026-03-15 14:00:00,2097.39000000,2099.20000000,2086.60000000,2096.99000000,7654.67600000,2026-03-15 14:59:59.999,16018506.17320900,80173,4475.31300000,9366294.09515600,0
2026-03-15 15:00:00,2096.99000000,2097.15000000,2090.02000000,2093.79000000,5532.45870000,2026-03-15 15:59:59.999,11589251.96881900,55333,2032.54600000,4256026.50004800,0
2026-03-15 16:00:00,2093.79000000,2098.86000000,2088.84000000,2091.56000000,4230.61560000,2026-03-15 16:59:59.999,8854635.44193600,76164,1995.24180000,4176163.57934300,0
2026-03-15 17:00:00,2091.57000000,2117.86000000,2091.20000000,2110.77000000,12688.58450000,2026-03-15 17:59:59.999,26718147.03317900,102655,9036.22960000,19022849.74282600,0
2026-03-15 18:00:00,2110.77000000,2113.53000000,2094.32000000,2099.14000000,7844.05540000,2026-03-15 18:59:59.999,16518030.69444200,121824,2460.01410000,5179513.43299900,0
2026-03-15 19:00:00,2099.15000000,2114.35000000,2096.47000000,2113.49000000,6704.33860000,2026-03-15 19:59:59.999,14133736.18534300,96673,2988.34790000,6297572.71411500,0
2026-03-15 20:00:00,2113.49000000,2139.00000000,2110.00000000,2129.05000000,14299.07540000,2026-03-15 20:59:59.999,30394173.54832600,160252,8264.70900000,17558984.05685600,0
2026-03-15 21:00:00,2129.06000000,2144.76000000,2123.75000000,2139.07000000,10594.88380000,2026-03-15 21:59:59.999,22617488.31466500,157160,5584.48010000,11923072.89873100,0
2026-03-15 22:00:00,2139.08000000,2192.49000000,2125.31000000,2184.35000000,52207.20250000,2026-03-15 22:59:59.999,112991925.87115400,504014,29148.87320000,63073466.71829200,0
2026-03-15 23:00:00,2184.36000000,2202.87000000,2165.20000000,2178.30000000,54595.45330000,2026-03-15 23:59:59.999,119259127.42861500,562931,27986.72980000,61161083.33484100,0
2026-03-16 00:00:00,2178.29000000,2187.33000000,2164.73000000,2171.23000000,18053.23910000,2026-03-16 00:59:59.999,39257476.30009800,237954,10864.18130000,23623150.73345500,0
2026-03-16 01:00:00,2171.23000000,2190.48000000,2165.00000000,2185.89000000,12499.72250000,2026-03-16 01:59:59.999,27210788.32370200,231475,7450.89050000,16218451.67825300,0
2026-03-16 02:00:00,2185.88000000,2189.43000000,2170.02000000,2180.49000000,12116.18940000,2026-03-16 02:59:59.999,26388508.29513800,162974,5905.18740000,12864182.15495000,0
2026-03-16 03:00:00,2180.48000000,2253.48000000,2177.38000000,2235.67000000,91298.94810000,2026-03-16 03:59:59.999,203409427.91360200,573857,46527.04690000,103565745.41746600,0
2026-03-16 04:00:00,2235.67000000,2278.00000000,2235.67000000,2263.30000000,74574.03430000,2026-03-16 04:59:59.999,168177279.10826400,454358,40394.00960000,91113544.56963800,0
2026-03-16 05:00:00,2263.30000000,2288.63000000,2256.80000000,2280.47000000,50113.02470000,2026-03-16 05:59:59.999,113846737.54747200,327083,26530.38050000,60281485.12687200,0
2026-03-16 06:00:00,2280.46000000,2281.31000000,2260.64000000,2261.70000000,26844.51550000,2026-03-16 06:59:59.999,60842348.49272200,187180,12233.24980000,27723732.67558700,0
2026-03-16 07:00:00,2261.70000000,2269.00000000,2245.63000000,2248.95000000,35430.22320000,2026-03-16 07:59:59.999,79953990.49883600,179985,16995.56490000,38338215.81585100,0
2026-03-16 08:00:00,2248.95000000,2258.83000000,2234.92000000,2243.54000000,27741.66380000,2026-03-16 08:59:59.999,62360459.71863600,228863,12589.45730000,28313646.39253700,0
2026-03-16 09:00:00,2243.54000000,2265.37000000,2239.82000000,2260.51000000,16719.28040000,2026-03-16 09:59:59.999,37679511.24940400,165970,10296.11670000,23204153.27194100,0
2026-03-16 10:00:00,2260.51000000,2279.00000000,2256.20000000,2278.30000000,28633.67510000,2026-03-16 10:59:59.999,64922313.77626800,216145,16017.92070000,36336941.50456400,0
2026-03-16 11:00:00,2278.30000000,2280.00000000,2266.00000000,2269.94000000,16228.07550000,2026-03-16 11:59:59.999,36899983.89491700,164562,9612.13800000,21861888.62546300,0
2026-03-16 12:00:00,2269.94000000,2303.64000000,2269.93000000,2279.28000000,51358.91560000,2026-03-16 12:59:59.999,117529835.17375800,399510,28450.28020000,65108277.68317900,0
2026-03-16 13:00:00,2279.28000000,2308.54000000,2272.35000000,2288.79000000,44699.85760000,2026-03-16 13:59:59.999,102393421.49899500,496236,24470.52010000,56050865.48994400,0
2026-03-16 14:00:00,2288.80000000,2304.81000000,2255.04000000,2288.00000000,50578.41640000,2026-03-16 14:59:59.999,115275842.87086500,613362,26014.33780000,59346646.36645500,0
2026-03-16 15:00:00,2287.99000000,2299.35000000,2270.17000000,2273.88000000,31399.43230000,2026-03-16 15:59:59.999,71777740.07540700,352327,15058.58730000,34424399.20465200,0
2026-03-16 16:00:00,2273.88000000,2300.22000000,2270.00000000,2297.03000000,21757.29740000,2026-03-16 16:59:59.999,49761380.30704900,287912,12927.89720000,29569241.65385500,0
2026-03-16 17:00:00,2297.03000000,2323.00000000,2293.49000000,2314.74000000,35717.62990000,2026-03-16 17:59:59.999,82450591.53824800,337331,20034.26040000,46245355.02938100,0
2026-03-16 18:00:00,2314.75000000,2346.16000000,2313.60000000,2321.46000000,45602.65510000,2026-03-16 18:59:59.999,106375648.59980400,384208,24416.35090000,56953600.70192000,0
2026-03-16 19:00:00,2321.46000000,2348.06000000,2318.43000000,2330.92000000,24597.73020000,2026-03-16 19:59:59.999,57370216.17894500,309592,11414.67090000,26625343.91310900,0
2026-03-16 20:00:00,2330.92000000,2347.53000000,2323.68000000,2345.31000000,13876.17830000,2026-03-16 20:59:59.999,32402781.62170500,168642,7138.49610000,16675694.85534500,0
2026-03-16 21:00:00,2345.31000000,2376.34000000,2343.63000000,2361.05000000,47279.33040000,2026-03-16 21:59:59.999,111510824.92343700,383168,24644.36850000,58122528.38381900,0
2026-03-16 22:00:00,2361.04000000,2386.02000000,2355.33000000,2357.83000000,37418.60290000,2026-03-16 22:59:59.999,88640720.45181900,286791,18443.21490000,43706943.57282900,0
2026-03-16 23:00:00,2357.83000000,2361.47000000,2330.00000000,2352.97000000,31354.13790000,2026-03-16 23:59:59.999,73599326.12167800,259826,17390.26810000,40829560.04849400,0
2026-03-17 00:00:00,2352.97000000,2376.66000000,2340.21000000,2357.62000000,56259.72300000,2026-03-17 00:59:59.999,132657471.47144800,512027,28593.77450000,67445440.74546500,0
2026-03-17 01:00:00,2357.62000000,2375.65000000,2346.72000000,2361.21000000,48190.32090000,2026-03-17 01:59:59.999,113893859.54417700,401171,28934.47140000,68402873.62107600,0
2026-03-17 02:00:00,2361.20000000,2361.88000000,2344.79000000,2351.30000000,20865.15300000,2026-03-17 02:59:59.999,49107409.39336800,210296,9982.35600000,23490444.34292900,0
2026-03-17 03:00:00,2351.31000000,2355.99000000,2308.03000000,2320.00000000,33726.42260000,2026-03-17 03:59:59.999,78453559.14725100,325624,14168.20050000,32962848.24511400,0
2026-03-17 04:00:00,2320.01000000,2330.00000000,2294.15000000,2311.50000000,42398.81480000,2026-03-17 04:59:59.999,97953868.95736100,271414,21518.97100000,49693179.35391600,0
2026-03-17 05:00:00,2311.49000000,2318.43000000,2297.91000000,2307.37000000,14141.17010000,2026-03-17 05:59:59.999,32644433.45470500,186552,5893.36130000,13605721.23574900,0
2026-03-17 06:00:00,2307.37000000,2325.13000000,2298.24000000,2315.34000000,14746.86860000,2026-03-17 06:59:59.999,34115936.70316900,166205,7147.95730000,16542187.58940900,0
2026-03-17 07:00:00,2315.35000000,2337.86000000,2315.35000000,2327.70000000,15496.42300000,2026-03-17 07:59:59.999,36098971.87188900,139410,7578.35740000,17651988.10903400,0
2026-03-17 08:00:00,2327.71000000,2335.35000000,2316.05000000,2320.66000000,12844.34300000,2026-03-17 08:59:59.999,29877079.03181600,184078,5530.02850000,12867855.66013700,0
2026-03-17 09:00:00,2320.67000000,2329.34000000,2307.00000000,2315.79000000,18557.21020000,2026-03-17 09:59:59.999,43009936.89327700,204197,7986.67740000,18516835.11441000,0
2026-03-17 10:00:00,2315.78000000,2317.09000000,2304.00000000,2312.94000000,13150.66230000,2026-03-17 10:59:59.999,30394791.10114200,175424,5440.13420000,12573178.33204100,0
2026-03-17 11:00:00,2312.94000000,2332.92000000,2311.77000000,2326.82000000,15268.09480000,2026-03-17 11:59:59.999,35521620.76134800,171046,9543.14080000,22199147.22405400,0
2026-03-17 12:00:00,2326.81000000,2335.00000000,2312.77000000,2315.42000000,14896.72180000,2026-03-17 12:59:59.999,34578098.19094100,222811,6906.73180000,16042382.02778400,0
2026-03-17 13:00:00,2315.42000000,2346.48000000,2313.41000000,2328.65000000,26349.22840000,2026-03-17 13:59:59.999,61376972.96126300,397754,12714.79050000,29618412.64285600,0
2026-03-17 14:00:00,2328.66000000,2348.94000000,2318.94000000,2343.45000000,29242.01350000,2026-03-17 14:59:59.999,68325077.46600400,396670,14916.51890000,34863239.96870000,0
2026-03-17 15:00:00,2343.45000000,2357.73000000,2304.27000000,2315.98000000,34576.09590000,2026-03-17 15:59:59.999,80417245.23130900,454883,16000.73780000,37241587.62904500,0
2026-03-17 16:00:00,2315.98000000,2336.96000000,2312.44000000,2326.84000000,17283.23550000,2026-03-17 16:59:59.999,40202228.28666500,275213,8194.72670000,19062574.46221100,0
2026-03-17 17:00:00,2326.85000000,2342.64000000,2320.60000000,2340.04000000,12222.79700000,2026-03-17 17:59:59.999,28511725.41005300,186989,6198.82450000,14464467.47706600,0
2026-03-17 18:00:00,2340.04000000,2342.70000000,2328.11000000,2332.98000000,10802.88680000,2026-03-17 18:59:59.999,25247530.56351500,163907,4583.87200000,10715370.99709300,0
2026-03-17 19:00:00,2332.98000000,2340.00000000,2317.00000000,2320.22000000,10125.50710000,2026-03-17 19:59:59.999,23574823.85946200,156794,3951.51450000,9200213.70654100,0
2026-03-17 20:00:00,2320.22000000,2330.39000000,2317.68000000,2327.88000000,7920.35140000,2026-03-17 20:59:59.999,18405083.42466200,91536,3551.90890000,8252394.07842600,0
2026-03-17 21:00:00,2327.88000000,2344.69000000,2327.88000000,2338.45000000,8452.16200000,2026-03-17 21:59:59.999,19758235.39416100,97369,3977.01730000,9298136.72456000,0
2026-03-17 22:00:00,2338.45000000,2342.11000000,2318.39000000,2329.54000000,8924.00820000,2026-03-17 22:59:59.999,20786415.59785800,113436,3626.93190000,8449317.95994300,0
2026-03-17 23:00:00,2329.54000000,2333.11000000,2316.78000000,2317.39000000,7390.88770000,2026-03-17 23:59:59.999,17181632.95159300,91830,3195.50140000,7429886.50459900,0
2026-03-18 00:00:00,2317.38000000,2325.66000000,2307.00000000,2324.24000000,11666.41740000,2026-03-18 00:59:59.999,27007534.18035000,167747,6054.02510000,14015457.86501900,0
2026-03-18 01:00:00,2324.24000000,2335.33000000,2323.17000000,2325.02000000,7119.27330000,2026-03-18 01:59:59.999,16578902.18505500,127518,3397.48300000,7912747.56683900,0
2026-03-18 02:00:00,2325.03000000,2341.30000000,2324.74000000,2331.49000000,8007.84540000,2026-03-18 02:59:59.999,18692437.82122400,111447,3767.15160000,8795996.45369200,0
2026-03-18 03:00:00,2331.48000000,2350.00000000,2328.65000000,2340.61000000,12961.33240000,2026-03-18 03:59:59.999,30332283.86388300,118368,7211.45420000,16882551.68370300,0
2026-03-18 04:00:00,2340.61000000,2342.00000000,2326.62000000,2327.51000000,6998.16370000,2026-03-18 04:59:59.999,16329567.64720800,85206,2458.43870000,5734955.06593400,0
2026-03-18 05:00:00,2327.50000000,2330.97000000,2313.81000000,2318.42000000,11045.55920000,2026-03-18 05:59:59.999,25665610.78015200,103666,3814.98750000,8864629.17745200,0
2026-03-18 06:00:00,2318.42000000,2331.14000000,2318.18000000,2322.73000000,7129.49660000,2026-03-18 06:59:59.999,16576864.34467500,88813,4114.14580000,9566903.13423800,0
2026-03-18 07:00:00,2322.73000000,2323.22000000,2311.53000000,2317.74000000,7584.76590000,2026-03-18 07:59:59.999,17579171.42714400,89111,3206.24460000,7429519.93820800,0
2026-03-18 08:00:00,2317.73000000,2325.50000000,2317.30000000,2322.59000000,4961.84450000,2026-03-18 08:59:59.999,11517987.94055100,99466,2521.29720000,5852594.98007500,0
2026-03-18 09:00:00,2322.59000000,2333.62000000,2321.87000000,2329.27000000,7538.46140000,2026-03-18 09:59:59.999,17551109.18511400,95398,3776.23930000,8791927.04209200,0
2026-03-18 10:00:00,2329.27000000,2331.99000000,2309.42000000,2312.83000000,14463.18910000,2026-03-18 10:59:59.999,33559770.26414200,117763,5280.06370000,12247658.68443500,0
2026-03-18 11:00:00,2312.83000000,2319.16000000,2263.43000000,2269.34000000,43820.64830000,2026-03-18 11:59:59.999,100101087.17163400,450193,19951.31110000,45542717.10244100,0
2026-03-18 12:00:00,2269.33000000,2270.50000000,2235.45000000,2237.49000000,41031.31030000,2026-03-18 12:59:59.999,92356148.76124500,506776,18873.22760000,42475485.13571200,0
2026-03-18 13:00:00,2237.50000000,2244.90000000,2223.69000000,2235.68000000,31025.66910000,2026-03-18 13:59:59.999,69353175.87867200,444813,15511.14830000,34675159.63358300,0
2026-03-18 14:00:00,2235.69000000,2237.21000000,2186.93000000,2190.27000000,51230.14830000,2026-03-18 14:59:59.999,113210072.28664000,518354,22018.66750000,48684067.25034700,0
2026-03-18 15:00:00,2190.26000000,2196.23000000,2168.97000000,2187.66000000,47106.99210000,2026-03-18 15:59:59.999,102838717.64144000,478398,22771.79160000,49731819.76495200,0
2026-03-18 16:00:00,2187.67000000,2190.93000000,2166.87000000,2181.00000000,25173.85300000,2026-03-18 16:59:59.999,54833163.12114800,301937,10717.81350000,23349991.74528000,0
2026-03-18 17:00:00,2181.00000000,2211.70000000,2176.99000000,2204.02000000,25927.78630000,2026-03-18 17:59:59.999,56969370.64157500,282275,14864.03680000,32678034.50235200,0
2026-03-18 18:00:00,2204.02000000,2220.00000000,2176.00000000,2181.20000000,32888.17530000,2026-03-18 18:59:59.999,72398611.71514600,504971,15190.91000000,33469761.69894600,0
2026-03-18 19:00:00,2181.20000000,2196.57000000,2178.81000000,2185.85000000,15080.65640000,2026-03-18 19:59:59.999,33011681.47836400,238651,6481.91120000,14190978.55282800,0
2026-03-18 20:00:00,2185.85000000,2194.78000000,2153.21000000,2187.36000000,33883.35540000,2026-03-18 20:59:59.999,73618541.54944700,315065,16934.72640000,36796345.92403800,0
2026-03-18 21:00:00,2187.36000000,2206.87000000,2185.66000000,2202.49000000,12999.51840000,2026-03-18 21:59:59.999,28565074.10591100,172641,7243.14960000,15916073.55624800,0
2026-03-18 22:00:00,2202.50000000,2203.50000000,2187.58000000,2194.41000000,10013.86030000,2026-03-18 22:59:59.999,21957484.95203200,119504,4204.79140000,9218874.41772800,0
2026-03-18 23:00:00,2194.41000000,2206.88000000,2188.77000000,2203.39000000,18382.56660000,2026-03-18 23:59:59.999,40418536.16050200,146856,11999.57490000,26390627.12591600,0
2026-03-19 00:00:00,2203.39000000,2208.28000000,2190.86000000,2193.34000000,12225.72700000,2026-03-19 00:59:59.999,26872202.68662400,151129,5338.03250000,11734178.53827000,0
2026-03-19 01:00:00,2193.33000000,2201.98000000,2187.24000000,2196.92000000,10063.23210000,2026-03-19 01:59:59.999,22088848.25807500,144110,4577.65800000,10052045.91855400,0
2026-03-19 02:00:00,2196.93000000,2205.00000000,2188.94000000,2196.68000000,6192.21360000,2026-03-19 02:59:59.999,13615164.56413700,135735,3230.15800000,7100928.39977900,0
2026-03-19 03:00:00,2196.69000000,2233.72000000,2196.69000000,2212.29000000,24098.45390000,2026-03-19 03:59:59.999,53444495.73872500,243635,12375.29630000,27448600.62261300,0
2026-03-19 04:00:00,2212.29000000,2213.11000000,2190.83000000,2193.61000000,9828.26500000,2026-03-19 04:59:59.999,21617948.45077800,184319,4507.57210000,9914895.26254300,0
2026-03-19 05:00:00,2193.62000000,2198.50000000,2186.67000000,2189.14000000,6929.88770000,2026-03-19 05:59:59.999,15184939.37394500,130127,2719.34300000,5959608.16167000,0
2026-03-19 06:00:00,2189.14000000,2195.70000000,2177.79000000,2180.64000000,16389.56260000,2026-03-19 06:59:59.999,35813498.81060600,200600,6553.83750000,14321761.39696500,0
2026-03-19 07:00:00,2180.65000000,2182.00000000,2143.14000000,2166.68000000,46063.57140000,2026-03-19 07:59:59.999,99617283.16170200,437905,21839.49550000,47252149.40355600,0
2026-03-19 08:00:00,2166.68000000,2170.99000000,2158.09000000,2160.66000000,14135.16190000,2026-03-19 08:59:59.999,30585690.78877300,219893,7247.32680000,15681806.35848700,0
2026-03-19 09:00:00,2160.65000000,2191.16000000,2159.99000000,2189.42000000,34822.21190000,2026-03-19 09:59:59.999,75849450.61626700,300448,15705.36070000,34183446.18131600,0
2026-03-19 10:00:00,2189.43000000,2192.07000000,2172.48000000,2172.76000000,8226.43870000,2026-03-19 10:59:59.999,17948226.57697700,142550,4058.82570000,8858330.69420200,0
2026-03-19 11:00:00,2172.76000000,2177.58000000,2165.83000000,2166.92000000,8602.23300000,2026-03-19 11:59:59.999,18673290.14086200,141578,4726.22680000,10260276.60554500,0
2026-03-19 12:00:00,2166.92000000,2167.48000000,2130.16000000,2132.45000000,24789.66120000,2026-03-19 12:59:59.999,53230849.08662100,305522,9560.84480000,20541777.73748300,0
2026-03-19 13:00:00,2132.45000000,2143.16000000,2110.90000000,2137.49000000,61210.53760000,2026-03-19 13:59:59.999,130158128.68302400,674517,26588.46100000,56564544.98739600,0
2026-03-19 14:00:00,2137.50000000,2147.26000000,2102.16000000,2121.68000000,44113.78350000,2026-03-19 14:59:59.999,93525438.98003900,542195,18972.07280000,40231072.83179800,0
2026-03-19 15:00:00,2121.67000000,2136.79000000,2099.38000000,2118.81000000,35200.33920000,2026-03-19 15:59:59.999,74523158.71090700,454618,15341.61220000,32502299.83266800,0
2026-03-19 16:00:00,2118.81000000,2121.95000000,2106.44000000,2115.09000000,34288.27590000,2026-03-19 16:59:59.999,72501361.56456800,334238,21069.65370000,44558158.65459600,0
2026-03-19 17:00:00,2115.08000000,2131.70000000,2104.87000000,2126.96000000,15221.90800000,2026-03-19 17:59:59.999,32258260.04057800,255214,8194.82730000,17376242.32949800,0
2026-03-19 18:00:00,2126.97000000,2129.48000000,2114.31000000,2125.04000000,7902.95610000,2026-03-19 18:59:59.999,16761223.20819900,151270,4212.17070000,8932942.56384100,0
2026-03-19 19:00:00,2125.04000000,2156.92000000,2125.04000000,2141.19000000,28980.15930000,2026-03-19 19:59:59.999,62148223.59776200,440536,16579.27590000,35558680.54546900,0
2026-03-19 20:00:00,2141.18000000,2152.80000000,2139.39000000,2146.35000000,8053.48300000,2026-03-19 20:59:59.999,17276776.03524100,114812,4317.30260000,9262085.49721300,0
2026-03-19 21:00:00,2146.35000000,2155.62000000,2145.16000000,2149.95000000,9694.91830000,2026-03-19 21:59:59.999,20845099.92421700,123068,5254.32740000,11297443.14807100,0
2026-03-19 22:00:00,2149.95000000,2152.36000000,2133.08000000,2140.08000000,12230.95410000,2026-03-19 22:59:59.999,26211149.39653700,164719,6240.72450000,13375437.88719900,0
2026-03-19 23:00:00,2140.08000000,2147.48000000,2130.57000000,2137.81000000,11527.74400000,2026-03-19 23:59:59.999,24656353.26255700,149422,6272.77300000,13414550.58572900,0
2026-03-20 00:00:00,2137.82000000,2149.00000000,2134.72000000,2145.60000000,9477.51980000,2026-03-20 00:59:59.999,20319397.56893600,162677,5959.13090000,12776806.63878600,0
2026-03-20 01:00:00,2145.61000000,2160.78000000,2145.10000000,2150.88000000,15224.70820000,2026-03-20 01:59:59.999,32800242.87442600,178861,9826.35910000,21170975.81590800,0
2026-03-20 02:00:00,2150.89000000,2151.77000000,2132.69000000,2144.44000000,12247.09880000,2026-03-20 02:59:59.999,26234604.04523800,148686,5491.40640000,11762799.12395200,0
2026-03-20 03:00:00,2144.45000000,2157.08000000,2143.61000000,2151.38000000,7545.43350000,2026-03-20 03:59:59.999,16228610.64403600,130785,3873.48580000,8330597.45150600,0
2026-03-20 04:00:00,2151.38000000,2159.24000000,2139.18000000,2148.38000000,10683.16390000,2026-03-20 04:59:59.999,22961711.89633800,133083,5008.57080000,10764613.43581500,0
2026-03-20 05:00:00,2148.39000000,2151.92000000,2137.73000000,2140.37000000,6696.94820000,2026-03-20 05:59:59.999,14366120.94892000,119406,3537.88470000,7591299.61385700,0
2026-03-20 06:00:00,2140.38000000,2141.78000000,2132.06000000,2136.61000000,7941.35500000,2026-03-20 06:59:59.999,16971552.18810700,125919,4165.20810000,8901815.96366800,0
2026-03-20 07:00:00,2136.61000000,2153.40000000,2121.25000000,2150.54000000,17958.48240000,2026-03-20 07:59:59.999,38408926.58300700,196060,10292.99730000,22020470.23002500,0
2026-03-20 08:00:00,2150.53000000,2176.84000000,2146.71000000,2164.20000000,21588.26210000,2026-03-20 08:59:59.999,46753537.67043600,275056,13348.67020000,28912096.28720900,0
2026-03-20 09:00:00,2164.19000000,2164.19000000,2134.95000000,2141.21000000,16374.62850000,2026-03-20 09:59:59.999,35174852.87612400,247143,8194.47230000,17603202.93198500,0
2026-03-20 10:00:00,2141.21000000,2151.27000000,2131.56000000,2148.38000000,10311.90470000,2026-03-20 10:59:59.999,22065624.06115600,166239,5138.15910000,10996262.06739600,0
2026-03-20 11:00:00,2148.38000000,2158.69000000,2135.00000000,2141.50000000,13415.60960000,2026-03-20 11:59:59.999,28814256.51926200,153707,5828.67240000,12519552.54702300,0
2026-03-20 12:00:00,2141.49000000,2152.74000000,2135.37000000,2141.13000000,8711.14230000,2026-03-20 12:59:59.999,18672080.92527500,164203,4616.57850000,9895881.64648400,0
2026-03-20 13:00:00,2141.13000000,2152.64000000,2123.18000000,2127.39000000,18804.52960000,2026-03-20 13:59:59.999,40166021.42181600,391938,9797.40070000,20933426.69511000,0
2026-03-20 14:00:00,2127.39000000,2147.74000000,2116.88000000,2129.30000000,25684.62910000,2026-03-20 14:59:59.999,54737106.39132900,474949,14236.23280000,30348138.99564000,0
2026-03-20 15:00:00,2129.30000000,2138.78000000,2120.33000000,2134.01000000,15282.99400000,2026-03-20 15:59:59.999,32549675.96765200,289463,8291.30740000,17662841.58239100,0
2026-03-20 16:00:00,2134.00000000,2144.76000000,2130.58000000,2137.31000000,10515.19380000,2026-03-20 16:59:59.999,22479394.66087500,202250,6242.50820000,13344964.98449500,0
2026-03-20 17:00:00,2137.32000000,2141.16000000,2119.72000000,2136.69000000,9903.94510000,2026-03-20 17:59:59.999,21101699.06603900,185162,4666.13160000,9945707.61229600,0
2026-03-20 18:00:00,2136.70000000,2137.67000000,2117.41000000,2123.29000000,12289.67190000,2026-03-20 18:59:59.999,26127726.40772300,179579,5922.02040000,12588814.30608300,0
2026-03-20 19:00:00,2123.29000000,2134.97000000,2117.50000000,2132.91000000,12300.93120000,2026-03-20 19:59:59.999,26147800.08814000,187350,6484.42860000,13784510.42047600,0
2026-03-20 20:00:00,2132.91000000,2137.00000000,2123.96000000,2133.25000000,6221.38720000,2026-03-20 20:59:59.999,13259358.60959600,101065,3621.91130000,7719682.50225800,0
2026-03-20 21:00:00,2133.25000000,2157.25000000,2130.83000000,2147.53000000,13961.40190000,2026-03-20 21:59:59.999,29966345.20874100,151297,8247.65870000,17697229.75887800,0
2026-03-20 22:00:00,2147.53000000,2168.00000000,2147.53000000,2154.71000000,12246.04320000,2026-03-20 22:59:59.999,26444501.20888700,140348,7036.83350000,15195673.48921400,0
2026-03-20 23:00:00,2154.70000000,2155.72000000,2143.16000000,2146.22000000,4769.19380000,2026-03-20 23:59:59.999,10244380.29859500,90146,2372.11520000,5094822.49645500,0
2026-03-21 00:00:00,2146.21000000,2156.77000000,2144.24000000,2153.30000000,6542.31280000,2026-03-21 00:59:59.999,14069300.93187600,89722,3725.81700000,8014207.36793600,0
2026-03-21 01:00:00,2153.30000000,2159.87000000,2147.35000000,2147.55000000,4294.07140000,2026-03-21 01:59:59.999,9245399.80402000,68806,1919.63970000,4134362.67990500,0
2026-03-21 02:00:00,2147.54000000,2156.32000000,2146.35000000,2154.90000000,2628.76810000,2026-03-21 02:59:59.999,5653928.68747900,54549,1202.54450000,2587036.61280400,0
2026-03-21 03:00:00,2154.89000000,2155.95000000,2150.99000000,2153.60000000,2251.58620000,2026-03-21 03:59:59.999,4847776.80459400,36773,1076.73060000,2318271.56491700,0
2026-03-21 04:00:00,2153.59000000,2158.19000000,2150.36000000,2151.75000000,4075.41410000,2026-03-21 04:59:59.999,8780787.18796900,49834,1914.20780000,4125386.29900100,0
2026-03-21 05:00:00,2151.76000000,2160.00000000,2151.75000000,2153.39000000,6665.25610000,2026-03-21 05:59:59.999,14365517.43541300,43320,4004.23660000,8630877.28657000,0
2026-03-21 06:00:00,2153.39000000,2156.49000000,2152.28000000,2155.80000000,2211.70650000,2026-03-21 06:59:59.999,4764788.46327000,35015,1327.82430000,2860544.54354100,0
2026-03-21 07:00:00,2155.81000000,2161.34000000,2153.72000000,2155.67000000,3541.80640000,2026-03-21 07:59:59.999,7641145.73458800,40199,1786.63390000,3854969.89919800,0
2026-03-21 08:00:00,2155.67000000,2157.22000000,2149.57000000,2154.00000000,3571.49940000,2026-03-21 08:59:59.999,7690415.23310200,44264,1432.74340000,3085481.30003400,0
2026-03-21 09:00:00,2153.99000000,2159.00000000,2153.80000000,2158.77000000,4558.63680000,2026-03-21 09:59:59.999,9832425.57797000,45048,2641.04540000,5695981.33350500,0
2026-03-21 10:00:00,2158.77000000,2159.52000000,2153.05000000,2154.34000000,2279.33260000,2026-03-21 10:59:59.999,4913925.78127700,32441,1186.83110000,2558558.87898700,0
2026-03-21 11:00:00,2154.34000000,2157.91000000,2153.00000000,2157.37000000,1630.66510000,2026-03-21 11:59:59.999,3515004.04484400,23594,794.16620000,1711821.84099000,0
2026-03-21 12:00:00,2157.37000000,2160.62000000,2156.76000000,2157.98000000,2567.72160000,2026-03-21 12:59:59.999,5543179.48048800,30728,1626.37280000,3511262.95807300,0
2026-03-21 13:00:00,2157.98000000,2159.79000000,2155.00000000,2155.86000000,1853.68670000,2026-03-21 13:59:59.999,3997749.98816600,33070,916.73210000,1976864.78314800,0
2026-03-21 14:00:00,2155.86000000,2168.27000000,2150.61000000,2152.13000000,8218.23460000,2026-03-21 14:59:59.999,17757152.84758300,86746,4237.96270000,9159309.44278800,0
2026-03-21 15:00:00,2152.13000000,2157.58000000,2146.45000000,2155.12000000,7311.51050000,2026-03-21 15:59:59.999,15734641.11190300,74579,3646.97140000,7849698.70409400,0
2026-03-21 16:00:00,2155.13000000,2155.58000000,2144.67000000,2146.65000000,5011.80880000,2026-03-21 16:59:59.999,10777364.37397300,63678,1776.45700000,3819597.95012900,0
2026-03-21 17:00:00,2146.64000000,2150.61000000,2142.01000000,2148.56000000,3222.34900000,2026-03-21 17:59:59.999,6918175.82554500,41327,1748.06290000,3753893.50013300,0
2026-03-21 18:00:00,2148.56000000,2155.64000000,2147.79000000,2151.46000000,2747.26980000,2026-03-21 18:59:59.999,5911230.59336500,34112,1585.20240000,3410742.09742900,0
2026-03-21 19:00:00,2151.47000000,2153.03000000,2149.06000000,2152.16000000,2984.21320000,2026-03-21 19:59:59.999,6421850.05299200,25331,2119.59390000,4561916.58529000,0
2026-03-21 20:00:00,2152.17000000,2156.59000000,2150.41000000,2155.67000000,2702.13360000,2026-03-21 20:59:59.999,5821324.79341300,31882,1520.17770000,3274994.50065700,0
2026-03-21 21:00:00,2155.67000000,2157.00000000,2152.21000000,2153.70000000,2883.62090000,2026-03-21 21:59:59.999,6211755.62198700,28995,1328.59280000,2861714.11600500,0
2026-03-21 22:00:00,2153.69000000,2153.69000000,2149.36000000,2149.94000000,2656.03820000,2026-03-21 22:59:59.999,5714162.50853300,33102,1150.18090000,2474575.59212300,0
2026-03-21 23:00:00,2149.93000000,2149.93000000,2070.78000000,2084.87000000,46149.82220000,2026-03-21 23:59:59.999,97015607.83255300,328348,18580.85410000,38992564.39762800,0
2026-03-22 00:00:00,2084.86000000,2095.43000000,2050.12000000,2087.67000000,60906.67930000,2026-03-22 00:59:59.999,126344070.67448700,542526,28143.33870000,58403715.41190200,0
2026-03-22 01:00:00,2087.68000000,2094.49000000,2082.00000000,2091.36000000,19598.97100000,2026-03-22 01:59:59.999,40932605.77649600,175757,9445.02490000,19726488.82884000,0
2026-03-22 02:00:00,2091.37000000,2109.36000000,2088.00000000,2102.29000000,14239.97200000,2026-03-22 02:59:59.999,29898698.10543700,159589,8351.33710000,17537152.34432600,0
2026-03-22 03:00:00,2102.29000000,2127.21000000,2098.09000000,2113.83000000,14776.02600000,2026-03-22 03:59:59.999,31240481.29434100,169473,7941.83800000,16794234.11011400,0
2026-03-22 04:00:00,2113.83000000,2122.94000000,2106.36000000,2119.39000000,12384.67090000,2026-03-22 04:59:59.999,26209033.54770500,137844,7071.53660000,14967631.35326100,0
2026-03-22 05:00:00,2119.39000000,2120.94000000,2112.71000000,2113.00000000,6294.29100000,2026-03-22 05:59:59.999,13324502.80780100,75445,3211.00470000,6797926.26585000,0
2026-03-22 06:00:00,2113.01000000,2113.34000000,2106.99000000,2108.76000000,5445.33230000,2026-03-22 06:59:59.999,11489700.89546100,71034,2512.79830000,5301772.01854600,0
2026-03-22 07:00:00,2108.76000000,2112.05000000,2092.35000000,2093.38000000,8519.33860000,2026-03-22 07:59:59.999,17908960.06119200,90101,3444.75120000,7245744.75012800,0
2026-03-22 08:00:00,2093.40000000,2095.89000000,2074.36000000,2086.50000000,19423.70110000,2026-03-22 08:59:59.999,40487864.06743500,206914,8500.66410000,17716227.75596300,0
2026-03-22 09:00:00,2086.50000000,2096.82000000,2079.90000000,2085.09000000,8961.74760000,2026-03-22 09:59:59.999,18699513.52955400,128416,4481.40780000,9352950.97042600,0
2026-03-22 10:00:00,2085.10000000,2086.95000000,2077.33000000,2081.45000000,4126.74860000,2026-03-22 10:59:59.999,8589836.47956100,76378,2010.41890000,4184708.27674600,0
2026-03-22 11:00:00,2081.44000000,2083.80000000,2066.97000000,2069.98000000,10550.33820000,2026-03-22 11:59:59.999,21891660.24127200,138921,4955.07830000,10282938.40079400,0
2026-03-22 12:00:00,2069.97000000,2088.44000000,2068.37000000,2082.44000000,9735.63950000,2026-03-22 12:59:59.999,20240792.95624200,132363,5389.54090000,11206767.19643400,0
2026-03-22 13:00:00,2082.44000000,2092.63000000,2072.77000000,2078.71000000,10405.01320000,2026-03-22 13:59:59.999,21680023.18193900,126414,5877.34610000,12249555.52406100,0
2026-03-22 14:00:00,2078.71000000,2085.19000000,2071.67000000,2078.14000000,8042.34380000,2026-03-22 14:59:59.999,16724857.75004700,87697,4225.73280000,8788049.94600000,0
2026-03-22 15:00:00,2078.14000000,2084.58000000,2075.67000000,2083.10000000,6131.29160000,2026-03-22 15:59:59.999,12754542.59540800,76233,3740.37100000,7780921.23551800,0
2026-03-22 16:00:00,2083.10000000,2084.45000000,2077.88000000,2082.09000000,4105.44240000,2026-03-22 16:59:59.999,8544645.76534200,61714,2392.03970000,4978835.68020900,0
2026-03-22 17:00:00,2082.10000000,2084.35000000,2077.41000000,2079.61000000,4053.78660000,2026-03-22 17:59:59.999,8436032.12573500,53702,2374.65740000,4941725.07734600,0
2026-03-22 18:00:00,2079.60000000,2080.41000000,2057.00000000,2072.27000000,10621.57860000,2026-03-22 18:59:59.999,21971973.73848900,111987,4348.45190000,8994763.76568900,0
2026-03-22 19:00:00,2072.26000000,2072.70000000,2054.35000000,2063.21000000,9191.56100000,2026-03-22 19:59:59.999,18956322.62863300,116776,3908.97780000,8062051.64813900,0
2026-03-22 20:00:00,2063.22000000,2072.25000000,2056.35000000,2058.58000000,7564.97800000,2026-03-22 20:59:59.999,15611132.31579200,95006,3672.52810000,7579635.71959100,0
2026-03-22 21:00:00,2058.58000000,2060.51000000,2026.00000000,2045.96000000,28928.48620000,2026-03-22 21:59:59.999,59025315.62827400,303139,14519.15260000,29620874.21482700,0
2026-03-22 22:00:00,2045.96000000,2065.65000000,2032.57000000,2062.67000000,18597.56790000,2026-03-22 22:59:59.999,38138587.37789200,281482,9039.32310000,18545889.60544400,0
2026-03-22 23:00:00,2062.68000000,2074.16000000,2051.27000000,2053.89000000,10465.05180000,2026-03-22 23:59:59.999,21583623.11425900,158946,4788.38560000,9881324.62552400,0
2026-03-23 00:00:00,2053.90000000,2063.08000000,2035.69000000,2043.31000000,16767.35440000,2026-03-23 00:59:59.999,34358211.67102100,261581,7439.72670000,15248609.52552400,0
2026-03-23 01:00:00,2043.31000000,2062.38000000,2039.46000000,2047.69000000,10349.84090000,2026-03-23 01:59:59.999,21249646.96673900,191463,5662.26470000,11626251.72357100,0
2026-03-23 02:00:00,2047.70000000,2070.24000000,2046.72000000,2063.42000000,13332.44560000,2026-03-23 02:59:59.999,27441745.09606300,176012,8133.66060000,16741993.85152900,0
2026-03-23 03:00:00,2063.42000000,2072.33000000,2051.67000000,2052.54000000,5643.84820000,2026-03-23 03:59:59.999,11628768.40664500,119641,2805.05100000,5781464.61935500,0
2026-03-23 04:00:00,2052.53000000,2066.21000000,2050.64000000,2065.47000000,5965.39240000,2026-03-23 04:59:59.999,12274317.81245900,95712,3247.73550000,6684000.71405500,0
2026-03-23 05:00:00,2065.47000000,2072.11000000,2060.71000000,2069.27000000,10766.36600000,2026-03-23 05:59:59.999,22248344.68341300,136055,5579.80300000,11532594.01913000,0
2026-03-23 06:00:00,2069.26000000,2069.26000000,2028.47000000,2037.30000000,19415.67570000,2026-03-23 06:59:59.999,39681674.30980600,229139,8426.64690000,17221888.57104100,0
2026-03-23 07:00:00,2037.31000000,2050.00000000,2023.04000000,2044.72000000,21368.59510000,2026-03-23 07:59:59.999,43546328.21823300,245679,12077.71680000,24619158.12605800,0
2026-03-23 08:00:00,2044.73000000,2059.16000000,2044.20000000,2048.02000000,12995.61970000,2026-03-23 08:59:59.999,26674974.22739500,208409,6555.32170000,13456023.70972800,0
2026-03-23 09:00:00,2048.01000000,2049.13000000,2028.20000000,2043.63000000,9832.21520000,2026-03-23 09:59:59.999,20043842.02724900,182947,4800.04570000,9787533.23064900,0
2026-03-23 10:00:00,2043.64000000,2054.04000000,2040.39000000,2049.04000000,7896.07380000,2026-03-23 10:59:59.999,16157383.87811400,150332,4291.64530000,8781329.61306400,0
2026-03-23 11:00:00,2049.04000000,2198.57000000,2049.04000000,2134.78000000,161423.30100000,2026-03-23 11:59:59.999,347603241.96025900,1297261,81532.96020000,175455013.04990700,0
2026-03-23 12:00:00,2134.78000000,2147.85000000,2107.43000000,2144.27000000,57914.70740000,2026-03-23 12:59:59.999,123209643.32595400,678054,26538.27570000,56481499.38587100,0
2026-03-23 13:00:00,2144.27000000,2189.00000000,2140.11000000,2185.64000000,55730.55710000,2026-03-23 13:59:59.999,120518496.79013000,657822,33367.61120000,72187264.87283100,0
2026-03-23 14:00:00,2185.65000000,2192.44000000,2169.28000000,2181.16000000,41862.25590000,2026-03-23 14:59:59.999,91317771.48922400,514187,19825.25990000,43252894.37097600,0
2026-03-23 15:00:00,2181.16000000,2188.09000000,2124.75000000,2128.45000000,43736.40880000,2026-03-23 15:59:59.999,94316119.75214700,478144,19689.66900000,42447150.84739500,0
2026-03-23 16:00:00,2128.46000000,2142.72000000,2117.77000000,2135.88000000,35608.73500000,2026-03-23 16:59:59.999,75847924.11230600,486911,16947.63410000,36105158.36774600,0
2026-03-23 17:00:00,2135.88000000,2158.54000000,2124.57000000,2152.71000000,21257.74610000,2026-03-23 17:59:59.999,45580334.79871100,325766,11482.20990000,24634010.50269000,0
2026-03-23 18:00:00,2152.71000000,2171.76000000,2145.71000000,2168.72000000,17410.10430000,2026-03-23 18:59:59.999,37575437.71669200,269056,10042.08000000,21684287.66378800,0
2026-03-23 19:00:00,2168.72000000,2178.74000000,2150.48000000,2154.46000000,18734.49090000,2026-03-23 19:59:59.999,40559044.68216100,215565,9121.04600000,19756576.60021900,0
2026-03-23 20:00:00,2154.45000000,2166.81000000,2150.71000000,2161.49000000,6247.91100000,2026-03-23 20:59:59.999,13493741.37143900,93983,3131.39060000,6763744.12999300,0
2026-03-23 21:00:00,2161.49000000,2163.80000000,2154.57000000,2157.70000000,5220.54190000,2026-03-23 21:59:59.999,11272715.42678500,67154,2502.10970000,5402323.93664000,0
2026-03-23 22:00:00,2157.70000000,2159.61000000,2143.94000000,2152.81000000,7290.30820000,2026-03-23 22:59:59.999,15676582.13123200,139014,3214.90450000,6913516.22229300,0
2026-03-23 23:00:00,2152.80000000,2155.21000000,2140.71000000,2152.03000000,7737.94230000,2026-03-23 23:59:59.999,16623512.16232200,129781,3825.21770000,8217746.04668800,0
2026-03-24 00:00:00,2152.03000000,2156.22000000,2130.10000000,2143.22000000,12914.71350000,2026-03-24 00:59:59.999,27678718.97358300,209141,6154.97470000,13192635.55316900,0
2026-03-24 01:00:00,2143.22000000,2149.78000000,2124.26000000,2137.56000000,11048.73450000,2026-03-24 01:59:59.999,23611925.50141400,211390,5040.90720000,10775405.67434400,0
2026-03-24 02:00:00,2137.57000000,2145.92000000,2132.64000000,2135.86000000,9521.64740000,2026-03-24 02:59:59.999,20360511.09941600,156145,4105.70060000,8781113.56247100,0
2026-03-24 03:00:00,2135.87000000,2143.30000000,2130.70000000,2141.59000000,9582.55120000,2026-03-24 03:59:59.999,20477161.81772300,117478,4284.98580000,9157488.79598200,0
2026-03-24 04:00:00,2141.59000000,2152.03000000,2131.83000000,2136.33000000,7953.95180000,2026-03-24 04:59:59.999,17032069.97979600,130053,3742.25020000,8014388.77669700,0
2026-03-24 05:00:00,2136.32000000,2138.49000000,2128.84000000,2133.64000000,8181.00690000,2026-03-24 05:59:59.999,17446660.33079200,134061,3840.66080000,8190993.64398700,0
2026-03-24 06:00:00,2133.64000000,2146.35000000,2132.00000000,2145.30000000,7279.17890000,2026-03-24 06:59:59.999,15580462.24691000,114701,4211.06710000,9013853.31287700,0
2026-03-24 07:00:00,2145.30000000,2170.65000000,2144.13000000,2165.61000000,22660.92030000,2026-03-24 07:59:59.999,48927060.91178200,233264,10955.79850000,23655057.55463800,0
2026-03-24 08:00:00,2165.61000000,2167.37000000,2152.17000000,2155.06000000,11529.43860000,2026-03-24 08:59:59.999,24899198.17368200,149578,5649.71220000,12202787.61660600,0
2026-03-24 09:00:00,2155.07000000,2167.90000000,2147.36000000,2164.97000000,8784.85730000,2026-03-24 09:59:59.999,18951926.04163900,113542,4132.81560000,8918022.24545400,0
2026-03-24 10:00:00,2164.97000000,2164.98000000,2155.27000000,2161.25000000,6223.98100000,2026-03-24 10:59:59.999,13442972.36657600,97089,2949.87980000,6370554.66412800,0
2026-03-24 11:00:00,2161.25000000,2175.16000000,2152.13000000,2165.90000000,13602.47260000,2026-03-24 11:59:59.999,29437835.99825200,190858,6973.44410000,15095636.78735300,0
2026-03-24 12:00:00,2165.89000000,2170.52000000,2158.89000000,2162.44000000,7154.93270000,2026-03-24 12:59:59.999,15482990.93496200,153539,3463.36550000,7495711.21416500,0
2026-03-24 13:00:00,2162.43000000,2165.53000000,2130.46000000,2138.38000000,24657.58040000,2026-03-24 13:59:59.999,52902735.81350500,418666,11296.29140000,24236195.05112400,0
2026-03-24 14:00:00,2138.37000000,2148.31000000,2120.00000000,2133.98000000,32739.97750000,2026-03-24 14:59:59.999,69866763.55566200,486384,15514.76820000,33116937.99541400,0
2026-03-24 15:00:00,2133.98000000,2147.74000000,2131.50000000,2135.15000000,15780.51690000,2026-03-24 15:59:59.999,33745136.91288300,259917,7301.20400000,15612436.31415700,0
2026-03-24 16:00:00,2135.15000000,2140.57000000,2120.90000000,2127.20000000,14879.48070000,2026-03-24 16:59:59.999,31714924.70283000,212491,6947.25590000,14808116.14935800,0
2026-03-24 17:00:00,2127.20000000,2128.70000000,2103.02000000,2109.17000000,26735.32850000,2026-03-24 17:59:59.999,56488913.88612300,295861,11586.55670000,24478781.63243300,0
2026-03-24 18:00:00,2109.18000000,2127.90000000,2105.07000000,2118.92000000,11372.53550000,2026-03-24 18:59:59.999,24060386.90985100,189488,6292.66050000,13317967.93710800,0
2026-03-24 19:00:00,2118.92000000,2127.84000000,2114.37000000,2116.87000000,6567.43390000,2026-03-24 19:59:59.999,13927143.24779400,120171,2916.00410000,6184363.65242700,0
2026-03-24 20:00:00,2116.86000000,2154.50000000,2115.63000000,2148.48000000,21481.87240000,2026-03-24 20:59:59.999,46033011.59965700,291922,12090.91320000,25907000.45720300,0
2026-03-24 21:00:00,2148.48000000,2151.80000000,2140.46000000,2148.88000000,7038.73540000,2026-03-24 21:59:59.999,15106490.43017500,101403,3236.25870000,6946196.35187800,0
2026-03-24 22:00:00,2148.89000000,2155.82000000,2140.67000000,2145.61000000,9245.40860000,2026-03-24 22:59:59.999,19863194.44170100,129643,4215.46630000,9057826.17783600,0
2026-03-24 23:00:00,2145.60000000,2163.70000000,2143.00000000,2156.23000000,9766.21630000,2026-03-24 23:59:59.999,21067450.93368200,116308,5401.22640000,11649955.92194200,0
2026-03-25 00:00:00,2156.22000000,2168.63000000,2146.35000000,2161.77000000,13790.31820000,2026-03-25 00:59:59.999,29779351.68792700,148319,7520.41510000,16246217.72948800,0
2026-03-25 01:00:00,2161.76000000,2167.37000000,2156.94000000,2156.94000000,9043.87830000,2026-03-25 01:59:59.999,19549902.25817800,120116,4906.92440000,10607138.05304500,0
2026-03-25 02:00:00,2156.95000000,2161.50000000,2153.58000000,2155.50000000,6096.79800000,2026-03-25 02:59:59.999,13148582.63407100,97114,3688.90740000,7955876.93206800,0
2026-03-25 03:00:00,2155.51000000,2160.53000000,2147.00000000,2158.54000000,6297.56540000,2026-03-25 03:59:59.999,13566313.10419500,80368,2942.55050000,6341456.88830500,0
2026-03-25 04:00:00,2158.53000000,2167.75000000,2156.83000000,2166.32000000,5251.70810000,2026-03-25 04:59:59.999,11355015.47426500,72643,2763.38430000,5975020.99753300,0
2026-03-25 05:00:00,2166.31000000,2179.73000000,2164.46000000,2169.03000000,15481.42010000,2026-03-25 05:59:59.999,33635312.96125800,122219,7108.51790000,15446393.90352600,0
2026-03-25 06:00:00,2169.03000000,2173.19000000,2163.43000000,2163.81000000,9234.86750000,2026-03-25 06:59:59.999,20032996.53776800,84945,4074.97370000,8842203.80252200,0
2026-03-25 07:00:00,2163.82000000,2177.49000000,2159.81000000,2164.57000000,8969.42410000,2026-03-25 07:59:59.999,19443694.04766600,86711,4358.19750000,9449691.07392400,0
2026-03-25 08:00:00,2164.57000000,2191.93000000,2164.57000000,2176.64000000,20328.60380000,2026-03-25 08:59:59.999,44324409.59592800,169863,11897.39820000,25950805.63579700,0
2026-03-25 09:00:00,2176.64000000,2188.90000000,2175.16000000,2186.64000000,8039.82340000,2026-03-25 09:59:59.999,17537504.86040700,115353,4397.15460000,9593122.00482500,0
2026-03-25 10:00:00,2186.64000000,2189.04000000,2181.24000000,2185.27000000,7397.76320000,2026-03-25 10:59:59.999,16165397.02172300,101581,3546.47990000,7750301.62912700,0
2026-03-25 11:00:00,2185.26000000,2199.02000000,2179.48000000,2186.41000000,21000.82780000,2026-03-25 11:59:59.999,46023145.43876900,175503,11514.76450000,25240630.75360000,0
2026-03-25 12:00:00,2186.41000000,2195.09000000,2165.02000000,2183.31000000,25113.06940000,2026-03-25 12:59:59.999,54684311.63624700,291443,11574.49630000,25210773.64921600,0
2026-03-25 13:00:00,2183.31000000,2198.16000000,2179.71000000,2184.37000000,17244.45830000,2026-03-25 13:59:59.999,37737039.72645600,287900,8733.48250000,19116768.71038200,0
2026-03-25 14:00:00,2184.38000000,2188.02000000,2173.19000000,2174.14000000,14284.22140000,2026-03-25 14:59:59.999,31139223.76322700,269503,6272.16060000,13673652.48969700,0
2026-03-25 15:00:00,2174.14000000,2176.90000000,2147.67000000,2162.56000000,19968.09670000,2026-03-25 15:59:59.999,43158697.86091100,295680,8670.78490000,18746203.32721500,0
2026-03-25 16:00:00,2162.56000000,2186.85000000,2155.93000000,2173.83000000,21914.33420000,2026-03-25 16:59:59.999,47585345.51556200,257810,12353.67740000,26823900.11108200,0
2026-03-25 17:00:00,2173.83000000,2176.24000000,2160.66000000,2164.10000000,8858.84430000,2026-03-25 17:59:59.999,19198357.55167000,167456,4029.57140000,8732528.00565500,0
2026-03-25 18:00:00,2164.10000000,2173.35000000,2157.85000000,2162.38000000,7378.69720000,2026-03-25 18:59:59.999,15983586.09310700,123717,3852.62470000,8346025.39669800,0
2026-03-25 19:00:00,2162.37000000,2176.38000000,2159.48000000,2172.69000000,7961.63150000,2026-03-25 19:59:59.999,17269147.63590400,135325,4877.54270000,10579441.26272400,0
2026-03-25 20:00:00,2172.68000000,2173.03000000,2159.42000000,2166.49000000,3973.55620000,2026-03-25 20:59:59.999,8602865.92109800,55545,1557.99040000,3373353.16568800,0
2026-03-25 21:00:00,2166.49000000,2169.53000000,2161.79000000,2164.04000000,3328.58220000,2026-03-25 21:59:59.999,7206596.73409300,46270,1535.51170000,3324892.29058100,0
2026-03-25 22:00:00,2164.05000000,2183.50000000,2161.87000000,2174.53000000,8143.88980000,2026-03-25 22:59:59.999,17698235.88137300,109592,4681.66400000,10177467.59801100,0
2026-03-25 23:00:00,2174.54000000,2177.14000000,2164.74000000,2169.02000000,6539.14640000,2026-03-25 23:59:59.999,14193647.22594300,77145,2144.31010000,4655211.07556300,0
2026-03-26 00:00:00,2169.02000000,2172.19000000,2162.53000000,2166.69000000,7373.56140000,2026-03-26 00:59:59.999,15982752.76401700,96790,2982.69440000,6465050.04107800,0
2026-03-26 01:00:00,2166.69000000,2169.27000000,2160.00000000,2164.84000000,5711.01590000,2026-03-26 01:59:59.999,12362768.57395800,83304,2749.93760000,5952729.36177400,0
2026-03-26 02:00:00,2164.83000000,2165.79000000,2144.05000000,2149.97000000,9295.54090000,2026-03-26 02:59:59.999,20009977.98023000,116343,3892.68570000,8376912.23281700,0
2026-03-26 03:00:00,2149.96000000,2155.56000000,2144.65000000,2153.21000000,7146.54020000,2026-03-26 03:59:59.999,15364968.91946600,88195,3221.69930000,6926420.34479800,0
2026-03-26 04:00:00,2153.22000000,2154.58000000,2147.90000000,2149.71000000,3871.04840000,2026-03-26 04:59:59.999,8328120.25253800,55413,1648.72580000,3546633.28206600,0
2026-03-26 05:00:00,2149.71000000,2150.90000000,2113.63000000,2119.55000000,22710.75010000,2026-03-26 05:59:59.999,48388205.78161900,189097,8506.59760000,18125342.45350900,0
2026-03-26 06:00:00,2119.54000000,2125.01000000,2112.17000000,2121.86000000,9522.14120000,2026-03-26 06:59:59.999,20186668.76625600,135637,4518.89660000,9580971.83132800,0
2026-03-26 07:00:00,2121.86000000,2124.78000000,2112.87000000,2123.64000000,13110.83090000,2026-03-26 07:59:59.999,27795783.19089200,131405,6319.50490000,13401250.76642200,0
2026-03-26 08:00:00,2123.64000000,2126.89000000,2114.22000000,2119.64000000,9646.78530000,2026-03-26 08:59:59.999,20442899.34680000,116081,5023.40490000,10645597.43045100,0
2026-03-26 09:00:00,2119.65000000,2121.87000000,2074.96000000,2082.64000000,35575.40260000,2026-03-26 09:59:59.999,74348134.37262700,286828,17843.37260000,37266720.33561700,0
2026-03-26 10:00:00,2082.63000000,2083.89000000,2072.73000000,2078.65000000,13682.07730000,2026-03-26 10:59:59.999,28439595.46850000,152983,7421.34170000,15426833.72613700,0
2026-03-26 11:00:00,2078.65000000,2081.41000000,2062.94000000,2068.44000000,17572.43820000,2026-03-26 11:59:59.999,36382961.38531600,164363,8462.05560000,17518380.15290600,0
2026-03-26 12:00:00,2068.45000000,2075.66000000,2066.12000000,2073.60000000,14899.62630000,2026-03-26 12:59:59.999,30857492.79412800,124637,9181.37570000,19014672.50167300,0
2026-03-26 13:00:00,2073.60000000,2093.79000000,2069.46000000,2081.22000000,22740.71800000,2026-03-26 13:59:59.999,47339528.62417800,310819,12500.49940000,26025160.37128200,0
2026-03-26 14:00:00,2081.22000000,2085.84000000,2067.25000000,2076.27000000,15174.39470000,2026-03-26 14:59:59.999,31521877.55980000,272776,7697.78120000,15991335.69160500,0
2026-03-26 15:00:00,2076.28000000,2076.72000000,2052.01000000,2070.40000000,21444.28280000,2026-03-26 15:59:59.999,44285914.06914700,295470,10661.06410000,22018769.30634000,0
2026-03-26 16:00:00,2070.40000000,2070.95000000,2059.94000000,2060.90000000,11049.58350000,2026-03-26 16:59:59.999,22826732.23079700,153161,5079.12680000,10493172.00233800,0
2026-03-26 17:00:00,2060.90000000,2070.51000000,2045.17000000,2049.41000000,26059.42460000,2026-03-26 17:59:59.999,53574879.22607800,183850,15050.82430000,30939072.43941600,0
2026-03-26 18:00:00,2049.41000000,2055.83000000,2034.54000000,2047.17000000,18682.79430000,2026-03-26 18:59:59.999,38186086.87509000,244703,10304.14170000,21064566.77427300,0
2026-03-26 19:00:00,2047.18000000,2054.00000000,2039.59000000,2049.12000000,9753.39510000,2026-03-26 19:59:59.999,19966343.14839100,133108,6199.53570000,12692812.07547300,0
2026-03-26 20:00:00,2049.11000000,2080.42000000,2046.54000000,2064.89000000,22015.38820000,2026-03-26 20:59:59.999,45584827.71577900,244070,12491.15130000,25863472.85766100,0
2026-03-26 21:00:00,2064.89000000,2077.84000000,2060.29000000,2068.37000000,8042.05500000,2026-03-26 21:59:59.999,16642423.03563100,83088,3858.59780000,7985387.71784900,0
2026-03-26 22:00:00,2068.38000000,2072.91000000,2054.88000000,2065.88000000,7356.96240000,2026-03-26 22:59:59.999,15185724.33930500,132744,3560.13180000,7348991.85902500,0
2026-03-26 23:00:00,2065.89000000,2069.60000000,2056.35000000,2060.43000000,5573.86650000,2026-03-26 23:59:59.999,11492094.55039100,95882,2413.06690000,4976500.59754100,0
2026-03-27 00:00:00,2060.43000000,2067.66000000,2056.80000000,2065.03000000,5963.09130000,2026-03-27 00:59:59.999,12298603.45614700,128987,3533.16440000,7287104.54402500,0
2026-03-27 01:00:00,2065.03000000,2074.59000000,2063.33000000,2074.20000000,6464.48240000,2026-03-27 01:59:59.999,13378843.02147900,93256,3443.89860000,7128273.94241500,0
2026-03-27 02:00:00,2074.20000000,2077.19000000,2067.45000000,2068.28000000,4095.90820000,2026-03-27 02:59:59.999,8490715.21156200,72155,1874.94280000,3886765.82639000,0
2026-03-27 03:00:00,2068.28000000,2069.20000000,2059.33000000,2061.48000000,6219.84230000,2026-03-27 03:59:59.999,12830032.61894800,71710,2402.60430000,4955914.58941800,0
2026-03-27 04:00:00,2061.49000000,2062.01000000,2043.49000000,2053.12000000,11778.68360000,2026-03-27 04:59:59.999,24146776.41073000,117793,5011.36190000,10270475.74401600,0
2026-03-27 05:00:00,2053.11000000,2066.31000000,2052.28000000,2061.20000000,5500.97360000,2026-03-27 05:59:59.999,11331054.37457600,99151,3036.11450000,6254129.92639800,0
2026-03-27 06:00:00,2061.20000000,2068.07000000,2058.50000000,2062.71000000,8150.63660000,2026-03-27 06:59:59.999,16821882.81818600,85789,4210.26810000,8690139.73350900,0
2026-03-27 07:00:00,2062.71000000,2072.36000000,2059.99000000,2066.23000000,26687.90500000,2026-03-27 07:59:59.999,55190627.07127200,134448,18490.48270000,38234776.35787100,0
2026-03-27 08:00:00,2066.24000000,2069.60000000,2034.33000000,2047.93000000,27583.58010000,2026-03-27 08:59:59.999,56614283.28175900,228211,16980.96570000,34884761.14728100,0
2026-03-27 09:00:00,2047.91000000,2051.68000000,2036.48000000,2041.08000000,9816.36890000,2026-03-27 09:59:59.999,20072444.96019000,128819,5051.71220000,10332757.99611200,0
2026-03-27 10:00:00,2041.08000000,2044.52000000,1986.30000000,1991.67000000,50935.00550000,2026-03-27 10:59:59.999,102297100.99609000,382663,23295.05120000,46767725.22649200,0
2026-03-27 11:00:00,1991.67000000,1998.44000000,1983.02000000,1991.80000000,30939.92040000,2026-03-27 11:59:59.999,61674846.54566800,252083,11489.64670000,22903616.88207800,0
2026-03-27 12:00:00,1991.80000000,1994.85000000,1982.19000000,1989.44000000,20580.18890000,2026-03-27 12:59:59.999,40959097.82342400,163583,8307.03220000,16528899.90932900,0
2026-03-27 13:00:00,1989.45000000,1997.42000000,1971.00000000,1979.22000000,27609.08710000,2026-03-27 13:59:59.999,54797259.40108300,323369,12355.04030000,24531906.63211300,0
2026-03-27 14:00:00,1979.22000000,1989.54000000,1970.93000000,1989.39000000,26084.86950000,2026-03-27 14:59:59.999,51657873.26969100,301017,13801.99340000,27347552.17329900,0
2026-03-27 15:00:00,1989.39000000,2010.45000000,1983.42000000,1991.32000000,34599.22820000,2026-03-27 15:59:59.999,69056412.06270400,296377,19971.83670000,39862813.10295400,0
2026-03-27 16:00:00,1991.32000000,1992.27000000,1980.25000000,1986.50000000,15765.18690000,2026-03-27 16:59:59.999,31309193.13626600,218855,8577.33990000,17035925.06144700,0
2026-03-27 17:00:00,1986.50000000,1997.60000000,1974.90000000,1977.27000000,13776.89500000,2026-03-27 17:59:59.999,27340877.72548000,182003,6906.40400000,13708033.36708400,0
2026-03-27 18:00:00,1977.28000000,1986.29000000,1974.48000000,1984.43000000,11147.81670000,2026-03-27 18:59:59.999,22086061.62624200,163157,6158.88890000,12203800.99407200,0
2026-03-27 19:00:00,1984.43000000,1997.73000000,1978.94000000,1991.71000000,29660.83290000,2026-03-27 19:59:59.999,58997101.73594500,177989,21359.04200000,42475367.39687800,0
2026-03-27 20:00:00,1991.70000000,1996.31000000,1980.00000000,1986.04000000,9603.26050000,2026-03-27 20:59:59.999,19091957.90524000,103827,4183.18430000,8313526.24935500,0
2026-03-27 21:00:00,1986.05000000,1991.08000000,1984.36000000,1985.73000000,3983.90700000,2026-03-27 21:59:59.999,7919080.65300400,65718,1872.43170000,3722207.19350200,0
2026-03-27 22:00:00,1985.74000000,1987.23000000,1981.95000000,1985.52000000,2720.86420000,2026-03-27 22:59:59.999,5400531.16502400,56343,1295.98410000,2572223.93956200,0
2026-03-27 23:00:00,1985.51000000,1993.85000000,1980.54000000,1992.75000000,5204.99000000,2026-03-27 23:59:59.999,10345971.73643000,61934,2441.88920000,4855861.05587100,0
2026-03-28 00:00:00,1992.76000000,1995.16000000,1989.68000000,1992.59000000,4009.80130000,2026-03-28 00:59:59.999,7989950.97693700,57596,2265.18580000,4513690.68990200,0
2026-03-28 01:00:00,1992.60000000,1992.70000000,1984.93000000,1990.43000000,7775.32140000,2026-03-28 01:59:59.999,15451591.78336500,69447,5373.56990000,10676638.95009300,0
2026-03-28 02:00:00,1990.43000000,1993.69000000,1983.17000000,1987.32000000,3538.71910000,2026-03-28 02:59:59.999,7034005.68663300,50813,1743.93170000,3466479.12003600,0
2026-03-28 03:00:00,1987.32000000,1991.25000000,1987.13000000,1989.19000000,2671.97800000,2026-03-28 03:59:59.999,5315676.48950700,33638,1908.75440000,3797484.10818300,0
2026-03-28 04:00:00,1989.19000000,1992.51000000,1987.30000000,1990.80000000,2365.13140000,2026-03-28 04:59:59.999,4707081.87519400,30543,1462.34700000,2910461.23122200,0
2026-03-28 05:00:00,1990.80000000,1994.90000000,1988.32000000,1994.23000000,3194.69280000,2026-03-28 05:59:59.999,6363987.23790900,35690,2037.58010000,4058684.31987300,0
2026-03-28 06:00:00,1994.22000000,2007.00000000,1993.39000000,2000.95000000,8339.43580000,2026-03-28 06:59:59.999,16690404.43403300,63220,5719.62930000,11445942.94310600,0
2026-03-28 07:00:00,2000.95000000,2008.35000000,2000.68000000,2007.07000000,4419.20700000,2026-03-28 07:59:59.999,8859918.96440800,41812,2571.70210000,5155914.29289500,0
2026-03-28 08:00:00,2007.07000000,2008.34000000,1998.26000000,1999.24000000,4158.22270000,2026-03-28 08:59:59.999,8332723.93490100,43216,1753.40310000,3514066.27687300,0
2026-03-28 09:00:00,1999.24000000,1999.76000000,1995.60000000,1999.52000000,5307.54260000,2026-03-28 09:59:59.999,10603092.93658800,40504,2491.96110000,4978454.37025800,0
2026-03-28 10:00:00,1999.51000000,2004.57000000,1992.77000000,1996.69000000,5539.46690000,2026-03-28 10:59:59.999,11066438.26599500,49172,2877.22130000,5749162.46991300,0
2026-03-28 11:00:00,1996.69000000,2000.56000000,1995.86000000,1997.64000000,3232.39070000,2026-03-28 11:59:59.999,6456943.44621800,31397,2227.44610000,4449520.19419800,0
2026-03-28 12:00:00,1997.64000000,2004.50000000,1992.25000000,1999.67000000,6475.12600000,2026-03-28 12:59:59.999,12942952.95231400,58865,2860.46010000,5720425.55760100,0
2026-03-28 13:00:00,1999.67000000,2047.45000000,1999.30000000,2026.40000000,30427.16410000,2026-03-28 13:59:59.999,61547286.99674000,208145,18696.13590000,37803683.13131500,0
2026-03-28 14:00:00,2026.39000000,2028.99000000,2016.14000000,2020.84000000,13682.39200000,2026-03-28 14:59:59.999,27677918.27521100,142281,7877.57300000,15940093.32225200,0
2026-03-28 15:00:00,2020.83000000,2040.26000000,2018.40000000,2026.84000000,14625.41020000,2026-03-28 15:59:59.999,29685420.11520100,144681,7693.82460000,15616775.73050200,0
2026-03-28 16:00:00,2026.84000000,2030.23000000,2021.68000000,2024.78000000,4889.92700000,2026-03-28 16:59:59.999,9908893.32197000,75271,2860.67260000,5797104.60065200,0
2026-03-28 17:00:00,2024.79000000,2027.15000000,2016.50000000,2020.84000000,4857.71360000,2026-03-28 17:59:59.999,9819152.80217300,63776,2329.12820000,4708612.26161900,0
2026-03-28 18:00:00,2020.84000000,2024.66000000,2020.37000000,2021.80000000,1630.64040000,2026-03-28 18:59:59.999,3298168.75420600,31807,934.82120000,1890856.54043000,0
2026-03-28 19:00:00,2021.79000000,2022.81000000,2017.01000000,2020.56000000,1332.26940000,2026-03-28 19:59:59.999,2691093.43688100,25857,679.36320000,1372456.83452100,0
2026-03-28 20:00:00,2020.57000000,2026.48000000,2020.56000000,2024.59000000,2446.67790000,2026-03-28 20:59:59.999,4952907.15583100,33613,1655.06480000,3350423.78311800,0
2026-03-28 21:00:00,2024.60000000,2025.56000000,2006.69000000,2009.61000000,5915.67100000,2026-03-28 21:59:59.999,11919329.67081200,64253,2053.78640000,4136061.39168200,0
2026-03-28 22:00:00,2009.61000000,2013.14000000,2005.38000000,2011.89000000,4426.19400000,2026-03-28 22:59:59.999,8896807.38505300,62100,2114.11670000,4250611.24587600,0
2026-03-28 23:00:00,2011.88000000,2011.88000000,1989.64000000,1994.74000000,9570.71020000,2026-03-28 23:59:59.999,19116305.24924900,112113,4191.24040000,8369544.11829000,0
2026-03-29 00:00:00,1994.74000000,2000.00000000,1991.52000000,1999.16000000,4042.02470000,2026-03-29 00:59:59.999,8067244.64770300,72829,2072.64840000,4137353.28984300,0
2026-03-29 01:00:00,1999.16000000,2007.61000000,1997.78000000,2005.08000000,4379.19520000,2026-03-29 01:59:59.999,8772234.94508300,72245,2479.34370000,4966766.07612600,0
2026-03-29 02:00:00,2005.09000000,2010.55000000,2002.55000000,2008.93000000,3658.55400000,2026-03-29 02:59:59.999,7339348.66117800,58437,1760.77750000,3533041.40732400,0
2026-03-29 03:00:00,2008.93000000,2019.65000000,2007.04000000,2011.10000000,4533.48690000,2026-03-29 03:59:59.999,9129048.99331700,66117,2649.99870000,5336028.21152400,0
2026-03-29 04:00:00,2011.10000000,2012.72000000,2004.23000000,2005.85000000,2975.69750000,2026-03-29 04:59:59.999,5973679.73678500,48362,1185.99010000,2381223.94297400,0
2026-03-29 05:00:00,2005.84000000,2007.27000000,1997.67000000,2005.31000000,3321.97470000,2026-03-29 05:59:59.999,6651935.07202500,63442,1549.10610000,3102667.86486300,0
2026-03-29 06:00:00,2005.31000000,2008.33000000,2000.02000000,2004.98000000,2453.59880000,2026-03-29 06:59:59.999,4916450.70747800,52368,1428.07430000,2861273.10367300,0
2026-03-29 07:00:00,2004.98000000,2009.91000000,2000.04000000,2006.14000000,4077.18870000,2026-03-29 07:59:59.999,8171457.73175000,47940,2291.04850000,4591738.76683400,0
2026-03-29 08:00:00,2006.14000000,2007.50000000,2002.66000000,2004.26000000,2585.16820000,2026-03-29 08:59:59.999,5183136.51201600,39620,1057.73190000,2120613.24056900,0
2026-03-29 09:00:00,2004.26000000,2005.42000000,1994.50000000,1999.21000000,5200.95490000,2026-03-29 09:59:59.999,10401221.49221800,54510,2581.53110000,5162654.55047200,0
2026-03-29 10:00:00,1999.20000000,1999.20000000,1991.90000000,1995.89000000,3429.43060000,2026-03-29 10:59:59.999,6843158.42611200,53130,1788.27350000,3568532.85233300,0
2026-03-29 11:00:00,1995.90000000,2008.16000000,1995.22000000,2003.78000000,3852.26940000,2026-03-29 11:59:59.999,7717551.32615900,70122,2342.65040000,4692538.25623200,0
2026-03-29 12:00:00,2003.78000000,2004.90000000,1997.82000000,2001.68000000,2722.39900000,2026-03-29 12:59:59.999,5449095.73365100,44417,1106.97350000,2215738.54163200,0
2026-03-29 13:00:00,2001.68000000,2002.14000000,1983.56000000,1987.09000000,9261.10000000,2026-03-29 13:59:59.999,18427475.92384000,101896,3889.59320000,7740287.97188900,0
2026-03-29 14:00:00,1987.09000000,2002.35000000,1983.99000000,1994.17000000,6745.96910000,2026-03-29 14:59:59.999,13447550.33271000,86285,3693.58320000,7364333.14676500,0
2026-03-29 15:00:00,1994.17000000,1998.98000000,1986.32000000,1992.97000000,6503.20050000,2026-03-29 15:59:59.999,12963372.01771900,90484,3803.95970000,7584218.03866200,0
2026-03-29 16:00:00,1992.98000000,2003.61000000,1992.03000000,1997.82000000,6490.86160000,2026-03-29 16:59:59.999,12973156.37851900,91016,3555.44580000,7105476.50600900,0
2026-03-29 17:00:00,1997.82000000,2000.21000000,1987.60000000,1995.10000000,4682.23000000,2026-03-29 17:59:59.999,9331882.23363000,73693,2351.66040000,4686337.89551300,0
2026-03-29 18:00:00,1995.11000000,2002.00000000,1991.58000000,1997.33000000,3514.96680000,2026-03-29 18:59:59.999,7017483.90591800,45477,1836.75790000,3667163.69928800,0
2026-03-29 19:00:00,1997.33000000,2000.11000000,1994.36000000,1995.89000000,2275.97740000,2026-03-29 19:59:59.999,4544719.77859500,33081,1360.97010000,2717413.75809900,0
2026-03-29 20:00:00,1995.89000000,2009.48000000,1995.84000000,2002.50000000,4264.01690000,2026-03-29 20:59:59.999,8539979.68132800,52195,2688.89150000,5385319.22972200,0
2026-03-29 21:00:00,2002.49000000,2007.24000000,2001.50000000,2006.51000000,2530.38630000,2026-03-29 21:59:59.999,5072009.08850000,41143,1385.91930000,2777997.12018100,0
2026-03-29 22:00:00,2006.51000000,2006.51000000,1938.82000000,1973.99000000,50023.81550000,2026-03-29 22:59:59.999,98276952.89570500,382849,25156.08630000,49403869.32819800,0
2026-03-29 23:00:00,1973.99000000,1994.67000000,1973.63000000,1984.64000000,23202.27150000,2026-03-29 23:59:59.999,46039507.80789100,308150,13680.22870000,27142658.05825400,0
2026-03-30 00:00:00,1984.65000000,2023.73000000,1980.28000000,1997.25000000,27492.05630000,2026-03-30 00:59:59.999,55115073.65491400,360522,15434.76830000,30947299.06919300,0
2026-03-30 01:00:00,1997.27000000,2016.33000000,1997.19000000,2010.43000000,9665.34390000,2026-03-30 01:59:59.999,19402810.47134600,165557,5732.16680000,11506464.28724000,0
2026-03-30 02:00:00,2010.44000000,2043.50000000,2007.53000000,2029.93000000,23530.75280000,2026-03-30 02:59:59.999,47711825.23269600,216458,13900.50850000,28187152.39070500,0
2026-03-30 03:00:00,2029.93000000,2042.07000000,2027.50000000,2035.88000000,9341.43320000,2026-03-30 03:59:59.999,19001321.77735800,135588,5326.91470000,10834437.41751200,0
2026-03-30 04:00:00,2035.88000000,2053.00000000,2035.88000000,2048.39000000,12455.19140000,2026-03-30 04:59:59.999,25484509.47741100,139378,7339.54680000,15018216.94552800,0
2026-03-30 05:00:00,2048.39000000,2058.96000000,2045.14000000,2047.84000000,16018.93970000,2026-03-30 05:59:59.999,32884003.79925400,132660,7224.04090000,14833877.53162400,0
2026-03-30 06:00:00,2047.84000000,2052.00000000,2041.19000000,2042.46000000,8504.23010000,2026-03-30 06:59:59.999,17403235.17903400,97366,3794.08250000,7764858.70072700,0
2026-03-30 07:00:00,2042.46000000,2068.28000000,2041.54000000,2059.58000000,15282.55220000,2026-03-30 07:59:59.999,31409428.05447200,102512,8432.78790000,17336837.72493200,0
2026-03-30 08:00:00,2059.58000000,2075.00000000,2058.15000000,2062.33000000,16805.79390000,2026-03-30 08:59:59.999,34695210.07647000,147125,9256.40960000,19109453.02329200,0
2026-03-30 09:00:00,2062.32000000,2063.13000000,2053.87000000,2055.16000000,7642.11110000,2026-03-30 09:59:59.999,15726271.05312300,83500,3026.32010000,6227812.66817500,0
2026-03-30 10:00:00,2055.16000000,2058.30000000,2048.14000000,2057.78000000,6886.66890000,2026-03-30 10:59:59.999,14144130.03994400,81869,3732.84270000,7667484.59402700,0
2026-03-30 11:00:00,2057.78000000,2081.65000000,2057.78000000,2071.28000000,19292.89480000,2026-03-30 11:59:59.999,39927725.09836600,198605,10067.27580000,20837614.41630600,0
2026-03-30 12:00:00,2071.29000000,2078.89000000,2069.07000000,2074.54000000,8194.51250000,2026-03-30 12:59:59.999,16992803.95902400,129190,4244.06870000,8802070.14839600,0
2026-03-30 13:00:00,2074.54000000,2085.00000000,2058.17000000,2060.92000000,19118.94690000,2026-03-30 13:59:59.999,39622026.84086200,231610,9665.02190000,20045090.14207600,0
2026-03-30 14:00:00,2060.93000000,2076.16000000,2044.25000000,2071.64000000,27666.57520000,2026-03-30 14:59:59.999,56933553.03608300,321265,13634.41510000,28083001.64311200,0
2026-03-30 15:00:00,2071.65000000,2079.92000000,2061.91000000,2074.53000000,15215.14760000,2026-03-30 15:59:59.999,31527560.19120900,214662,6827.12530000,14147591.43360600,0
2026-03-30 16:00:00,2074.53000000,2074.99000000,2058.95000000,2066.18000000,10790.13790000,2026-03-30 16:59:59.999,22289102.37965500,149549,4569.45300000,9437142.85324500,0
2026-03-30 17:00:00,2066.18000000,2072.18000000,2032.00000000,2041.80000000,21395.35070000,2026-03-30 17:59:59.999,43805713.58356400,218391,10062.66670000,20588382.57054800,0
2026-03-30 18:00:00,2041.79000000,2044.11000000,2028.04000000,2032.61000000,13461.82630000,2026-03-30 18:59:59.999,27408091.01892800,137474,6898.32370000,14046977.53435200,0
2026-03-30 19:00:00,2032.60000000,2032.65000000,2013.33000000,2023.70000000,14591.09160000,2026-03-30 19:59:59.999,29477652.12524400,191046,6876.56660000,13893581.54810100,0
2026-03-30 20:00:00,2023.70000000,2027.78000000,2021.14000000,2023.20000000,5851.31630000,2026-03-30 20:59:59.999,11844378.87918700,76438,2820.52500000,5709500.41616300,0
2026-03-30 21:00:00,2023.19000000,2049.10000000,2021.16000000,2036.00000000,14400.40680000,2026-03-30 21:59:59.999,29360925.56119700,141542,8044.55090000,16398507.55941100,0
2026-03-30 22:00:00,2036.00000000,2044.22000000,2029.51000000,2033.08000000,5673.41190000,2026-03-30 22:59:59.999,11551137.49817800,92601,3056.80900000,6225274.87608000,0
2026-03-30 23:00:00,2033.07000000,2033.07000000,2013.92000000,2026.48000000,9027.74240000,2026-03-30 23:59:59.999,18247876.09493800,121638,4095.02060000,8275612.79645800,0
2026-03-31 00:00:00,2026.48000000,2041.04000000,2016.29000000,2036.65000000,11575.79930000,2026-03-31 00:59:59.999,23482885.31401700,196944,7529.47340000,15277508.41485200,0
2026-03-31 01:00:00,2036.65000000,2092.34000000,2032.27000000,2073.00000000,37952.00650000,2026-03-31 01:59:59.999,78602950.73977000,362343,22168.60090000,45893876.22797300,0
2026-03-31 02:00:00,2072.99000000,2082.92000000,2067.25000000,2073.09000000,9808.77040000,2026-03-31 02:59:59.999,20361980.69631400,138929,5046.65920000,10478140.31424200,0
2026-03-31 03:00:00,2073.08000000,2076.61000000,2061.87000000,2066.71000000,7165.56400000,2026-03-31 03:59:59.999,14819465.24421700,96066,3747.21220000,7749784.49242500,0
2026-03-31 04:00:00,2066.71000000,2072.24000000,2057.06000000,2060.87000000,9767.58650000,2026-03-31 04:59:59.999,20153779.80907900,96506,3990.18220000,8236654.08874800,0
2026-03-31 05:00:00,2060.87000000,2069.00000000,2054.77000000,2064.31000000,6966.46140000,2026-03-31 05:59:59.999,14368797.81773100,94904,3269.02570000,6744313.19141000,0
2026-03-31 06:00:00,2064.32000000,2064.95000000,2055.20000000,2062.33000000,7104.48970000,2026-03-31 06:59:59.999,14629771.49019600,87385,2729.54180000,5621330.21450700,0
2026-03-31 07:00:00,2062.33000000,2062.91000000,2042.31000000,2055.97000000,11011.04420000,2026-03-31 07:59:59.999,22594079.17504300,115406,5349.28490000,10975325.14289000,0
2026-03-31 08:00:00,2055.98000000,2059.20000000,2036.03000000,2040.10000000,10274.34560000,2026-03-31 08:59:59.999,21035383.84283100,143958,4554.04180000,9326214.11368700,0
2026-03-31 09:00:00,2040.11000000,2044.50000000,2012.64000000,2018.37000000,22808.23730000,2026-03-31 09:59:59.999,46276966.25873300,236678,8107.05050000,16453743.14312000,0
2026-03-31 10:00:00,2018.37000000,2030.28000000,2017.18000000,2026.50000000,9753.18300000,2026-03-31 10:59:59.999,19748344.29745200,132519,5252.73180000,10634881.02922900,0
2026-03-31 11:00:00,2026.50000000,2044.51000000,2023.00000000,2041.20000000,19943.77180000,2026-03-31 11:59:59.999,40600401.52928000,210146,10663.06400000,21705287.38612900,0
2026-03-31 12:00:00,2041.21000000,2057.92000000,2035.02000000,2047.78000000,15267.35660000,2026-03-31 12:59:59.999,31251515.72526300,204655,7534.50680000,15424989.61844700,0
2026-03-31 13:00:00,2047.78000000,2079.88000000,2047.78000000,2075.37000000,20810.59270000,2026-03-31 13:59:59.999,42992371.58861800,280184,10253.02850000,21182725.07441500,0
2026-03-31 14:00:00,2075.37000000,2092.00000000,2037.58000000,2045.94000000,38453.85250000,2026-03-31 14:59:59.999,79645054.39824300,408768,17548.06700000,36382532.72593000,0
2026-03-31 15:00:00,2045.94000000,2077.81000000,2045.65000000,2054.85000000,21417.64640000,2026-03-31 15:59:59.999,44199536.08119300,361546,11718.87310000,24181850.73923600,0
2026-03-31 16:00:00,2054.85000000,2108.52000000,2054.29000000,2091.70000000,46551.38320000,2026-03-31 16:59:59.999,97296224.17410400,517370,26794.29510000,55993710.22832500,0
2026-03-31 17:00:00,2091.70000000,2124.03000000,2088.88000000,2093.36000000,50852.97730000,2026-03-31 17:59:59.999,106994069.36920500,485235,26379.48020000,55495833.42215500,0
2026-03-31 18:00:00,2093.35000000,2115.14000000,2093.35000000,2099.89000000,18730.76120000,2026-03-31 18:59:59.999,39388143.78313900,222251,11561.60280000,24308703.68685300,0
2026-03-31 19:00:00,2099.88000000,2104.00000000,2092.23000000,2096.54000000,9937.14310000,2026-03-31 19:59:59.999,20851940.96608300,168086,5066.68310000,10631916.74219900,0
2026-03-31 20:00:00,2096.54000000,2111.01000000,2096.32000000,2107.66000000,9394.93890000,2026-03-31 20:59:59.999,19767069.91702400,117959,5753.55970000,12104263.25515900,0
2026-03-31 21:00:00,2107.66000000,2109.03000000,2093.12000000,2102.63000000,9418.00370000,2026-03-31 21:59:59.999,19781528.59187900,111062,4701.06190000,9874115.10587600,0
2026-03-31 22:00:00,2102.64000000,2104.27000000,2088.35000000,2096.51000000,8199.16510000,2026-03-31 22:59:59.999,17187865.58730100,108483,3369.08280000,7063800.30922600,0
2026-03-31 23:00:00,2096.52000000,2108.66000000,2093.21000000,2105.43000000,8732.82190000,2026-03-31 23:59:59.999,18357093.80947900,116413,5292.01920000,11125035.45993800,0
2026-04-01 00:00:00,2105.43000000,2117.79000000,2096.89000000,2114.72000000,11320.47240000,2026-04-01 00:59:59.999,23840909.02935900,164239,6254.91410000,13179309.12464500,0
2026-04-01 01:00:00,2114.73000000,2115.83000000,2091.40000000,2092.95000000,10566.25320000,2026-04-01 01:59:59.999,22192840.15954400,144415,4444.07130000,9333640.87473800,0
2026-04-01 02:00:00,2092.94000000,2096.38000000,2082.08000000,2088.45000000,8502.67790000,2026-04-01 02:59:59.999,17762705.78311200,130361,3759.56840000,7854513.51349200,0
2026-04-01 03:00:00,2088.46000000,2106.88000000,2088.46000000,2102.91000000,7586.59480000,2026-04-01 03:59:59.999,15931448.53589600,121178,4562.91540000,9581230.70152000,0
2026-04-01 04:00:00,2102.91000000,2116.46000000,2100.35000000,2111.26000000,7709.76950000,2026-04-01 04:59:59.999,16253173.02086800,110460,4041.59670000,8523039.49918900,0
2026-04-01 05:00:00,2111.26000000,2137.35000000,2106.42000000,2122.67000000,20075.22300000,2026-04-01 05:59:59.999,42661012.32189300,190392,10957.32500000,23288476.38185300,0
2026-04-01 06:00:00,2122.67000000,2156.23000000,2122.57000000,2151.23000000,30648.66700000,2026-04-01 06:59:59.999,65686367.78313200,270703,18314.88830000,39241803.67051600,0
2026-04-01 07:00:00,2151.24000000,2158.00000000,2130.20000000,2131.00000000,19745.36230000,2026-04-01 07:59:59.999,42312397.55663500,167761,6455.59290000,13836106.14411900,0
2026-04-01 08:00:00,2131.00000000,2142.93000000,2125.00000000,2136.96000000,18385.76830000,2026-04-01 08:59:59.999,39244135.28202300,157415,8293.34910000,17702059.07594400,0
2026-04-01 09:00:00,2136.95000000,2140.46000000,2128.12000000,2136.39000000,13657.71920000,2026-04-01 09:59:59.999,29140787.53406200,139374,5234.91300000,11170675.97733000,0
2026-04-01 10:00:00,2136.40000000,2137.93000000,2126.28000000,2132.65000000,7710.01820000,2026-04-01 10:59:59.999,16437939.23433900,106588,3304.79680000,7046344.26696400,0
2026-04-01 11:00:00,2132.64000000,2139.37000000,2130.71000000,2135.32000000,6480.74670000,2026-04-01 11:59:59.999,13837330.42404600,95777,3451.58240000,7369947.14777200,0
2026-04-01 12:00:00,2135.32000000,2152.00000000,2121.95000000,2130.82000000,21417.46130000,2026-04-01 12:59:59.999,45706196.25421400,219125,10793.26520000,23039590.09190800,0
2026-04-01 13:00:00,2130.82000000,2135.31000000,2108.72000000,2119.28000000,28757.32990000,2026-04-01 13:59:59.999,60994525.75556000,373085,14754.71660000,31290754.57889200,0
2026-04-01 14:00:00,2119.27000000,2130.60000000,2114.05000000,2126.81000000,16662.65820000,2026-04-01 14:59:59.999,35352824.80878100,300840,8052.41950000,17084729.14608200,0
2026-04-01 15:00:00,2126.82000000,2137.72000000,2122.20000000,2135.04000000,10423.56360000,2026-04-01 15:59:59.999,22212264.56521100,179540,5031.61570000,10724073.10307200,0
2026-04-01 16:00:00,2135.04000000,2152.51000000,2125.00000000,2146.09000000,19652.13300000,2026-04-01 16:59:59.999,42062669.34595800,209404,11230.16120000,24048264.11523300,0
2026-04-01 17:00:00,2146.10000000,2167.85000000,2133.96000000,2137.21000000,28614.94980000,2026-04-01 17:59:59.999,61541880.92965500,271440,13583.02000000,29229366.59315300,0
2026-04-01 18:00:00,2137.21000000,2137.87000000,2123.58000000,2129.23000000,14904.40130000,2026-04-01 18:59:59.999,31743278.52023000,207333,8495.48480000,18095340.25878500,0
2026-04-01 19:00:00,2129.23000000,2145.48000000,2128.00000000,2141.43000000,11467.58250000,2026-04-01 19:59:59.999,24520807.79271700,136244,7184.34140000,15365837.89700000,0
2026-04-01 20:00:00,2141.43000000,2147.67000000,2130.70000000,2143.92000000,8588.37050000,2026-04-01 20:59:59.999,18364370.41180800,98807,4364.79810000,9334806.01934700,0
2026-04-01 21:00:00,2143.92000000,2165.42000000,2143.32000000,2156.89000000,33515.88500000,2026-04-01 21:59:59.999,72249250.64004600,156532,20634.02160000,44482425.45770200,0
2026-04-01 22:00:00,2156.89000000,2158.80000000,2137.40000000,2139.95000000,36336.01720000,2026-04-01 22:59:59.999,78053978.10170500,168299,17363.48430000,37294702.91691300,0
2026-04-01 23:00:00,2139.96000000,2146.00000000,2135.50000000,2140.35000000,6497.75310000,2026-04-01 23:59:59.999,13914166.08797700,92221,3158.26960000,6763806.15639000,0
2026-04-02 00:00:00,2140.35000000,2159.37000000,2136.09000000,2156.14000000,12242.36500000,2026-04-02 00:59:59.999,26283941.02422400,176659,6028.51660000,12946313.97501600,0
2026-04-02 01:00:00,2156.14000000,2156.15000000,2090.00000000,2100.03000000,50106.95330000,2026-04-02 01:59:59.999,106194671.32258500,695321,22283.55530000,47232307.18411400,0
2026-04-02 02:00:00,2100.02000000,2100.02000000,2065.00000000,2073.89000000,25331.82900000,2026-04-02 02:59:59.999,52720890.61017900,295061,12125.60290000,25229561.95067500,0
2026-04-02 03:00:00,2073.90000000,2076.67000000,2046.48000000,2056.33000000,21103.37200000,2026-04-02 03:59:59.999,43490303.44004800,191641,8654.34310000,17841252.24261600,0
2026-04-02 04:00:00,2056.33000000,2058.45000000,2041.77000000,2044.56000000,12765.22090000,2026-04-02 04:59:59.999,26157675.66343400,159720,4577.17700000,9383412.64935800,0
2026-04-02 05:00:00,2044.57000000,2051.38000000,2038.63000000,2050.21000000,11421.89620000,2026-04-02 05:59:59.999,23367301.54784300,136585,5485.97700000,11226608.44191200,0
2026-04-02 06:00:00,2050.21000000,2053.71000000,2045.56000000,2050.09000000,11368.96200000,2026-04-02 06:59:59.999,23296574.46442100,121993,4309.44600000,8831214.25546600,0
2026-04-02 07:00:00,2050.09000000,2056.76000000,2044.29000000,2056.09000000,10318.06670000,2026-04-02 07:59:59.999,21171650.84445200,113634,5540.24570000,11368405.33539700,0
2026-04-02 08:00:00,2056.09000000,2056.09000000,2045.36000000,2046.29000000,7587.72130000,2026-04-02 08:59:59.999,15552530.39416300,87746,3666.05490000,7514822.21228700,0
2026-04-02 09:00:00,2046.30000000,2048.14000000,2039.27000000,2044.00000000,9339.01910000,2026-04-02 09:59:59.999,19095362.82664800,111110,4949.62050000,10122960.85366800,0
2026-04-02 10:00:00,2044.00000000,2045.05000000,2032.54000000,2038.79000000,9437.27180000,2026-04-02 10:59:59.999,19227048.21156100,108752,3896.59100000,7939698.51797500,0
2026-04-02 11:00:00,2038.80000000,2040.28000000,2024.73000000,2033.01000000,8412.95950000,2026-04-02 11:59:59.999,17108489.41727900,116725,3892.15960000,7917481.05953900,0
2026-04-02 12:00:00,2033.02000000,2034.03000000,2024.42000000,2026.98000000,11287.82090000,2026-04-02 12:59:59.999,22911754.00214800,160200,5597.62760000,11363860.64103500,0
2026-04-02 13:00:00,2026.98000000,2041.02000000,2017.04000000,2038.81000000,21851.06010000,2026-04-02 13:59:59.999,44271732.10733500,342420,11724.06150000,23764311.77663700,0
2026-04-02 14:00:00,2038.81000000,2072.22000000,2032.99000000,2063.82000000,38683.36190000,2026-04-02 14:59:59.999,79355220.04922500,499568,19348.98170000,39720956.76221400,0
2026-04-02 15:00:00,2063.82000000,2067.89000000,2048.60000000,2059.60000000,16999.30520000,2026-04-02 15:59:59.999,34991570.41365100,254074,7460.11220000,15357673.69457200,0
2026-04-02 16:00:00,2059.59000000,2077.64000000,2052.52000000,2063.31000000,19595.73820000,2026-04-02 16:59:59.999,40382429.35735900,200832,7997.84790000,16494151.47272300,0
2026-04-02 17:00:00,2063.32000000,2072.00000000,2044.50000000,2047.23000000,11148.01910000,2026-04-02 17:59:59.999,22957159.02992600,152334,4946.92900000,10194520.75222200,0
2026-04-02 18:00:00,2047.22000000,2063.00000000,2043.65000000,2058.32000000,8327.31950000,2026-04-02 18:59:59.999,17086416.58428100,114524,4580.55400000,9399922.62499100,0
2026-04-02 19:00:00,2058.33000000,2066.66000000,2054.97000000,2065.34000000,5853.87400000,2026-04-02 19:59:59.999,12062490.14842700,105182,3396.24130000,6998964.96434900,0
2026-04-02 20:00:00,2065.35000000,2074.16000000,2061.06000000,2068.19000000,7110.08450000,2026-04-02 20:59:59.999,14708881.55468700,85820,3965.16810000,8203308.06630200,0
2026-04-02 21:00:00,2068.20000000,2070.46000000,2056.11000000,2062.98000000,6195.64460000,2026-04-02 21:59:59.999,12771769.50751100,76451,2370.52530000,4885929.64696200,0
2026-04-02 22:00:00,2062.99000000,2064.94000000,2053.54000000,2060.03000000,5345.38700000,2026-04-02 22:59:59.999,11013542.09841600,84087,2208.37010000,4550373.92726700,0
2026-04-02 23:00:00,2060.04000000,2061.89000000,2054.00000000,2057.17000000,5039.58050000,2026-04-02 23:59:59.999,10369120.04594100,72484,2141.16190000,4405722.57583500,0
2026-04-03 00:00:00,2057.18000000,2059.63000000,2050.04000000,2053.01000000,3658.55800000,2026-04-03 00:59:59.999,7518810.53203900,74026,1268.89070000,2607786.64592700,0
2026-04-03 01:00:00,2053.01000000,2062.49000000,2045.40000000,2050.61000000,5957.67940000,2026-04-03 01:59:59.999,12229383.89884900,95219,2498.61060000,5131234.13103500,0
2026-04-03 02:00:00,2050.61000000,2059.73000000,2040.66000000,2052.48000000,13641.76470000,2026-04-03 02:59:59.999,27935992.58898400,135694,7533.04210000,15426729.49653200,0
2026-04-03 03:00:00,2052.47000000,2057.22000000,2050.08000000,2054.23000000,4604.57880000,2026-04-03 03:59:59.999,9457790.68558800,68115,1870.85620000,3842697.45873900,0
2026-04-03 04:00:00,2054.22000000,2057.80000000,2048.89000000,2054.53000000,3535.10920000,2026-04-03 04:59:59.999,7258898.64046800,70260,1877.91600000,3856295.48905200,0
2026-04-03 05:00:00,2054.52000000,2064.58000000,2047.35000000,2057.12000000,6946.45330000,2026-04-03 05:59:59.999,14294721.22961900,81582,3740.46830000,7698342.76246600,0
2026-04-03 06:00:00,2057.12000000,2066.61000000,2054.98000000,2063.66000000,6719.28570000,2026-04-03 06:59:59.999,13848764.67788500,92456,3541.44090000,7299101.71231900,0
2026-04-03 07:00:00,2063.66000000,2075.17000000,2062.20000000,2065.85000000,7270.40930000,2026-04-03 07:59:59.999,15030719.34908100,90198,3272.30710000,6766219.41488600,0
2026-04-03 08:00:00,2065.84000000,2072.00000000,2058.89000000,2060.96000000,9649.38930000,2026-04-03 08:59:59.999,19916787.87955300,71578,3789.34430000,7824323.01393900,0
2026-04-03 09:00:00,2060.97000000,2064.06000000,2057.03000000,2061.35000000,4821.55710000,2026-04-03 09:59:59.999,9937358.87174600,55372,3101.79150000,6393603.85995400,0
2026-04-03 10:00:00,2061.35000000,2061.35000000,2053.46000000,2059.90000000,4051.99020000,2026-04-03 10:59:59.999,8338876.42862600,62571,1871.19800000,3850818.12315500,0
2026-04-03 11:00:00,2059.91000000,2064.76000000,2057.94000000,2062.64000000,2874.69160000,2026-04-03 11:59:59.999,5925863.75962900,52064,1507.05240000,3106754.94200000,0
2026-04-03 12:00:00,2062.64000000,2081.76000000,2045.08000000,2049.84000000,15335.52970000,2026-04-03 12:59:59.999,31611188.69301600,171652,7919.78180000,16328819.42701900,0
2026-04-03 13:00:00,2049.85000000,2051.18000000,2041.65000000,2048.17000000,7950.33940000,2026-04-03 13:59:59.999,16270978.10281700,114932,3316.10300000,6787773.90683300,0
2026-04-03 14:00:00,2048.17000000,2057.12000000,2045.32000000,2054.59000000,6038.13700000,2026-04-03 14:59:59.999,12387305.41772500,92271,3102.44430000,6365590.89647600,0
2026-04-03 15:00:00,2054.59000000,2057.77000000,2049.34000000,2051.26000000,5407.96890000,2026-04-03 15:59:59.999,11101379.61171800,64648,3058.59670000,6278514.20548400,0
2026-04-03 16:00:00,2051.26000000,2056.54000000,2049.84000000,2054.70000000,4063.95950000,2026-04-03 16:59:59.999,8347064.55710000,61441,2086.68300000,4286038.19922900,0
2026-04-03 17:00:00,2054.70000000,2055.40000000,2043.78000000,2050.36000000,4212.25810000,2026-04-03 17:59:59.999,8631469.50626700,57289,1886.16810000,3865496.17974900,0
2026-04-03 18:00:00,2050.36000000,2053.34000000,2048.06000000,2049.26000000,1876.58410000,2026-04-03 18:59:59.999,3848121.53610300,38201,957.63510000,1963758.91552800,0
2026-04-03 19:00:00,2049.26000000,2054.11000000,2045.21000000,2052.68000000,2549.04120000,2026-04-03 19:59:59.999,5225847.28512300,36058,1247.77920000,2558472.46628700,0
2026-04-03 20:00:00,2052.69000000,2055.00000000,2052.00000000,2052.75000000,2868.28060000,2026-04-03 20:59:59.999,5889462.05534900,30144,1301.54340000,2672511.43075200,0
2026-04-03 21:00:00,2052.75000000,2060.92000000,2052.67000000,2058.42000000,4888.68920000,2026-04-03 21:59:59.999,10057980.17513600,46890,2278.48040000,4688480.29707300,0
2026-04-03 22:00:00,2058.41000000,2059.72000000,2049.58000000,2051.79000000,3624.05700000,2026-04-03 22:59:59.999,7443718.04114800,51218,932.92690000,1916374.80961700,0
2026-04-03 23:00:00,2051.80000000,2054.10000000,2049.23000000,2053.83000000,3720.32800000,2026-04-03 23:59:59.999,7632078.58927200,27716,888.74160000,1823301.46827900,0
2026-04-04 00:00:00,2053.83000000,2053.86000000,2051.50000000,2052.26000000,1675.19230000,2026-04-04 00:59:59.999,3438422.77170200,43338,842.45940000,1729176.88521500,0
2026-04-04 01:00:00,2052.26000000,2053.80000000,2049.57000000,2051.27000000,1681.62410000,2026-04-04 01:59:59.999,3449199.90162600,39170,848.97450000,1741267.37669800,0
2026-04-04 02:00:00,2051.27000000,2053.30000000,2047.92000000,2050.13000000,2584.52020000,2026-04-04 02:59:59.999,5297742.65736300,41700,1386.26400000,2841866.03945100,0
2026-04-04 03:00:00,2050.13000000,2052.08000000,2049.77000000,2050.05000000,1091.46060000,2026-04-04 03:59:59.999,2238413.45940000,39371,515.23310000,1056640.15898600,0
2026-04-04 04:00:00,2050.05000000,2051.62000000,2048.41000000,2051.21000000,1310.63560000,2026-04-04 04:59:59.999,2686997.61703200,40357,703.89470000,1443210.31770200,0
2026-04-04 05:00:00,2051.21000000,2054.89000000,2050.38000000,2053.79000000,1818.13010000,2026-04-04 05:59:59.999,3731974.28615000,42676,1040.72310000,2136071.61002300,0
2026-04-04 06:00:00,2053.79000000,2058.00000000,2052.81000000,2056.46000000,3204.66630000,2026-04-04 06:59:59.999,6585862.24076000,48028,1774.70490000,3647176.79474500,0
2026-04-04 07:00:00,2056.46000000,2057.37000000,2051.60000000,2053.82000000,2841.94820000,2026-04-04 07:59:59.999,5837006.67341300,39450,1215.23520000,2496097.51697100,0
2026-04-04 08:00:00,2053.82000000,2055.44000000,2049.84000000,2050.57000000,2363.45390000,2026-04-04 08:59:59.999,4851551.23416300,40878,1324.14220000,2718148.37526600,0
2026-04-04 09:00:00,2050.57000000,2051.90000000,2049.42000000,2050.43000000,2862.97010000,2026-04-04 09:59:59.999,5870346.02080500,33739,1445.36610000,2963480.95896300,0
2026-04-04 10:00:00,2050.43000000,2054.92000000,2047.89000000,2054.32000000,3612.05800000,2026-04-04 10:59:59.999,7409646.75267100,54576,1511.12500000,3100291.39470300,0
2026-04-04 11:00:00,2054.32000000,2055.03000000,2051.30000000,2051.84000000,2783.26120000,2026-04-04 11:59:59.999,5712673.27804300,38096,922.59930000,1893737.71062500,0
2026-04-04 12:00:00,2051.84000000,2053.17000000,2048.26000000,2050.15000000,2573.99120000,2026-04-04 12:59:59.999,5277942.03256400,54569,1119.55820000,2295629.55301000,0
2026-04-04 13:00:00,2050.15000000,2055.00000000,2050.00000000,2053.59000000,6453.81020000,2026-04-04 13:59:59.999,13238600.48415800,51442,2383.81660000,4889894.55117300,0
2026-04-04 14:00:00,2053.58000000,2054.68000000,2044.63000000,2053.10000000,4750.00240000,2026-04-04 14:59:59.999,9739354.37316900,51555,1695.53340000,3476065.69413700,0
2026-04-04 15:00:00,2053.10000000,2062.02000000,2052.35000000,2056.29000000,7667.36070000,2026-04-04 15:59:59.999,15767634.53627000,104389,4321.98360000,8888671.09167400,0
2026-04-04 16:00:00,2056.29000000,2062.10000000,2053.38000000,2055.75000000,4189.81730000,2026-04-04 16:59:59.999,8622260.40902300,64480,2142.57880000,4409168.44567000,0
2026-04-04 17:00:00,2055.75000000,2058.29000000,2053.07000000,2056.98000000,2934.07250000,2026-04-04 17:59:59.999,6031499.97048700,44354,1400.70310000,2879521.01266100,0
2026-04-04 18:00:00,2056.98000000,2058.34000000,2055.01000000,2055.15000000,1692.27540000,2026-04-04 18:59:59.999,3481120.90134300,31966,862.82190000,1774981.94494500,0
2026-04-04 19:00:00,2055.15000000,2084.00000000,2055.14000000,2064.71000000,16701.05270000,2026-04-04 19:59:59.999,34589514.17949900,151834,9360.74380000,19383884.14509600,0
2026-04-04 20:00:00,2064.71000000,2064.89000000,2059.60000000,2062.81000000,3522.60880000,2026-04-04 20:59:59.999,7265988.61804900,42464,1943.57870000,4009161.46117100,0
2026-04-04 21:00:00,2062.80000000,2071.75000000,2062.63000000,2068.83000000,3423.69330000,2026-04-04 21:59:59.999,7077492.35493700,44129,2042.94740000,4223039.36394900,0
2026-04-04 22:00:00,2068.84000000,2072.15000000,2067.99000000,2069.14000000,2168.20040000,2026-04-04 22:59:59.999,4488105.43753000,62858,953.52650000,1973757.43237300,0
2026-04-04 23:00:00,2069.14000000,2069.24000000,2062.64000000,2065.52000000,2597.63510000,2026-04-04 23:59:59.999,5364983.80662700,40603,1031.14380000,2129490.97445500,0
2026-04-05 00:00:00,2065.51000000,2065.63000000,2060.33000000,2062.10000000,1941.35680000,2026-04-05 00:59:59.999,4005855.18955000,37336,982.92830000,2028440.22423100,0
2026-04-05 01:00:00,2062.10000000,2062.46000000,2057.17000000,2057.37000000,2413.27580000,2026-04-05 01:59:59.999,4969056.12677700,40358,851.62030000,1753435.77682500,0
2026-04-05 02:00:00,2057.37000000,2059.91000000,2054.15000000,2059.86000000,2686.18000000,2026-04-05 02:59:59.999,5525838.68392700,45716,1192.10690000,2452687.15459900,0
2026-04-05 03:00:00,2059.86000000,2060.55000000,2055.37000000,2056.64000000,1326.44160000,2026-04-05 03:59:59.999,2729840.53774200,29796,679.44820000,1398436.34218000,0
2026-04-05 04:00:00,2056.64000000,2058.09000000,2054.11000000,2055.16000000,1157.13560000,2026-04-05 04:59:59.999,2378837.76911200,31931,638.02250000,1311567.45145400,0
2026-04-05 05:00:00,2055.16000000,2056.83000000,2047.21000000,2048.60000000,4342.69950000,2026-04-05 05:59:59.999,8913605.48025300,53409,1079.62330000,2215310.12752000,0
2026-04-05 06:00:00,2048.60000000,2048.93000000,2027.75000000,2038.32000000,11035.04620000,2026-04-05 06:59:59.999,22473599.02336600,141822,4897.29130000,9971789.48968100,0
2026-04-05 07:00:00,2038.32000000,2042.59000000,2034.48000000,2037.29000000,3661.49890000,2026-04-05 07:59:59.999,7464024.76938800,70019,1796.23050000,3661794.12299300,0
2026-04-05 08:00:00,2037.29000000,2039.94000000,2035.91000000,2039.16000000,1960.87700000,2026-04-05 08:59:59.999,3996523.92979700,41167,965.11990000,1967033.65189300,0
2026-04-05 09:00:00,2039.17000000,2046.00000000,2038.87000000,2044.42000000,2359.04320000,2026-04-05 09:59:59.999,4819571.14327600,54604,1193.55370000,2438216.32196600,0
2026-04-05 10:00:00,2044.41000000,2052.53000000,2042.44000000,2044.74000000,3003.58780000,2026-04-05 10:59:59.999,6148229.16498200,60114,1761.66670000,3606643.07579600,0
2026-04-05 11:00:00,2044.74000000,2045.83000000,2040.52000000,2042.32000000,1592.54270000,2026-04-05 11:59:59.999,3253724.76791600,46471,641.72130000,1311114.42553900,0
2026-04-05 12:00:00,2042.31000000,2042.31000000,2021.50000000,2028.36000000,9845.98310000,2026-04-05 12:59:59.999,19985868.41731800,140798,3758.18750000,7625239.52223700,0
2026-04-05 13:00:00,2028.37000000,2037.75000000,2025.71000000,2036.63000000,4872.83930000,2026-04-05 13:59:59.999,9894746.64826100,103984,2925.02720000,5940318.08790300,0
2026-04-05 14:00:00,2036.63000000,2043.32000000,2035.19000000,2038.49000000,5390.77830000,2026-04-05 14:59:59.999,10997034.33889100,85371,3570.20960000,7283934.87905700,0
2026-04-05 15:00:00,2038.49000000,2069.89000000,2034.58000000,2053.85000000,17245.05400000,2026-04-05 15:59:59.999,35450373.72860500,246370,9237.71080000,18987072.76832400,0
2026-04-05 16:00:00,2053.85000000,2059.30000000,2050.29000000,2052.15000000,4008.31590000,2026-04-05 16:59:59.999,8237494.71540300,109051,1910.46660000,3926436.78588700,0
2026-04-05 17:00:00,2052.15000000,2062.54000000,2048.69000000,2062.53000000,7871.23740000,2026-04-05 17:59:59.999,16200195.47754100,107626,3199.55020000,6583290.62238700,0
2026-04-05 18:00:00,2062.54000000,2066.60000000,2057.10000000,2062.99000000,4214.35470000,2026-04-05 18:59:59.999,8691616.70557300,91650,2721.46970000,5613693.70896000,0
2026-04-05 19:00:00,2062.99000000,2069.95000000,2058.25000000,2062.37000000,5296.46340000,2026-04-05 19:59:59.999,10930634.89022000,93030,3370.43450000,6955936.75884700,0
2026-04-05 20:00:00,2062.38000000,2075.11000000,2062.00000000,2068.91000000,6169.08520000,2026-04-05 20:59:59.999,12762159.02639200,96663,4073.67060000,8427405.66247300,0
2026-04-05 21:00:00,2068.90000000,2069.12000000,2056.73000000,2060.01000000,6449.90690000,2026-04-05 21:59:59.999,13296427.36036300,78689,1771.48930000,3653195.44331900,0
2026-04-05 22:00:00,2060.01000000,2088.00000000,2050.00000000,2085.79000000,16148.68820000,2026-04-05 22:59:59.999,33413307.71399500,302045,9023.33780000,18685989.89686300,0
2026-04-05 23:00:00,2085.78000000,2123.49000000,2082.35000000,2110.17000000,32360.92840000,2026-04-05 23:59:59.999,68188858.70369800,396845,16122.61070000,33955833.24414500,0
2026-04-06 00:00:00,2110.17000000,2135.39000000,2110.17000000,2121.99000000,21652.17800000,2026-04-06 00:59:59.999,45980315.09748300,331825,11275.52210000,23944588.61015700,0
2026-04-06 01:00:00,2122.00000000,2124.53000000,2112.48000000,2115.12000000,12502.56810000,2026-04-06 01:59:59.999,26475536.70588600,193015,5702.34930000,12074379.33502600,0
2026-04-06 02:00:00,2115.11000000,2147.24000000,2114.59000000,2133.59000000,22030.86130000,2026-04-06 02:59:59.999,47021384.59897700,298084,12579.79660000,26844330.96998800,0
2026-04-06 03:00:00,2133.59000000,2137.27000000,2126.59000000,2129.35000000,9676.80700000,2026-04-06 03:59:59.999,20637344.08293900,170178,4852.81850000,10350594.48418800,0
2026-04-06 04:00:00,2129.35000000,2134.77000000,2125.12000000,2131.06000000,9092.35700000,2026-04-06 04:59:59.999,19365738.70395100,121794,4899.29970000,10437501.33451500,0
2026-04-06 05:00:00,2131.06000000,2134.62000000,2128.42000000,2131.29000000,5374.91360000,2026-04-06 05:59:59.999,11453757.70145600,99712,2596.14630000,5532152.41021900,0
2026-04-06 06:00:00,2131.29000000,2139.00000000,2120.04000000,2127.53000000,13310.85250000,2026-04-06 06:59:59.999,28332750.02071400,202779,7334.97200000,15613377.29042100,0
2026-04-06 07:00:00,2127.53000000,2141.00000000,2122.83000000,2134.90000000,12354.03520000,2026-04-06 07:59:59.999,26344473.85951000,143968,7254.91830000,15472362.08019100,0
2026-04-06 08:00:00,2134.91000000,2147.95000000,2133.42000000,2138.48000000,11262.78560000,2026-04-06 08:59:59.999,24096392.25287900,160026,7185.96980000,15374945.16278800,0
2026-04-06 09:00:00,2138.48000000,2174.79000000,2138.47000000,2150.97000000,36268.14460000,2026-04-06 09:59:59.999,78239846.83385900,356111,19908.82410000,42950171.58965300,0
2026-04-06 10:00:00,2150.97000000,2157.50000000,2149.36000000,2153.27000000,9506.30970000,2026-04-06 10:59:59.999,20472806.64183500,167231,3874.17300000,8343726.25574300,0
2026-04-06 11:00:00,2153.27000000,2153.70000000,2146.61000000,2151.53000000,7937.84890000,2026-04-06 11:59:59.999,17070720.07447000,124590,3261.96770000,7015582.78167200,0
2026-04-06 12:00:00,2151.53000000,2154.52000000,2142.31000000,2143.59000000,9671.60990000,2026-04-06 12:59:59.999,20783508.58970900,138271,3851.41580000,8276938.65514100,0
2026-04-06 13:00:00,2143.59000000,2149.41000000,2137.91000000,2145.99000000,15191.19110000,2026-04-06 13:59:59.999,32568243.36437100,317233,7830.41930000,16790573.61689800,0
2026-04-06 14:00:00,2146.00000000,2165.74000000,2137.76000000,2156.71000000,33151.51140000,2026-04-06 14:59:59.999,71341317.30852000,500888,18778.61320000,40431126.65799500,0
2026-04-06 15:00:00,2156.72000000,2169.60000000,2155.50000000,2164.65000000,17897.00080000,2026-04-06 15:59:59.999,38711623.57147300,352134,9223.08220000,19952119.59395600,0
2026-04-06 16:00:00,2164.65000000,2168.72000000,2140.45000000,2140.62000000,16868.23490000,2026-04-06 16:59:59.999,36394164.01667800,273876,6008.42880000,12968568.05721300,0
2026-04-06 17:00:00,2140.62000000,2141.00000000,2123.60000000,2134.95000000,22223.35520000,2026-04-06 17:59:59.999,47401963.97063200,317804,11027.55400000,23522467.54964900,0
2026-04-06 18:00:00,2134.96000000,2148.51000000,2131.60000000,2144.84000000,9169.63970000,2026-04-06 18:59:59.999,19640399.83204200,194809,4464.48670000,9562805.18091800,0
2026-04-06 19:00:00,2144.84000000,2145.94000000,2135.94000000,2144.25000000,8437.46770000,2026-04-06 19:59:59.999,18073927.84269900,131952,3279.58000000,7025732.37029900,0
2026-04-06 20:00:00,2144.25000000,2155.06000000,2140.45000000,2148.81000000,5786.15480000,2026-04-06 20:59:59.999,12434910.71979100,110975,3094.61170000,6652807.31442100,0
2026-04-06 21:00:00,2148.80000000,2148.80000000,2137.73000000,2139.54000000,4290.07620000,2026-04-06 21:59:59.999,9196160.76417100,74058,1650.80140000,3538795.43066300,0
2026-04-06 22:00:00,2139.54000000,2140.95000000,2105.41000000,2105.41000000,16021.25980000,2026-04-06 22:59:59.999,34043294.92421500,205850,6608.83580000,14055599.96241700,0
2026-04-06 23:00:00,2105.41000000,2110.39000000,2087.50000000,2107.16000000,26377.12640000,2026-04-06 23:59:59.999,55310656.19311300,343203,13869.92300000,29082415.53705100,0
2026-04-07 00:00:00,2107.16000000,2120.14000000,2105.63000000,2112.66000000,12222.89260000,2026-04-07 00:59:59.999,25834245.43399400,239995,6423.37490000,13575535.54068900,0
2026-04-07 01:00:00,2112.66000000,2120.10000000,2097.30000000,2099.51000000,11345.21910000,2026-04-07 01:59:59.999,23921769.02533300,239319,4330.43170000,9132447.68270700,0
2026-04-07 02:00:00,2099.51000000,2111.63000000,2093.64000000,2106.84000000,8048.49420000,2026-04-07 02:59:59.999,16923836.15253100,177190,4149.05900000,8725197.08557900,0
2026-04-07 03:00:00,2106.84000000,2109.89000000,2103.77000000,2108.37000000,3191.62870000,2026-04-07 03:59:59.999,6726257.15070600,93965,1714.25700000,3612600.14720500,0
2026-04-07 04:00:00,2108.37000000,2119.21000000,2103.68000000,2114.22000000,5021.83240000,2026-04-07 04:59:59.999,10602496.04892600,118368,3228.97550000,6818540.37162800,0
2026-04-07 05:00:00,2114.23000000,2114.61000000,2103.73000000,2105.52000000,4524.17730000,2026-04-07 05:59:59.999,9535954.01472600,79650,1994.10310000,4203303.70118400,0
2026-04-07 06:00:00,2105.53000000,2106.58000000,2096.69000000,2104.25000000,7241.37610000,2026-04-07 06:59:59.999,15218688.63975800,83141,2506.63820000,5268201.32017400,0
2026-04-07 07:00:00,2104.26000000,2106.29000000,2098.90000000,2104.04000000,7285.99350000,2026-04-07 07:59:59.999,15319196.14824500,67956,3794.32480000,7979850.63776900,0
2026-04-07 08:00:00,2104.03000000,2117.37000000,2103.29000000,2114.84000000,8502.54800000,2026-04-07 08:59:59.999,17946160.55173300,106308,4655.61970000,9827003.02474100,0
2026-04-07 09:00:00,2114.85000000,2133.83000000,2114.13000000,2128.26000000,12479.30510000,2026-04-07 09:59:59.999,26540065.83184500,127014,6957.41530000,14793314.88147200,0
2026-04-07 10:00:00,2128.26000000,2131.38000000,2085.79000000,2089.32000000,18999.82530000,2026-04-07 10:59:59.999,39994399.78758700,230047,8145.73250000,17143550.60754900,0
2026-04-07 11:00:00,2089.31000000,2094.03000000,2082.35000000,2089.58000000,12699.79880000,2026-04-07 11:59:59.999,26523397.09304500,135842,7280.94650000,15208526.34287700,0
2026-04-07 12:00:00,2089.58000000,2093.17000000,2074.09000000,2086.99000000,19553.83140000,2026-04-07 12:59:59.999,40716761.07718400,204998,9457.28820000,19695391.68462300,0
2026-04-07 13:00:00,2086.99000000,2093.17000000,2074.50000000,2074.97000000,13582.91740000,2026-04-07 13:59:59.999,28290549.93782600,233631,6265.38050000,13054366.84851600,0
2026-04-07 14:00:00,2074.98000000,2081.46000000,2060.24000000,2069.44000000,25857.80800000,2026-04-07 14:59:59.999,53515903.06424200,298994,13291.42640000,27500116.27426200,0
2026-04-07 15:00:00,2069.44000000,2083.75000000,2064.76000000,2080.06000000,17554.40560000,2026-04-07 15:59:59.999,36428257.49583000,196839,9814.99690000,20376173.33734600,0
2026-04-07 16:00:00,2080.07000000,2090.14000000,2077.52000000,2083.76000000,10529.98940000,2026-04-07 16:59:59.999,21944294.16876400,159738,5276.74110000,10999556.24000600,0
2026-04-07 17:00:00,2083.75000000,2115.17000000,2079.80000000,2099.50000000,16296.70870000,2026-04-07 17:59:59.999,34189516.08535100,173995,9030.88350000,18952308.97431100,0
2026-04-07 18:00:00,2099.49000000,2101.39000000,2082.43000000,2086.30000000,7595.35850000,2026-04-07 18:59:59.999,15885099.70295300,110032,3220.85820000,6738847.79010500,0
2026-04-07 19:00:00,2086.29000000,2116.65000000,2084.04000000,2113.39000000,20780.07570000,2026-04-07 19:59:59.999,43704591.09664500,278543,11954.48150000,25140606.62447900,0
2026-04-07 20:00:00,2113.39000000,2125.59000000,2110.68000000,2115.53000000,14390.75850000,2026-04-07 20:59:59.999,30483334.50492200,161324,6248.67560000,13237990.28088500,0
2026-04-07 21:00:00,2115.52000000,2153.00000000,2115.52000000,2145.04000000,30017.52650000,2026-04-07 21:59:59.999,64255277.16491000,257979,17893.30030000,38307570.40052700,0
2026-04-07 22:00:00,2145.05000000,2219.88000000,2145.05000000,2219.77000000,80299.78260000,2026-04-07 22:59:59.999,175117815.76573600,622174,45224.77660000,98686820.10130500,0
2026-04-07 23:00:00,2219.78000000,2273.87000000,2215.73000000,2240.01000000,92072.55590000,2026-04-07 23:59:59.999,206593340.83608300,792669,46393.29070000,104099695.63768600,0
2026-04-08 00:00:00,2240.01000000,2251.39000000,2228.24000000,2236.08000000,30356.80400000,2026-04-08 00:59:59.999,67980780.61973300,294010,14977.88070000,33543494.53617700,0
2026-04-08 01:00:00,2236.09000000,2242.77000000,2230.45000000,2234.06000000,13860.13810000,2026-04-08 01:59:59.999,30999427.49217300,148467,6446.20800000,14418953.90135100,0
2026-04-08 02:00:00,2234.07000000,2247.42000000,2230.76000000,2237.28000000,18487.90760000,2026-04-08 02:59:59.999,41369616.92133400,155059,9039.36830000,20231463.32521500,0
2026-04-08 03:00:00,2237.28000000,2239.46000000,2232.00000000,2234.68000000,8578.47720000,2026-04-08 03:59:59.999,19178261.63001200,72173,4174.53240000,9331777.72445900,0
2026-04-08 04:00:00,2234.68000000,2252.50000000,2234.68000000,2240.77000000,17282.87550000,2026-04-08 04:59:59.999,38806251.32958600,129918,8592.09480000,19293561.01387500,0
2026-04-08 05:00:00,2240.76000000,2245.10000000,2238.30000000,2240.70000000,8255.30090000,2026-04-08 05:59:59.999,18507686.52625000,95492,3564.87240000,7993298.97437000,0
2026-04-08 06:00:00,2240.70000000,2253.86000000,2235.49000000,2246.01000000,15941.32220000,2026-04-08 06:59:59.999,35832936.07138000,107587,7228.20490000,16247548.15141300,0
2026-04-08 07:00:00,2246.01000000,2260.76000000,2244.63000000,2253.76000000,18276.51120000,2026-04-08 07:59:59.999,41174955.22018200,117203,8366.65650000,18857228.83661700,0
2026-04-08 08:00:00,2253.76000000,2259.51000000,2250.44000000,2256.48000000,13992.25590000,2026-04-08 08:59:59.999,31561608.66186700,131202,7720.78940000,17416507.37397300,0
2026-04-08 09:00:00,2256.47000000,2263.35000000,2245.99000000,2249.59000000,19365.39090000,2026-04-08 09:59:59.999,43631133.73247000,115108,9356.88540000,21078629.85758700,0
2026-04-08 10:00:00,2249.59000000,2253.86000000,2242.39000000,2242.67000000,7002.82620000,2026-04-08 10:59:59.999,15738361.68052600,98317,2165.85970000,4868702.15278700,0
2026-04-08 11:00:00,2242.66000000,2254.72000000,2237.12000000,2247.23000000,11966.13720000,2026-04-08 11:59:59.999,26862274.66404000,120750,5766.10230000,12948647.11219000,0
2026-04-08 12:00:00,2247.23000000,2259.33000000,2242.67000000,2255.88000000,15657.04210000,2026-04-08 12:59:59.999,35250266.75728600,171104,6121.18370000,13786450.45794900,0
2026-04-08 13:00:00,2255.88000000,2270.55000000,2231.58000000,2236.06000000,38245.61580000,2026-04-08 13:59:59.999,86056867.57636900,439947,17299.06210000,38945029.26954600,0
2026-04-08 14:00:00,2236.05000000,2240.94000000,2186.61000000,2195.22000000,55465.70110000,2026-04-08 14:59:59.999,122619407.47852300,518870,27378.69270000,60521376.52572500,0
2026-04-08 15:00:00,2195.23000000,2218.35000000,2193.46000000,2215.45000000,20114.67240000,2026-04-08 15:59:59.999,44393727.17654900,272226,10648.98380000,23500930.69793500,0
2026-04-08 16:00:00,2215.44000000,2225.41000000,2211.23000000,2220.76000000,13088.31140000,2026-04-08 16:59:59.999,29030246.12076200,207893,6262.89240000,13893615.30113100,0
2026-04-08 17:00:00,2220.77000000,2239.50000000,2213.03000000,2231.88000000,14675.70310000,2026-04-08 17:59:59.999,32683781.25618500,215211,8008.51460000,17838952.07046800,0
2026-04-08 18:00:00,2231.87000000,2232.65000000,2199.32000000,2201.41000000,15484.30270000,2026-04-08 18:59:59.999,34269727.25908200,261438,6391.29090000,14135246.29243300,0
2026-04-08 19:00:00,2201.40000000,2211.74000000,2197.70000000,2211.04000000,10287.99080000,2026-04-08 19:59:59.999,22674521.65586000,177076,4601.51750000,10142724.01254600,0
2026-04-08 20:00:00,2211.03000000,2216.66000000,2205.84000000,2209.81000000,5117.01710000,2026-04-08 20:59:59.999,11317455.82095300,88748,2640.77880000,5840812.08173500,0
2026-04-08 21:00:00,2209.81000000,2222.55000000,2207.90000000,2214.53000000,7141.00160000,2026-04-08 21:59:59.999,15819720.27011400,86780,3322.86640000,7363626.67490800,0
2026-04-08 22:00:00,2214.54000000,2215.15000000,2186.97000000,2189.87000000,12489.34560000,2026-04-08 22:59:59.999,27454680.45651400,148915,4647.09310000,10215463.63035000,0
2026-04-08 23:00:00,2189.86000000,2193.95000000,2179.78000000,2190.00000000,13584.98150000,2026-04-08 23:59:59.999,29707225.37216500,166491,6260.99350000,13694974.25496300,0
2026-04-09 00:00:00,2190.00000000,2193.79000000,2179.30000000,2183.03000000,9626.20870000,2026-04-09 00:59:59.999,21033008.04509800,166420,3286.28760000,7182346.40262100,0
2026-04-09 01:00:00,2183.03000000,2185.27000000,2162.00000000,2178.69000000,15127.91650000,2026-04-09 01:59:59.999,32860930.71770300,190976,6186.15880000,13440310.33414500,0
2026-04-09 02:00:00,2178.68000000,2185.50000000,2174.01000000,2181.69000000,5982.58380000,2026-04-09 02:59:59.999,13045328.51695200,111362,2799.55950000,6105472.68597400,0
2026-04-09 03:00:00,2181.69000000,2183.98000000,2175.60000000,2182.49000000,4172.26350000,2026-04-09 03:59:59.999,9096456.18555400,68558,1797.75930000,3919864.23531700,0
2026-04-09 04:00:00,2182.49000000,2182.49000000,2176.42000000,2177.64000000,4180.20730000,2026-04-09 04:59:59.999,9109485.13602000,51344,1363.67640000,2971537.64599000,0
2026-04-09 05:00:00,2177.64000000,2188.99000000,2175.60000000,2182.17000000,7702.85290000,2026-04-09 05:59:59.999,16812904.05905600,80008,2939.66430000,6417817.98935100,0
2026-04-09 06:00:00,2182.18000000,2186.13000000,2175.60000000,2181.51000000,4273.85140000,2026-04-09 06:59:59.999,9315838.28505500,64601,1369.21440000,2984895.08323100,0
2026-04-09 07:00:00,2181.52000000,2185.78000000,2180.02000000,2181.14000000,8099.17890000,2026-04-09 07:59:59.999,17675963.61282800,67266,5138.73910000,11214575.56132200,0
2026-04-09 08:00:00,2181.14000000,2190.72000000,2176.37000000,2186.37000000,8257.82560000,2026-04-09 08:59:59.999,18024968.45001800,83387,4823.29400000,10528750.89123300,0
2026-04-09 09:00:00,2186.36000000,2197.70000000,2179.72000000,2194.14000000,8927.17600000,2026-04-09 09:59:59.999,19527563.87419900,83072,5561.72140000,12167444.89733900,0
2026-04-09 10:00:00,2194.13000000,2196.22000000,2188.08000000,2190.70000000,8945.76650000,2026-04-09 10:59:59.999,19614877.67611400,75219,3579.74970000,7848040.50040700,0
2026-04-09 11:00:00,2190.69000000,2193.13000000,2178.31000000,2180.26000000,7213.81480000,2026-04-09 11:59:59.999,15753996.08325100,94084,3232.86490000,7060084.07045400,0
2026-04-09 12:00:00,2180.26000000,2186.98000000,2174.27000000,2183.34000000,9640.07170000,2026-04-09 12:59:59.999,21032675.74439500,125474,5416.66150000,11819160.59416000,0
2026-04-09 13:00:00,2183.33000000,2186.54000000,2158.19000000,2165.22000000,16119.36720000,2026-04-09 13:59:59.999,34975999.18938600,230572,7249.94590000,15732520.71598700,0
2026-04-09 14:00:00,2165.23000000,2182.19000000,2157.31000000,2177.63000000,13247.79700000,2026-04-09 14:59:59.999,28742774.89702600,243827,7086.86470000,15382395.83606800,0
2026-04-09 15:00:00,2177.64000000,2225.00000000,2169.51000000,2217.99000000,37016.12470000,2026-04-09 15:59:59.999,81532996.33248300,454382,21123.09290000,46536555.95211900,0
2026-04-09 16:00:00,2218.00000000,2229.40000000,2193.00000000,2208.33000000,19736.85310000,2026-04-09 16:59:59.999,43628731.79243700,285702,9580.50570000,21193421.09930700,0
2026-04-09 17:00:00,2208.33000000,2225.47000000,2206.43000000,2222.75000000,16732.24960000,2026-04-09 17:59:59.999,37122106.19744900,261530,9792.13260000,21730532.04397800,0
2026-04-09 18:00:00,2222.75000000,2223.69000000,2200.64000000,2206.86000000,9466.94000000,2026-04-09 18:59:59.999,20902896.68665400,223124,4074.91640000,8995748.66923700,0
2026-04-09 19:00:00,2206.86000000,2224.52000000,2204.39000000,2216.42000000,11262.99730000,2026-04-09 19:59:59.999,24940422.51051900,165546,5729.28810000,12688428.12788800,0
2026-04-09 20:00:00,2216.42000000,2222.00000000,2210.31000000,2213.08000000,9292.94520000,2026-04-09 20:59:59.999,20589820.20737300,94049,5424.90080000,12017732.50462100,0
2026-04-09 21:00:00,2213.08000000,2226.34000000,2207.54000000,2210.78000000,7702.12430000,2026-04-09 21:59:59.999,17052428.15269700,122353,3399.29220000,7528044.88877100,0
2026-04-09 22:00:00,2210.79000000,2246.00000000,2197.50000000,2197.69000000,20803.39170000,2026-04-09 22:59:59.999,46193553.19723700,222974,9788.06010000,21759623.46984200,0
2026-04-09 23:00:00,2197.69000000,2201.09000000,2183.33000000,2190.20000000,11787.44260000,2026-04-09 23:59:59.999,25822577.11592500,190556,4796.19100000,10507421.36631200,0
2026-04-10 00:00:00,2190.17000000,2197.39000000,2181.95000000,2195.17000000,8145.10580000,2026-04-10 00:59:59.999,17829120.36918100,157225,3783.96760000,8285163.82706400,0
2026-04-10 01:00:00,2195.17000000,2204.10000000,2176.10000000,2194.70000000,12958.41220000,2026-04-10 01:59:59.999,28411095.15543900,170431,6828.94160000,14980302.43407600,0
2026-04-10 02:00:00,2194.69000000,2198.62000000,2187.01000000,2189.12000000,5478.44370000,2026-04-10 02:59:59.999,12015244.35598500,86258,2019.72880000,4431153.97606000,0
2026-04-10 03:00:00,2189.11000000,2192.38000000,2182.68000000,2186.06000000,6591.33300000,2026-04-10 03:59:59.999,14415410.78277200,70716,1793.66510000,3922784.23659900,0
2026-04-10 04:00:00,2186.05000000,2199.34000000,2185.95000000,2195.71000000,8449.68040000,2026-04-10 04:59:59.999,18509753.33268900,68343,4024.52290000,8816853.91516700,0
2026-04-10 05:00:00,2195.71000000,2203.11000000,2192.49000000,2196.90000000,6931.58700000,2026-04-10 05:59:59.999,15238336.52214700,71164,2919.73220000,6420406.92887500,0
2026-04-10 06:00:00,2196.91000000,2198.44000000,2184.00000000,2186.20000000,7494.44170000,2026-04-10 06:59:59.999,16414208.15271100,70836,2203.84590000,4826038.99729600,0
2026-04-10 07:00:00,2186.21000000,2188.57000000,2176.40000000,2179.28000000,8738.28840000,2026-04-10 07:59:59.999,19075892.62834900,66684,3772.74800000,8236907.79625600,0
2026-04-10 08:00:00,2179.27000000,2190.11000000,2177.13000000,2185.86000000,7505.45620000,2026-04-10 08:59:59.999,16390619.57437200,67221,4106.26510000,8966612.62662400,0
2026-04-10 09:00:00,2185.85000000,2197.58000000,2185.83000000,2196.03000000,7897.33550000,2026-04-10 09:59:59.999,17320651.98887500,86085,4019.70190000,8815736.53664500,0
2026-04-10 10:00:00,2196.04000000,2198.29000000,2190.66000000,2197.24000000,5030.08780000,2026-04-10 10:59:59.999,11037019.23083200,63339,2486.61920000,5456464.41574800,0
2026-04-10 11:00:00,2197.25000000,2224.28000000,2197.22000000,2215.65000000,27238.35390000,2026-04-10 11:59:59.999,60364237.38320200,146767,12817.68640000,28394076.54101200,0
2026-04-10 12:00:00,2215.66000000,2228.51000000,2208.18000000,2218.90000000,21377.24330000,2026-04-10 12:59:59.999,47441448.76267500,196871,8897.78480000,19748504.72539600,0
2026-04-10 13:00:00,2218.90000000,2225.51000000,2208.40000000,2223.08000000,13705.71940000,2026-04-10 13:59:59.999,30397456.44894700,192943,7023.14430000,15580884.19249400,0
2026-04-10 14:00:00,2223.08000000,2254.27000000,2220.43000000,2242.76000000,39205.51950000,2026-04-10 14:59:59.999,87856147.48796300,348510,21621.55130000,48453797.40528200,0
2026-04-10 15:00:00,2242.76000000,2257.99000000,2220.36000000,2224.27000000,21462.26550000,2026-04-10 15:59:59.999,48040415.22504600,258397,9286.44540000,20807952.91480600,0
2026-04-10 16:00:00,2224.28000000,2247.42000000,2221.46000000,2245.36000000,14371.20530000,2026-04-10 16:59:59.999,32149114.41513900,205119,9259.31490000,20716128.43361300,0
2026-04-10 17:00:00,2245.37000000,2249.45000000,2239.29000000,2248.42000000,8726.55750000,2026-04-10 17:59:59.999,19584556.24038000,117841,4727.27930000,10610464.79197500,0
2026-04-10 18:00:00,2248.41000000,2251.90000000,2239.06000000,2249.33000000,8296.79030000,2026-04-10 18:59:59.999,18641196.37162000,103484,4731.22860000,10631758.41485500,0
2026-04-10 19:00:00,2249.32000000,2256.00000000,2243.52000000,2253.17000000,6307.86920000,2026-04-10 19:59:59.999,14193945.98346900,83742,2935.15640000,6606253.33522600,0
2026-04-10 20:00:00,2253.17000000,2257.14000000,2243.03000000,2255.33000000,10016.34720000,2026-04-10 20:59:59.999,22549223.26954600,104323,5532.55030000,12458050.35295800,0
2026-04-10 21:00:00,2255.33000000,2255.68000000,2242.34000000,2254.87000000,6229.95270000,2026-04-10 21:59:59.999,14011460.33982500,86845,2802.72720000,6304419.06689100,0
2026-04-10 22:00:00,2254.88000000,2255.49000000,2235.41000000,2242.24000000,7568.27120000,2026-04-10 22:59:59.999,16990061.07163400,67105,2962.41340000,6654185.75740200,0
2026-04-10 23:00:00,2242.25000000,2245.66000000,2239.31000000,2245.05000000,3172.81910000,2026-04-10 23:59:59.999,7115684.98332800,38964,1520.29160000,3409605.40599400,0
2026-04-11 00:00:00,2245.06000000,2245.06000000,2235.92000000,2238.77000000,5000.16180000,2026-04-11 00:59:59.999,11195089.28340500,42624,2535.41850000,5675087.91735900,0
2026-04-11 01:00:00,2238.77000000,2246.50000000,2234.81000000,2244.20000000,5117.03790000,2026-04-11 01:59:59.999,11465879.40926300,51325,1802.71950000,4040457.65705600,0
2026-04-11 02:00:00,2244.20000000,2252.15000000,2242.20000000,2248.19000000,4262.15070000,2026-04-11 02:59:59.999,9578246.98963500,47569,2008.51690000,4513916.43890600,0
2026-04-11 03:00:00,2248.19000000,2250.78000000,2235.77000000,2237.17000000,4975.75540000,2026-04-11 03:59:59.999,11162819.39181900,49161,1758.01910000,3944113.31380300,0
2026-04-11 04:00:00,2237.18000000,2242.93000000,2235.45000000,2240.97000000,5020.10240000,2026-04-11 04:59:59.999,11242052.61576000,51232,2789.62540000,6246686.66149700,0
2026-04-11 05:00:00,2240.98000000,2241.71000000,2229.00000000,2232.79000000,8378.00910000,2026-04-11 05:59:59.999,18723609.95589600,59858,3083.42930000,6889597.53373800,0
2026-04-11 06:00:00,2232.79000000,2236.73000000,2229.62000000,2235.66000000,5777.13980000,2026-04-11 06:59:59.999,12900008.41786800,43161,3344.74000000,7468340.36963400,0
2026-04-11 07:00:00,2235.68000000,2236.51000000,2230.58000000,2232.60000000,3302.08890000,2026-04-11 07:59:59.999,7375844.91423800,28229,1436.17320000,3208395.69823400,0
2026-04-11 08:00:00,2232.60000000,2235.43000000,2232.14000000,2232.90000000,4658.76290000,2026-04-11 08:59:59.999,10406723.46864300,27432,2011.60540000,4493377.02056000,0
2026-04-11 09:00:00,2232.89000000,2249.31000000,2232.24000000,2243.83000000,10245.69740000,2026-04-11 09:59:59.999,22972585.46449100,64179,5720.39820000,12826531.56142000,0
2026-04-11 10:00:00,2243.84000000,2245.12000000,2237.70000000,2240.46000000,3647.15280000,2026-04-11 10:59:59.999,8172710.63757600,37015,1682.79790000,3770775.41951500,0
2026-04-11 11:00:00,2240.42000000,2247.00000000,2238.67000000,2246.11000000,4110.21450000,2026-04-11 11:59:59.999,9215313.51292000,33811,1988.94750000,4459882.21115600,0
2026-04-11 12:00:00,2246.12000000,2246.71000000,2241.16000000,2245.50000000,2702.35590000,2026-04-11 12:59:59.999,6065714.74756500,30191,1217.56180000,2733267.06267000,0
2026-04-11 13:00:00,2245.49000000,2245.50000000,2233.72000000,2239.76000000,6483.54400000,2026-04-11 13:59:59.999,14514913.19241200,72403,3111.70790000,6966781.89342300,0
2026-04-11 14:00:00,2239.75000000,2244.10000000,2238.39000000,2242.10000000,2755.41280000,2026-04-11 14:59:59.999,6175433.77547400,40452,1259.89960000,2823878.68812500,0
2026-04-11 15:00:00,2242.10000000,2256.11000000,2241.39000000,2249.54000000,7055.52610000,2026-04-11 15:59:59.999,15865957.27036900,78054,3356.20670000,7547594.34614400,0
2026-04-11 16:00:00,2249.54000000,2274.42000000,2246.53000000,2258.68000000,12794.99990000,2026-04-11 16:59:59.999,28940841.76263500,123962,7642.71970000,17287408.53296700,0
2026-04-11 17:00:00,2258.68000000,2265.49000000,2253.87000000,2260.01000000,7292.93730000,2026-04-11 17:59:59.999,16481643.70624900,77423,4442.36290000,10041611.62320900,0
2026-04-11 18:00:00,2260.01000000,2311.53000000,2257.34000000,2305.44000000,37997.90820000,2026-04-11 18:59:59.999,87097163.70547700,279018,21962.73130000,50319683.76478400,0
2026-04-11 19:00:00,2305.43000000,2329.93000000,2305.31000000,2315.96000000,31171.26320000,2026-04-11 19:59:59.999,72262429.62127600,266399,17017.92240000,39458532.61276700,0
2026-04-11 20:00:00,2315.96000000,2317.14000000,2288.32000000,2298.32000000,18271.89490000,2026-04-11 20:59:59.999,42039818.07722400,165803,7102.13210000,16338243.90928200,0
2026-04-11 21:00:00,2298.32000000,2304.13000000,2292.35000000,2299.36000000,7471.70000000,2026-04-11 21:59:59.999,17182585.65221200,86705,3125.97680000,7190213.28890800,0
2026-04-11 22:00:00,2299.35000000,2308.00000000,2289.03000000,2296.88000000,7556.80340000,2026-04-11 22:59:59.999,17371599.37559800,87522,3426.20270000,7879530.84104200,0
2026-04-11 23:00:00,2296.89000000,2296.89000000,2276.47000000,2284.99000000,8736.78460000,2026-04-11 23:59:59.999,19962008.19891700,86123,3411.17290000,7794182.53879500,0
2026-04-12 00:00:00,2285.00000000,2288.24000000,2273.00000000,2285.72000000,11950.96320000,2026-04-12 00:59:59.999,27273406.07107600,81916,5587.52440000,12758728.63422100,0
2026-04-12 01:00:00,2285.72000000,2288.57000000,2209.14000000,2219.05000000,47252.79350000,2026-04-12 01:59:59.999,105914339.71081000,437546,21964.06010000,49227604.31098500,0
2026-04-12 02:00:00,2219.05000000,2234.35000000,2207.06000000,2223.43000000,16377.12740000,2026-04-12 02:59:59.999,36406629.61460200,220599,8187.58130000,18201659.77497500,0
2026-04-12 03:00:00,2223.42000000,2227.15000000,2211.99000000,2213.71000000,15756.57710000,2026-04-12 03:59:59.999,34934273.22711900,106795,7662.73530000,16985844.41813600,0
2026-04-12 04:00:00,2213.70000000,2216.50000000,2209.08000000,2212.16000000,11540.83920000,2026-04-12 04:59:59.999,25537887.86246800,81128,6872.66770000,15206780.01022600,0
2026-04-12 05:00:00,2212.17000000,2219.96000000,2208.32000000,2217.28000000,7916.32330000,2026-04-12 05:59:59.999,17533952.37623700,68134,3363.87970000,7451156.35762700,0
2026-04-12 06:00:00,2217.28000000,2220.87000000,2214.71000000,2216.07000000,3635.76620000,2026-04-12 06:59:59.999,8063231.40837300,44708,1509.21580000,3347491.47825700,0
2026-04-12 07:00:00,2216.08000000,2220.48000000,2212.20000000,2218.02000000,4551.11700000,2026-04-12 07:59:59.999,10086008.33651000,44123,2232.49010000,4948446.45968000,0
2026-04-12 08:00:00,2218.02000000,2219.04000000,2211.92000000,2214.00000000,5164.47800000,2026-04-12 08:59:59.999,11445655.92901200,31192,2312.50290000,5126427.35212900,0
2026-04-12 09:00:00,2214.00000000,2216.08000000,2211.44000000,2214.19000000,5214.32020000,2026-04-12 09:59:59.999,11543599.15498100,33141,2587.73580000,5729429.26331900,0
2026-04-12 10:00:00,2214.20000000,2217.24000000,2194.32000000,2201.66000000,10789.86510000,2026-04-12 10:59:59.999,23788808.83595100,81430,4335.57120000,9562413.22638400,0
2026-04-12 11:00:00,2201.65000000,2207.41000000,2197.54000000,2204.62000000,5559.10000000,2026-04-12 11:59:59.999,12246768.25548500,51888,3066.24530000,6754918.19521000,0
2026-04-12 12:00:00,2204.62000000,2208.22000000,2188.00000000,2194.76000000,12882.00710000,2026-04-12 12:59:59.999,28324696.30254600,105828,6678.88690000,14684313.72437200,0
2026-04-12 13:00:00,2194.76000000,2199.17000000,2185.17000000,2186.98000000,15286.36970000,2026-04-12 13:59:59.999,33503680.76904700,158704,6324.11530000,13864758.96937100,0
2026-04-12 14:00:00,2186.98000000,2193.53000000,2178.69000000,2180.86000000,16800.01450000,2026-04-12 14:59:59.999,36742502.31808100,139893,8708.73990000,19056153.06000200,0
2026-04-12 15:00:00,2180.88000000,2188.89000000,2175.00000000,2186.47000000,8622.28980000,2026-04-12 15:59:59.999,18812627.87087100,85325,4330.98820000,9452335.97212600,0
2026-04-12 16:00:00,2186.47000000,2190.43000000,2183.09000000,2187.09000000,4674.39270000,2026-04-12 16:59:59.999,10221220.67696200,53716,2211.33400000,4836474.38192900,0
2026-04-12 17:00:00,2187.09000000,2205.00000000,2187.09000000,2203.17000000,7545.51780000,2026-04-12 17:59:59.999,16572546.47985800,80626,5065.40470000,11125578.70489300,0
2026-04-12 18:00:00,2203.18000000,2207.23000000,2199.56000000,2200.60000000,5588.70320000,2026-04-12 18:59:59.999,12312160.68888400,59534,2846.48320000,6271431.08493200,0
2026-04-12 19:00:00,2200.60000000,2205.20000000,2197.40000000,2198.27000000,3607.89640000,2026-04-12 19:59:59.999,7943679.94029100,34095,1183.27170000,2605119.46232100,0
2026-04-12 20:00:00,2198.27000000,2218.13000000,2193.34000000,2213.53000000,8794.32350000,2026-04-12 20:59:59.999,19405465.55455100,91423,4870.54270000,10751377.63203100,0
2026-04-12 21:00:00,2213.54000000,2217.71000000,2205.19000000,2211.24000000,4865.70700000,2026-04-12 21:59:59.999,10752186.39828300,72652,2352.92820000,5199984.80030000,0
2026-04-12 22:00:00,2211.24000000,2211.26000000,2183.99000000,2199.37000000,16989.26680000,2026-04-12 22:59:59.999,37276685.13697000,284928,8753.07870000,19208384.53022100,0
2026-04-12 23:00:00,2199.36000000,2199.36000000,2186.35000000,2191.65000000,6791.12340000,2026-04-12 23:59:59.999,14878825.92292000,126484,2650.26060000,5805765.30538600,0
2026-04-13 00:00:00,2191.64000000,2208.32000000,2187.20000000,2205.18000000,10357.55720000,2026-04-13 00:59:59.999,22785757.60343100,147883,5421.55290000,11927121.20472900,0
2026-04-13 01:00:00,2205.18000000,2209.05000000,2200.55000000,2203.69000000,5431.06290000,2026-04-13 01:59:59.999,11972016.42351200,90196,2515.13770000,5544235.94423900,0
2026-04-13 02:00:00,2203.68000000,2205.84000000,2192.49000000,2194.22000000,5454.46070000,2026-04-13 02:59:59.999,11987012.54772000,83468,1879.69300000,4130636.24779200,0
2026-04-13 03:00:00,2194.23000000,2195.80000000,2190.10000000,2194.36000000,5212.39770000,2026-04-13 03:59:59.999,11430885.88035300,64129,2897.69330000,6355878.25896300,0
2026-04-13 04:00:00,2194.36000000,2199.14000000,2187.58000000,2190.26000000,4948.90150000,2026-04-13 04:59:59.999,10857510.04480800,61756,2606.20090000,5719864.67819000,0
2026-04-13 05:00:00,2190.25000000,2191.35000000,2182.22000000,2191.34000000,7155.08990000,2026-04-13 05:59:59.999,15654674.70222000,76203,3628.63400000,7940066.35016900,0
2026-04-13 06:00:00,2191.34000000,2201.45000000,2190.32000000,2198.49000000,11369.65340000,2026-04-13 06:59:59.999,24973439.17101800,84903,7670.97470000,16848982.44660700,0
2026-04-13 07:00:00,2198.49000000,2199.76000000,2183.11000000,2186.56000000,9718.11810000,2026-04-13 07:59:59.999,21266852.44019600,84096,5383.89150000,11782157.00720600,0
2026-04-13 08:00:00,2186.57000000,2189.65000000,2180.00000000,2185.28000000,7895.18990000,2026-04-13 08:59:59.999,17243938.52993100,89485,3174.50050000,6935454.34263400,0
2026-04-13 09:00:00,2185.28000000,2195.34000000,2185.28000000,2188.08000000,3884.42260000,2026-04-13 09:59:59.999,8506598.50209000,73033,2288.18980000,5010718.57281500,0
2026-04-13 10:00:00,2188.08000000,2188.78000000,2179.00000000,2183.41000000,4548.17630000,2026-04-13 10:59:59.999,9933353.17662900,72629,2232.92930000,4877345.06540900,0
2026-04-13 11:00:00,2183.41000000,2190.96000000,2182.45000000,2187.33000000,4289.76660000,2026-04-13 11:59:59.999,9381939.01720900,73756,2245.73940000,4911329.05347400,0
2026-04-13 12:00:00,2187.33000000,2200.00000000,2175.68000000,2192.25000000,16772.63370000,2026-04-13 12:59:59.999,36706033.27963100,138328,9847.04360000,21555510.89498300,0
2026-04-13 13:00:00,2192.30000000,2215.62000000,2181.40000000,2215.47000000,30435.37990000,2026-04-13 13:59:59.999,66924603.67453500,309092,17998.52330000,39582969.03552300,0
2026-04-13 14:00:00,2215.46000000,2235.03000000,2203.45000000,2234.18000000,31071.83240000,2026-04-13 14:59:59.999,68911542.92354600,345782,16888.93770000,37466532.55827200,0
2026-04-13 15:00:00,2234.18000000,2236.43000000,2199.52000000,2209.28000000,25979.51650000,2026-04-13 15:59:59.999,57577165.46222500,288397,9696.75270000,21471840.86693200,0
2026-04-13 16:00:00,2209.28000000,2234.62000000,2200.00000000,2225.86000000,16260.31530000,2026-04-13 16:59:59.999,36130341.44292900,289724,7700.08890000,17104294.84566000,0
2026-04-13 17:00:00,2225.85000000,2242.90000000,2222.50000000,2225.13000000,12050.67550000,2026-04-13 17:59:59.999,26901877.22244000,177573,5703.45770000,12740111.75071500,0
2026-04-13 18:00:00,2225.12000000,2233.63000000,2218.53000000,2232.23000000,6657.79520000,2026-04-13 18:59:59.999,14827907.62378600,122129,3091.41510000,6886693.23726000,0
2026-04-13 19:00:00,2232.22000000,2268.88000000,2227.72000000,2262.33000000,29841.87280000,2026-04-13 19:59:59.999,67189314.98614600,290573,17665.68160000,39779243.94128300,0
2026-04-13 20:00:00,2262.33000000,2263.48000000,2247.50000000,2252.49000000,14180.55200000,2026-04-13 20:59:59.999,31968330.90442400,145810,5394.61290000,12162696.73301600,0
2026-04-13 21:00:00,2252.49000000,2266.66000000,2249.62000000,2260.07000000,8155.70340000,2026-04-13 21:59:59.999,18415867.67791500,102557,4507.97320000,10179445.61187800,0
2026-04-13 22:00:00,2260.07000000,2363.94000000,2259.81000000,2352.74000000,95874.80420000,2026-04-13 22:59:59.999,222961804.80122900,735353,51009.30810000,118609941.68233100,0
2026-04-13 23:00:00,2352.74000000,2394.71000000,2341.53000000,2369.46000000,86324.95150000,2026-04-13 23:59:59.999,204744247.54833100,580702,43150.97270000,102320261.40165800,0
2026-04-14 00:00:00,2369.46000000,2375.90000000,2359.55000000,2361.00000000,27078.10450000,2026-04-14 00:59:59.999,64109094.09458900,240541,13315.66750000,31530111.49182300,0
2026-04-14 01:00:00,2361.01000000,2373.42000000,2354.60000000,2368.70000000,21849.82710000,2026-04-14 01:59:59.999,51651285.54102300,160789,11187.60120000,26457612.70206800,0
2026-04-14 02:00:00,2368.70000000,2378.06000000,2366.22000000,2367.62000000,14924.98640000,2026-04-14 02:59:59.999,35391146.78241400,123040,7876.57920000,18680111.29848400,0
2026-04-14 03:00:00,2367.62000000,2370.53000000,2361.55000000,2365.50000000,10579.93450000,2026-04-14 03:59:59.999,25039982.86689700,90969,5466.60260000,12938430.47276100,0
2026-04-14 04:00:00,2365.50000000,2368.38000000,2361.81000000,2364.33000000,7975.39350000,2026-04-14 04:59:59.999,18863000.79014100,84904,4498.53010000,10640422.86548500,0
2026-04-14 05:00:00,2364.34000000,2369.55000000,2354.76000000,2355.49000000,15577.02300000,2026-04-14 05:59:59.999,36792197.02297100,97685,7088.91430000,16745761.09220600,0
2026-04-14 06:00:00,2355.49000000,2376.68000000,2355.49000000,2373.08000000,13857.34490000,2026-04-14 06:59:59.999,32795717.27868200,100479,8710.89400000,20617910.71221900,0
2026-04-14 07:00:00,2373.08000000,2389.99000000,2370.59000000,2377.91000000,26446.35960000,2026-04-14 07:59:59.999,62883844.74667300,187229,12602.18800000,29970185.73451000,0
2026-04-14 08:00:00,2377.92000000,2396.03000000,2374.04000000,2387.61000000,24928.21010000,2026-04-14 08:59:59.999,59471018.74395800,191828,13506.31200000,32226541.54203400,0
2026-04-14 09:00:00,2387.62000000,2394.73000000,2382.82000000,2387.14000000,13416.58330000,2026-04-14 09:59:59.999,32053933.81801600,149792,7410.01190000,17704990.11377600,0
2026-04-14 10:00:00,2387.14000000,2387.85000000,2373.00000000,2375.08000000,13047.61410000,2026-04-14 10:59:59.999,31064069.30431400,110402,6670.46240000,15879423.98823600,0
2026-04-14 11:00:00,2375.08000000,2377.91000000,2367.61000000,2374.53000000,14778.91880000,2026-04-14 11:59:59.999,35083010.04883300,112131,8712.98020000,20683463.11501000,0
2026-04-14 12:00:00,2374.54000000,2377.74000000,2368.56000000,2373.94000000,12278.35950000,2026-04-14 12:59:59.999,29134449.37763800,131022,5555.56530000,13182992.19127500,0
2026-04-14 13:00:00,2373.95000000,2395.97000000,2372.67000000,2391.50000000,37056.20130000,2026-04-14 13:59:59.999,88452670.38215500,225925,18472.34210000,44087755.88761500,0
2026-04-14 14:00:00,2391.51000000,2415.50000000,2352.59000000,2353.05000000,64481.53430000,2026-04-14 14:59:59.999,153668866.58444500,377532,32011.08860000,76279432.13139800,0
2026-04-14 15:00:00,2353.05000000,2372.12000000,2332.72000000,2364.63000000,41191.30330000,2026-04-14 15:59:59.999,96837722.48962800,278673,22207.52070000,52223842.73825400,0
2026-04-14 16:00:00,2364.62000000,2371.48000000,2329.56000000,2334.00000000,20715.85340000,2026-04-14 16:59:59.999,48728319.26768300,188163,7370.59290000,17345144.23132300,0
2026-04-14 17:00:00,2334.00000000,2345.49000000,2323.66000000,2338.37000000,14195.98390000,2026-04-14 17:59:59.999,33125853.93405500,159814,5809.96180000,13557986.93948500,0
2026-04-14 18:00:00,2338.37000000,2344.69000000,2309.28000000,2313.89000000,22655.02830000,2026-04-14 18:59:59.999,52740722.31522900,198831,7705.62110000,17930611.10010300,0
2026-04-14 19:00:00,2313.89000000,2322.73000000,2302.90000000,2313.32000000,15604.02320000,2026-04-14 19:59:59.999,36095449.86612100,149279,7498.17310000,17345052.60364500,0
2026-04-14 20:00:00,2313.32000000,2322.73000000,2308.53000000,2315.10000000,6539.07350000,2026-04-14 20:59:59.999,15139638.77214000,77913,2778.25990000,6433999.47209000,0
2026-04-14 21:00:00,2315.10000000,2326.21000000,2314.87000000,2323.72000000,6233.43850000,2026-04-14 21:59:59.999,14462194.58689500,73109,3428.98920000,7955053.02377700,0
2026-04-14 22:00:00,2323.72000000,2332.35000000,2311.75000000,2314.99000000,9731.04970000,2026-04-14 22:59:59.999,22588958.39570800,108848,3941.21140000,9151388.29000100,0
2026-04-14 23:00:00,2314.99000000,2326.65000000,2314.32000000,2322.44000000,4965.23540000,2026-04-14 23:59:59.999,11526502.06391400,70667,2322.40680000,5390713.54673700,0
2026-04-15 00:00:00,2322.44000000,2342.76000000,2321.63000000,2333.81000000,10921.30590000,2026-04-15 00:59:59.999,25503361.74518800,125777,5388.63060000,12583683.95051700,0
2026-04-15 01:00:00,2333.80000000,2342.60000000,2331.18000000,2335.66000000,7454.84210000,2026-04-15 01:59:59.999,17417183.52406900,87212,3415.15070000,7980130.43764600,0
2026-04-15 02:00:00,2335.66000000,2338.02000000,2317.56000000,2324.77000000,6851.78010000,2026-04-15 02:59:59.999,15935320.53620000,67569,2517.49140000,5854327.61486400,0
2026-04-15 03:00:00,2324.78000000,2329.39000000,2320.57000000,2328.81000000,3673.61850000,2026-04-15 03:59:59.999,8540244.12253500,45487,1878.90930000,4367856.57512000,0
2026-04-15 04:00:00,2328.82000000,2334.70000000,2328.00000000,2333.44000000,4920.32180000,2026-04-15 04:59:59.999,11471935.40206300,47393,2621.49710000,6112804.51102100,0
2026-04-15 05:00:00,2333.43000000,2338.23000000,2314.00000000,2319.45000000,8570.87570000,2026-04-15 05:59:59.999,19922079.08685600,73614,3329.27200000,7741476.18299500,0
2026-04-15 06:00:00,2319.44000000,2321.02000000,2314.99000000,2317.37000000,6070.70590000,2026-04-15 06:59:59.999,14069965.27448500,41839,2938.85380000,6810342.65052500,0
2026-04-15 07:00:00,2317.37000000,2323.53000000,2308.50000000,2316.62000000,11943.64050000,2026-04-15 07:59:59.999,27640877.92260200,91121,5962.03140000,13800161.15411800,0
2026-04-15 08:00:00,2316.62000000,2333.00000000,2314.07000000,2327.40000000,16606.89010000,2026-04-15 08:59:59.999,38588897.77144500,109236,9542.44130000,22174375.37703400,0
2026-04-15 09:00:00,2327.40000000,2329.62000000,2318.47000000,2319.95000000,4819.84860000,2026-04-15 09:59:59.999,11193772.24549100,82337,1872.38500000,4347220.47237500,0
2026-04-15 10:00:00,2319.95000000,2328.52000000,2312.15000000,2316.64000000,7926.80660000,2026-04-15 10:59:59.999,18385736.23498500,133075,3619.21660000,8397291.48780400,0
2026-04-15 11:00:00,2316.65000000,2339.42000000,2316.65000000,2337.43000000,10421.23820000,2026-04-15 11:59:59.999,24287226.72425200,124157,5089.17050000,11860981.41204500,0
2026-04-15 12:00:00,2337.42000000,2340.00000000,2329.66000000,2332.98000000,8755.66660000,2026-04-15 12:59:59.999,20448519.80791800,121124,5271.86870000,12313907.12040200,0
2026-04-15 13:00:00,2332.97000000,2334.76000000,2317.54000000,2326.94000000,11829.02490000,2026-04-15 13:59:59.999,27514766.18186000,212332,5525.78260000,12858581.66557900,0
2026-04-15 14:00:00,2326.93000000,2344.88000000,2321.94000000,2338.40000000,16587.65340000,2026-04-15 14:59:59.999,38731440.50085700,236704,8459.91980000,19766147.23830000,0
2026-04-15 15:00:00,2338.41000000,2349.46000000,2320.77000000,2332.04000000,18184.49270000,2026-04-15 15:59:59.999,42447863.38355300,242751,7850.42210000,18328179.30324700,0
2026-04-15 16:00:00,2332.03000000,2349.87000000,2329.10000000,2341.48000000,11622.97010000,2026-04-15 16:59:59.999,27208925.73836600,209137,6078.29370000,14229283.28016600,0
2026-04-15 17:00:00,2341.48000000,2358.82000000,2339.65000000,2348.66000000,16815.81820000,2026-04-15 17:59:59.999,39483567.79441400,200240,8060.13400000,18932867.67807400,0
2026-04-15 18:00:00,2348.66000000,2359.96000000,2346.34000000,2358.66000000,10732.06480000,2026-04-15 18:59:59.999,25256240.87367000,169894,4419.01930000,10400765.95159700,0
2026-04-15 19:00:00,2358.66000000,2385.61000000,2357.37000000,2375.05000000,20867.75120000,2026-04-15 19:59:59.999,49491510.37140000,253764,9635.12550000,22851887.70260500,0
2026-04-15 20:00:00,2375.05000000,2376.31000000,2353.72000000,2362.95000000,11389.33600000,2026-04-15 20:59:59.999,26907284.20636500,156123,4592.49070000,10846431.69776700,0
2026-04-15 21:00:00,2362.95000000,2363.50000000,2348.58000000,2361.30000000,9619.64810000,2026-04-15 21:59:59.999,22661663.74564100,114065,5076.30900000,11959729.87228400,0
2026-04-15 22:00:00,2361.29000000,2380.45000000,2360.33000000,2363.45000000,17952.23430000,2026-04-15 22:59:59.999,42570202.14730400,174144,8675.38670000,20572698.22212400,0
2026-04-15 23:00:00,2363.46000000,2363.46000000,2349.60000000,2359.95000000,13652.10340000,2026-04-15 23:59:59.999,32162759.13757000,113776,4622.91350000,10891278.29077400,0
2026-04-16 00:00:00,2359.94000000,2363.54000000,2349.93000000,2360.58000000,5089.60250000,2026-04-16 00:59:59.999,11996522.09654000,106875,2313.08620000,5452257.25611300,0
2026-04-16 01:00:00,2360.58000000,2360.58000000,2345.04000000,2352.06000000,5778.73420000,2026-04-16 01:59:59.999,13589187.74537400,106123,2327.65090000,5473674.89104800,0
2026-04-16 02:00:00,2352.06000000,2369.59000000,2350.01000000,2356.68000000,8626.07750000,2026-04-16 02:59:59.999,20359265.35208200,144070,3982.46340000,9398087.42332200,0
2026-04-16 03:00:00,2356.67000000,2365.88000000,2355.91000000,2357.86000000,4878.30620000,2026-04-16 03:59:59.999,11515256.03037800,88843,2362.41080000,5577375.13154900,0
2026-04-16 04:00:00,2357.85000000,2364.00000000,2348.38000000,2354.13000000,6478.98310000,2026-04-16 04:59:59.999,15269312.22476500,95249,2662.99980000,6276930.54838100,0
2026-04-16 05:00:00,2354.14000000,2361.79000000,2349.59000000,2356.86000000,7640.46110000,2026-04-16 05:59:59.999,18003332.24016600,77317,4209.88850000,9919194.19765000,0
2026-04-16 06:00:00,2356.86000000,2360.57000000,2349.77000000,2356.01000000,6083.57090000,2026-04-16 06:59:59.999,14327334.99985700,67829,3145.84900000,7408434.49562300,0
2026-04-16 07:00:00,2356.02000000,2357.56000000,2335.72000000,2341.52000000,12827.09050000,2026-04-16 07:59:59.999,30106191.34125900,101445,5474.35670000,12849745.34233400,0
2026-04-16 08:00:00,2341.52000000,2345.98000000,2334.65000000,2339.11000000,9100.11260000,2026-04-16 08:59:59.999,21291703.86619600,97871,4145.34990000,9699383.53727100,0
2026-04-16 09:00:00,2339.12000000,2348.40000000,2337.79000000,2338.09000000,10880.17820000,2026-04-16 09:59:59.999,25485797.27597300,95439,4982.58560000,11665623.39807800,0
2026-04-16 10:00:00,2338.09000000,2340.21000000,2328.64000000,2332.42000000,12442.87260000,2026-04-16 10:59:59.999,29031038.15286400,130086,6479.25400000,15115521.84155700,0
2026-04-16 11:00:00,2332.42000000,2336.26000000,2329.80000000,2335.67000000,6294.78180000,2026-04-16 11:59:59.999,14685427.17395800,73516,3666.85710000,8555263.51812400,0
2026-04-16 12:00:00,2335.68000000,2349.45000000,2334.99000000,2340.44000000,8984.21950000,2026-04-16 12:59:59.999,21032296.93412400,97123,4566.96340000,10693943.42645000,0
2026-04-16 13:00:00,2340.44000000,2351.80000000,2290.57000000,2308.29000000,42907.13490000,2026-04-16 13:59:59.999,99616265.23894300,385849,20980.16820000,48716982.60316200,0
2026-04-16 14:00:00,2308.28000000,2316.34000000,2285.10000000,2309.97000000,39904.12630000,2026-04-16 14:59:59.999,91835585.23333900,409334,17424.14450000,40105947.14323600,0
2026-04-16 15:00:00,2309.96000000,2349.84000000,2308.50000000,2339.01000000,30320.21110000,2026-04-16 15:59:59.999,70656392.31630900,326371,17666.80670000,41182654.82006800,0
2026-04-16 16:00:00,2339.01000000,2348.69000000,2309.96000000,2316.76000000,22375.27140000,2026-04-16 16:59:59.999,52134171.95276900,289721,10360.88230000,24155874.57988700,0
2026-04-16 17:00:00,2316.77000000,2329.48000000,2310.00000000,2325.79000000,11322.73430000,2026-04-16 17:59:59.999,26279100.35102800,207212,5692.21400000,13214186.73485200,0
2026-04-16 18:00:00,2325.80000000,2346.66000000,2320.40000000,2343.10000000,19719.01570000,2026-04-16 18:59:59.999,46025175.99897500,240320,8299.02340000,19357561.53357900,0
2026-04-16 19:00:00,2343.11000000,2361.96000000,2334.66000000,2359.70000000,19102.82170000,2026-04-16 19:59:59.999,44875082.92433800,214341,9420.05180000,22143616.83537000,0
2026-04-16 20:00:00,2359.69000000,2364.68000000,2341.51000000,2350.23000000,17899.25980000,2026-04-16 20:59:59.999,42146433.33091900,149417,6953.01380000,16374174.98984200,0
2026-04-16 21:00:00,2350.23000000,2356.53000000,2336.25000000,2341.17000000,7555.30100000,2026-04-16 21:59:59.999,17713506.44896600,94618,2839.88070000,6660358.65775100,0
2026-04-16 22:00:00,2341.18000000,2350.56000000,2339.30000000,2342.60000000,7404.24630000,2026-04-16 22:59:59.999,17354544.97429200,108820,3270.43720000,7666556.09388600,0
2026-04-16 23:00:00,2342.59000000,2355.00000000,2341.61000000,2348.17000000,5345.82450000,2026-04-16 23:59:59.999,12553801.68984900,85421,2695.90600000,6330858.03209800,0
2026-04-17 00:00:00,2348.16000000,2350.90000000,2341.00000000,2344.40000000,5096.95850000,2026-04-17 00:59:59.999,11953487.36984400,97890,2337.78750000,5482559.14356700,0
2026-04-17 01:00:00,2344.39000000,2349.00000000,2327.34000000,2335.38000000,9065.63510000,2026-04-17 01:59:59.999,21170250.70398300,105448,4257.51400000,9940243.93442800,0
2026-04-17 02:00:00,2335.37000000,2338.74000000,2324.93000000,2331.75000000,3963.81430000,2026-04-17 02:59:59.999,9236282.11984600,63573,1683.03990000,3922328.81762900,0
2026-04-17 03:00:00,2331.75000000,2331.77000000,2323.83000000,2325.52000000,3875.57350000,2026-04-17 03:59:59.999,9023962.54749100,61826,1470.71680000,3424450.29383900,0
2026-04-17 04:00:00,2325.53000000,2333.73000000,2324.21000000,2328.96000000,3921.16270000,2026-04-17 04:59:59.999,9133741.90766400,56647,1448.01960000,3373425.64679900,0
2026-04-17 05:00:00,2328.96000000,2329.36000000,2317.43000000,2319.29000000,10909.57990000,2026-04-17 05:59:59.999,25326812.17035000,84243,5167.85520000,11996653.43687800,0
2026-04-17 06:00:00,2319.29000000,2332.40000000,2317.49000000,2331.09000000,8766.87310000,2026-04-17 06:59:59.999,20386897.95825800,75679,4008.17280000,9321922.73057000,0
2026-04-17 07:00:00,2331.10000000,2342.02000000,2330.09000000,2334.16000000,7881.14810000,2026-04-17 07:59:59.999,18411780.45527400,87477,4142.20700000,9677572.83758200,0
2026-04-17 08:00:00,2334.15000000,2359.27000000,2332.98000000,2354.87000000,14930.48640000,2026-04-17 08:59:59.999,35041306.95930500,138259,7343.16310000,17238009.33139700,0
2026-04-17 09:00:00,2354.87000000,2377.00000000,2348.28000000,2359.10000000,22969.89450000,2026-04-17 09:59:59.999,54201868.77342100,225127,12708.94080000,30005806.99344100,0
2026-04-17 10:00:00,2359.10000000,2361.10000000,2336.45000000,2344.01000000,18019.50180000,2026-04-17 10:59:59.999,42295827.39240500,160700,8090.79100000,18987739.08627500,0
2026-04-17 11:00:00,2344.01000000,2356.96000000,2343.08000000,2354.99000000,9954.56480000,2026-04-17 11:59:59.999,23409265.29407500,91636,3540.19040000,8321984.80407000,0
2026-04-17 12:00:00,2355.00000000,2382.66000000,2349.40000000,2371.97000000,25552.74350000,2026-04-17 12:59:59.999,60476557.27661100,279048,13259.91040000,31404629.85076200,0
2026-04-17 13:00:00,2371.97000000,2440.45000000,2366.80000000,2437.05000000,108132.45910000,2026-04-17 13:59:59.999,260700536.07462900,847270,60182.44340000,145062630.61263500,0
2026-04-17 14:00:00,2437.05000000,2456.93000000,2426.31000000,2447.25000000,58878.89860000,2026-04-17 14:59:59.999,143762981.53162600,477651,29324.15200000,71644570.52467600,0
2026-04-17 15:00:00,2447.25000000,2449.99000000,2433.16000000,2441.96000000,28271.78520000,2026-04-17 15:59:59.999,69052797.95037200,311023,11739.24180000,28679117.08711700,0
2026-04-17 16:00:00,2441.96000000,2464.91000000,2441.49000000,2451.30000000,25909.31160000,2026-04-17 16:59:59.999,63563713.32493800,226946,12760.66650000,31317951.26275400,0
2026-04-17 17:00:00,2451.31000000,2452.50000000,2422.08000000,2440.42000000,21460.12780000,2026-04-17 17:59:59.999,52271730.90582400,276513,8347.21630000,20333168.62208100,0
2026-04-17 18:00:00,2440.42000000,2442.68000000,2415.41000000,2419.99000000,18100.87430000,2026-04-17 18:59:59.999,43881412.29751200,235254,7915.15390000,19184211.19122200,0
2026-04-17 19:00:00,2420.00000000,2432.92000000,2417.17000000,2427.92000000,11328.05380000,2026-04-17 19:59:59.999,27491041.29794700,167111,6274.70430000,15227956.97700700,0
2026-04-17 20:00:00,2427.92000000,2435.29000000,2417.01000000,2426.78000000,7432.07330000,2026-04-17 20:59:59.999,18032337.24980300,102203,3027.45410000,7349038.72412800,0
2026-04-17 21:00:00,2426.76000000,2433.48000000,2418.71000000,2429.49000000,10249.19910000,2026-04-17 21:59:59.999,24879012.88420900,83818,4122.02790000,10006860.87116500,0
2026-04-17 22:00:00,2429.49000000,2444.34000000,2422.78000000,2433.52000000,41952.26470000,2026-04-17 22:59:59.999,102169492.90621700,171488,31194.03250000,75978308.16969600,0
2026-04-17 23:00:00,2433.52000000,2433.52000000,2415.47000000,2419.00000000,15108.37780000,2026-04-17 23:59:59.999,36594295.25450200,114824,8219.56820000,19904817.84925900,0
2026-04-18 00:00:00,2419.00000000,2423.58000000,2410.06000000,2420.99000000,9442.65150000,2026-04-18 00:59:59.999,22829198.21797100,97201,4318.74210000,10440709.56977800,0
2026-04-18 01:00:00,2420.99000000,2427.64000000,2416.80000000,2420.99000000,6314.68790000,2026-04-18 01:59:59.999,15294184.35712200,76539,2541.41230000,6155802.91031000,0
2026-04-18 02:00:00,2421.00000000,2424.85000000,2416.83000000,2419.20000000,5207.85750000,2026-04-18 02:59:59.999,12608725.59238300,55362,2784.25310000,6740439.41964000,0
2026-04-18 03:00:00,2419.21000000,2419.83000000,2399.54000000,2405.04000000,8107.56330000,2026-04-18 03:59:59.999,19532863.38580800,77938,2906.52620000,7006569.76640000,0
2026-04-18 04:00:00,2405.03000000,2410.48000000,2399.52000000,2407.48000000,4894.96020000,2026-04-18 04:59:59.999,11774388.47847900,65014,2359.82350000,5676901.59846800,0
2026-04-18 05:00:00,2407.48000000,2413.54000000,2405.83000000,2408.95000000,2586.22780000,2026-04-18 05:59:59.999,6231103.20618400,36069,1161.08670000,2797543.69564900,0
2026-04-18 06:00:00,2408.94000000,2411.87000000,2405.52000000,2410.00000000,2945.39830000,2026-04-18 06:59:59.999,7097579.38869100,32754,1741.93850000,4197715.70596200,0
2026-04-18 07:00:00,2410.00000000,2411.12000000,2401.67000000,2403.71000000,4515.40910000,2026-04-18 07:59:59.999,10863343.22778000,36857,1233.82700000,2968425.50016500,0
2026-04-18 08:00:00,2403.71000000,2404.85000000,2367.39000000,2380.57000000,25832.00670000,2026-04-18 08:59:59.999,61576296.21755300,191582,10863.47420000,25879234.06478000,0
2026-04-18 09:00:00,2380.57000000,2380.93000000,2369.75000000,2376.04000000,9571.88610000,2026-04-18 09:59:59.999,22741060.14172300,88474,4769.30170000,11331224.80584500,0
2026-04-18 10:00:00,2376.03000000,2376.03000000,2353.88000000,2359.34000000,18142.56560000,2026-04-18 10:59:59.999,42837095.42401000,141051,8920.46890000,21057597.06642200,0
2026-04-18 11:00:00,2359.34000000,2360.47000000,2343.44000000,2352.96000000,14433.39940000,2026-04-18 11:59:59.999,33953637.70962400,160733,6993.48840000,16453708.82266300,0
2026-04-18 12:00:00,2352.96000000,2362.50000000,2351.15000000,2357.93000000,8121.27240000,2026-04-18 12:59:59.999,19144570.57352400,112310,4303.69840000,10146299.88025500,0
2026-04-18 13:00:00,2357.92000000,2360.07000000,2345.25000000,2355.13000000,9779.73650000,2026-04-18 13:59:59.999,23006579.15700000,113920,5740.37400000,13502439.80326400,0
2026-04-18 14:00:00,2355.13000000,2366.00000000,2349.72000000,2365.23000000,26117.51870000,2026-04-18 14:59:59.999,61587697.20406700,104267,7585.49250000,17891009.30985900,0
2026-04-18 15:00:00,2365.23000000,2369.66000000,2359.11000000,2363.64000000,13336.98520000,2026-04-18 15:59:59.999,31513398.05788900,87326,4788.84110000,11318387.23481500,0
2026-04-18 16:00:00,2363.64000000,2375.14000000,2357.57000000,2360.87000000,12285.75880000,2026-04-18 16:59:59.999,29025019.63173900,109767,5515.10990000,13040127.98097700,0
2026-04-18 17:00:00,2360.86000000,2364.87000000,2355.00000000,2361.46000000,10741.11450000,2026-04-18 17:59:59.999,25342142.15450600,74018,4121.07230000,9731370.82060000,0
2026-04-18 18:00:00,2361.47000000,2363.64000000,2339.92000000,2347.44000000,11078.94770000,2026-04-18 18:59:59.999,26051853.57811200,133049,6068.21030000,14281534.91997300,0
2026-04-18 19:00:00,2347.45000000,2356.02000000,2346.49000000,2348.59000000,5076.68510000,2026-04-18 19:59:59.999,11934682.44090000,67983,2933.43220000,6896697.29393200,0
2026-04-18 20:00:00,2348.59000000,2354.90000000,2344.96000000,2352.62000000,3744.84460000,2026-04-18 20:59:59.999,8800066.63145600,55542,2370.64570000,5571033.66843400,0
2026-04-18 21:00:00,2352.61000000,2355.33000000,2347.74000000,2355.33000000,4154.63680000,2026-04-18 21:59:59.999,9772783.38188200,49181,2078.69390000,4890103.57562700,0
2026-04-18 22:00:00,2355.32000000,2359.46000000,2348.63000000,2356.53000000,2745.88380000,2026-04-18 22:59:59.999,6464122.94827100,51226,1542.25790000,3631356.48988400,0
2026-04-18 23:00:00,2356.54000000,2359.50000000,2349.68000000,2350.32000000,2563.39130000,2026-04-18 23:59:59.999,6036975.66850900,27762,1084.89860000,2555234.70718200,0
2026-04-19 00:00:00,2350.33000000,2355.30000000,2344.35000000,2349.09000000,3439.11310000,2026-04-19 00:59:59.999,8078262.02752700,50790,1267.52770000,2978087.23068100,0
2026-04-19 01:00:00,2349.09000000,2353.00000000,2341.66000000,2348.03000000,5285.19010000,2026-04-19 01:59:59.999,12404624.56915600,57928,3433.44180000,8058164.04144000,0
2026-04-19 02:00:00,2348.04000000,2349.20000000,2333.44000000,2338.25000000,8271.24630000,2026-04-19 02:59:59.999,19364945.28960100,92804,3226.39970000,7554963.02483100,0
2026-04-19 03:00:00,2338.24000000,2344.09000000,2332.10000000,2339.77000000,3295.83010000,2026-04-19 03:59:59.999,7711997.85816900,59548,1418.88940000,3320848.78445000,0
2026-04-19 04:00:00,2339.77000000,2346.11000000,2321.62000000,2333.34000000,9557.85180000,2026-04-19 04:59:59.999,22289179.94205200,81628,4418.06950000,10305496.84655900,0
2026-04-19 05:00:00,2333.34000000,2338.68000000,2329.00000000,2332.76000000,4832.87000000,2026-04-19 05:59:59.999,11275015.30575300,54410,2037.81210000,4755554.20074400,0
2026-04-19 06:00:00,2332.75000000,2333.12000000,2321.88000000,2327.20000000,14717.58520000,2026-04-19 06:59:59.999,34272829.39072200,91819,7913.87850000,18429778.49644400,0
2026-04-19 07:00:00,2327.20000000,2327.32000000,2300.00000000,2316.03000000,25296.44480000,2026-04-19 07:59:59.999,58431369.33215700,174463,9873.84870000,22815357.26252900,0
2026-04-19 08:00:00,2316.03000000,2320.96000000,2311.20000000,2318.69000000,6286.53820000,2026-04-19 08:59:59.999,14561317.67174300,88912,3034.89980000,7029475.26984600,0
2026-04-19 09:00:00,2318.69000000,2319.36000000,2306.42000000,2310.24000000,4969.14520000,2026-04-19 09:59:59.999,11495615.93452500,80793,2236.66750000,5175148.45564000,0
2026-04-19 10:00:00,2310.24000000,2320.15000000,2306.73000000,2318.01000000,3803.10010000,2026-04-19 10:59:59.999,8796250.25089700,62711,2248.63870000,5201515.20265500,0
2026-04-19 11:00:00,2318.02000000,2331.13000000,2317.53000000,2329.38000000,8216.74050000,2026-04-19 11:59:59.999,19121213.55356100,83911,3859.11420000,8977598.99648100,0
2026-04-19 12:00:00,2329.38000000,2337.24000000,2325.00000000,2331.29000000,10647.45650000,2026-04-19 12:59:59.999,24823205.58296400,87382,5564.63680000,12971972.46484900,0
2026-04-19 13:00:00,2331.29000000,2350.24000000,2330.85000000,2338.67000000,12823.58290000,2026-04-19 13:59:59.999,30021644.81670900,132922,6737.96700000,15772905.08824100,0
2026-04-19 14:00:00,2338.67000000,2343.12000000,2327.35000000,2338.09000000,6753.58510000,2026-04-19 14:59:59.999,15775268.61582600,107602,3643.52320000,8512629.36905300,0
2026-04-19 15:00:00,2338.09000000,2341.49000000,2315.29000000,2330.80000000,7442.09470000,2026-04-19 15:59:59.999,17335788.25663900,126160,3411.09930000,7946068.21218900,0
2026-04-19 16:00:00,2330.80000000,2331.34000000,2304.70000000,2311.68000000,10427.61440000,2026-04-19 16:59:59.999,24148963.80683400,146606,5049.01920000,11684515.61749300,0
2026-04-19 17:00:00,2311.68000000,2317.81000000,2294.50000000,2296.59000000,19133.87430000,2026-04-19 17:59:59.999,44095011.39143900,198137,8468.89240000,19531730.82265000,0
2026-04-19 18:00:00,2296.58000000,2301.25000000,2287.62000000,2295.78000000,16668.74810000,2026-04-19 18:59:59.999,38255511.70757700,167416,7908.03480000,18151521.26021300,0
2026-04-19 19:00:00,2295.78000000,2304.78000000,2294.42000000,2299.65000000,7573.47190000,2026-04-19 19:59:59.999,17416108.15187100,96694,4108.33790000,9446763.50980600,0
2026-04-19 20:00:00,2299.66000000,2300.00000000,2273.51000000,2280.61000000,19343.70540000,2026-04-19 20:59:59.999,44186915.42128900,155040,6687.70580000,15284916.04142000,0
2026-04-19 21:00:00,2280.61000000,2290.34000000,2274.98000000,2276.09000000,7305.18820000,2026-04-19 21:59:59.999,16681668.36230000,99251,4128.88580000,9429937.88228700,0
2026-04-19 22:00:00,2276.08000000,2276.08000000,2252.72000000,2269.79000000,28519.85710000,2026-04-19 22:59:59.999,64584541.00138800,298528,13674.45900000,30962496.26113400,0
2026-04-19 23:00:00,2269.78000000,2270.40000000,2256.33000000,2263.27000000,11475.99360000,2026-04-19 23:59:59.999,25981264.85235100,132805,5449.15310000,12337562.54731000,0
2026-04-20 00:00:00,2263.28000000,2283.14000000,2259.67000000,2280.01000000,12643.26390000,2026-04-20 00:59:59.999,28767564.64544300,116303,7387.03850000,16807567.08356600,0
2026-04-20 01:00:00,2280.02000000,2294.30000000,2278.20000000,2286.17000000,7563.37050000,2026-04-20 01:59:59.999,17285020.12484900,91813,3908.60710000,8933015.42993000,0
2026-04-20 02:00:00,2286.16000000,2287.63000000,2272.25000000,2277.43000000,5859.75750000,2026-04-20 02:59:59.999,13357479.57921300,75984,3025.61040000,6897487.05693800,0
2026-04-20 03:00:00,2277.43000000,2288.58000000,2276.08000000,2286.56000000,3966.85700000,2026-04-20 03:59:59.999,9050146.39966000,49682,2452.57330000,5595340.70091100,0
2026-04-20 04:00:00,2286.55000000,2286.55000000,2278.84000000,2283.39000000,5327.07770000,2026-04-20 04:59:59.999,12160062.25324200,42325,2157.20450000,4924206.87192600,0
2026-04-20 05:00:00,2283.39000000,2283.39000000,2263.18000000,2270.21000000,8416.40300000,2026-04-20 05:59:59.999,19105483.86903400,77430,4855.34980000,11020810.21934100,0
2026-04-20 06:00:00,2270.21000000,2289.00000000,2268.78000000,2286.17000000,7027.73890000,2026-04-20 06:59:59.999,16018784.29484600,86474,3826.03040000,8723662.08338600,0
2026-04-20 07:00:00,2286.17000000,2332.88000000,2283.02000000,2298.80000000,38704.94300000,2026-04-20 07:59:59.999,89155313.54681700,273136,19811.88960000,45653764.59032200,0
2026-04-20 08:00:00,2298.81000000,2308.65000000,2289.82000000,2294.09000000,14250.25420000,2026-04-20 08:59:59.999,32739073.39244300,151584,7444.62140000,17106641.36814500,0
2026-04-20 09:00:00,2294.08000000,2313.64000000,2293.30000000,2309.06000000,8516.30250000,2026-04-20 09:59:59.999,19640794.57872800,140085,5073.68610000,11699756.88174600,0
2026-04-20 10:00:00,2309.06000000,2320.00000000,2303.23000000,2303.39000000,7456.35010000,2026-04-20 10:59:59.999,17242416.14415800,120970,3829.43940000,8857068.02533700,0
2026-04-20 11:00:00,2303.39000000,2312.33000000,2300.00000000,2308.42000000,7390.65870000,2026-04-20 11:59:59.999,17053910.55025400,115968,3755.22140000,8666151.57265300,0
2026-04-20 12:00:00,2308.42000000,2323.02000000,2304.46000000,2318.88000000,11999.44750000,2026-04-20 12:59:59.999,27774892.40836400,175653,6172.37780000,14290158.67725000,0
2026-04-20 13:00:00,2318.88000000,2326.36000000,2301.53000000,2310.82000000,17038.13650000,2026-04-20 13:59:59.999,39427317.48128200,312700,8539.87410000,19769914.77923400,0
2026-04-20 14:00:00,2310.82000000,2321.98000000,2283.00000000,2290.90000000,33102.91230000,2026-04-20 14:59:59.999,76099997.43805800,416525,11729.10860000,26998130.54168500,0
2026-04-20 15:00:00,2290.91000000,2319.00000000,2278.38000000,2313.91000000,23294.03760000,2026-04-20 15:59:59.999,53627867.23278300,369339,12225.48590000,28158597.24781300,0
2026-04-20 16:00:00,2313.92000000,2315.01000000,2298.76000000,2300.07000000,9601.38920000,2026-04-20 16:59:59.999,22144705.68152000,154214,4389.01110000,10122193.74155400,0
2026-04-20 17:00:00,2300.07000000,2322.40000000,2297.97000000,2317.06000000,12548.22860000,2026-04-20 17:59:59.999,29032865.37986000,205933,6540.65910000,15133186.88458500,0
2026-04-20 18:00:00,2317.06000000,2344.19000000,2317.06000000,2334.23000000,23517.31050000,2026-04-20 18:59:59.999,54831370.05192500,237483,12397.45770000,28904406.57410600,0
2026-04-20 19:00:00,2334.24000000,2336.43000000,2327.27000000,2331.78000000,7765.57460000,2026-04-20 19:59:59.999,18103018.26824300,112719,3264.81820000,7610943.39461200,0
2026-04-20 20:00:00,2331.78000000,2340.15000000,2325.33000000,2337.59000000,8921.23420000,2026-04-20 20:59:59.999,20816184.87610400,102019,4720.43090000,11016692.51208200,0
2026-04-20 21:00:00,2337.58000000,2346.78000000,2315.21000000,2321.65000000,14498.16360000,2026-04-20 21:59:59.999,33767165.74247900,142250,6532.49470000,15223694.68108100,0
2026-04-20 22:00:00,2321.64000000,2328.52000000,2316.75000000,2319.40000000,5121.24710000,2026-04-20 22:59:59.999,11891006.17922200,94741,2431.51120000,5646423.89840100,0
2026-04-20 23:00:00,2319.40000000,2319.40000000,2307.74000000,2313.85000000,6469.40720000,2026-04-20 23:59:59.999,14959757.86016600,86291,2557.12730000,5912217.77435700,0
2026-04-21 00:00:00,2313.84000000,2324.70000000,2311.66000000,2321.94000000,5640.51030000,2026-04-21 00:59:59.999,13069941.05987100,101546,2884.01370000,6683491.88431300,0
2026-04-21 01:00:00,2321.94000000,2326.64000000,2312.66000000,2315.16000000,5266.91320000,2026-04-21 01:59:59.999,12219412.28439400,83047,2733.58570000,6342205.09772300,0
2026-04-21 02:00:00,2315.16000000,2315.72000000,2306.45000000,2308.34000000,5528.16090000,2026-04-21 02:59:59.999,12771247.95815000,71460,2119.49230000,4896386.18540200,0
2026-04-21 03:00:00,2308.34000000,2312.90000000,2300.01000000,2311.62000000,6345.60650000,2026-04-21 03:59:59.999,14631296.93122400,71422,3155.32090000,7277128.51123400,0
2026-04-21 04:00:00,2311.62000000,2315.87000000,2304.06000000,2314.59000000,3834.09530000,2026-04-21 04:59:59.999,8855561.19854800,57144,2077.86210000,4799757.55129400,0
2026-04-21 05:00:00,2314.59000000,2320.69000000,2312.65000000,2314.07000000,3741.65060000,2026-04-21 05:59:59.999,8667134.50288700,63089,1701.88730000,3942362.54399500,0
2026-04-21 06:00:00,2314.07000000,2327.05000000,2308.01000000,2317.36000000,5716.02880000,2026-04-21 06:59:59.999,13242151.50319800,80431,2868.33290000,6647791.64714600,0
2026-04-21 07:00:00,2317.37000000,2324.98000000,2311.56000000,2318.48000000,9653.59860000,2026-04-21 07:59:59.999,22392722.66915500,102961,6676.78830000,15488222.77158300,0
2026-04-21 08:00:00,2318.48000000,2338.75000000,2314.00000000,2323.43000000,8919.82730000,2026-04-21 08:59:59.999,20744667.48355100,118047,4562.88820000,10613855.67460400,0
2026-04-21 09:00:00,2323.42000000,2327.65000000,2318.37000000,2325.69000000,5091.06950000,2026-04-21 09:59:59.999,11827684.59887600,99016,2305.32700000,5356332.49871200,0
2026-04-21 10:00:00,2325.70000000,2337.27000000,2325.33000000,2331.15000000,7326.51330000,2026-04-21 10:59:59.999,17077690.96536600,88920,3473.53800000,8098023.28792000,0
2026-04-21 11:00:00,2331.15000000,2331.29000000,2316.14000000,2320.45000000,9302.95820000,2026-04-21 11:59:59.999,21612857.23190500,114817,3686.39190000,8564422.20576300,0
2026-04-21 12:00:00,2320.45000000,2324.68000000,2294.39000000,2308.54000000,16334.84290000,2026-04-21 12:59:59.999,37705644.68693900,198332,7254.29610000,16754142.76198500,0
2026-04-21 13:00:00,2308.54000000,2317.37000000,2301.00000000,2312.77000000,9222.59730000,2026-04-21 13:59:59.999,21286763.85763000,220479,5160.10800000,11910055.42375400,0
2026-04-21 14:00:00,2312.77000000,2327.50000000,2295.00000000,2299.35000000,13991.75380000,2026-04-21 14:59:59.999,32346120.98797700,269526,6087.93870000,14085614.68804100,0
2026-04-21 15:00:00,2299.35000000,2310.72000000,2290.35000000,2310.24000000,12568.85120000,2026-04-21 15:59:59.999,28936458.69411000,261985,5770.93060000,13286413.76987800,0
2026-04-21 16:00:00,2310.25000000,2324.73000000,2306.51000000,2307.45000000,12280.46910000,2026-04-21 16:59:59.999,28424911.91115000,188451,5207.74390000,12056768.78679800,0
2026-04-21 17:00:00,2307.44000000,2319.61000000,2284.19000000,2306.21000000,18658.58830000,2026-04-21 17:59:59.999,42968576.57326200,265501,7736.01000000,17811625.70202300,0
2026-04-21 18:00:00,2306.20000000,2313.33000000,2300.29000000,2312.72000000,7991.70760000,2026-04-21 18:59:59.999,18430194.67012600,155748,3738.31260000,8620726.06498800,0
2026-04-21 19:00:00,2312.72000000,2332.00000000,2287.30000000,2298.41000000,23355.84380000,2026-04-21 19:59:59.999,53905835.99257700,301668,11364.73930000,26240805.19934600,0
2026-04-21 20:00:00,2298.42000000,2325.88000000,2296.04000000,2314.56000000,19563.42900000,2026-04-21 20:59:59.999,45305001.14776200,203665,10085.26830000,23354323.36504400,0
2026-04-21 21:00:00,2314.55000000,2318.00000000,2309.41000000,2312.56000000,4222.53470000,2026-04-21 21:59:59.999,9767075.62688000,67472,2005.56170000,4638822.29216800,0
2026-04-21 22:00:00,2312.56000000,2316.76000000,2301.90000000,2311.35000000,5248.75930000,2026-04-21 22:59:59.999,12120218.69729900,105344,2418.80360000,5584662.96162200,0
2026-04-21 23:00:00,2311.35000000,2329.47000000,2310.92000000,2327.14000000,6839.66750000,2026-04-21 23:59:59.999,15877778.40674300,108863,3546.31670000,8232562.97064300,0
2026-04-22 00:00:00,2327.15000000,2330.82000000,2322.62000000,2325.58000000,5576.63570000,2026-04-22 00:59:59.999,12975367.24879700,102662,2750.51000000,6400465.91451000,0
2026-04-22 01:00:00,2325.57000000,2328.73000000,2312.95000000,2322.37000000,6606.13810000,2026-04-22 01:59:59.999,15339858.80170900,99774,3568.42930000,8288172.70803200,0
2026-04-22 02:00:00,2322.37000000,2375.23000000,2320.22000000,2370.34000000,35435.16150000,2026-04-22 02:59:59.999,83353940.21896500,325543,19655.85230000,46227152.62958100,0
2026-04-22 03:00:00,2370.35000000,2379.66000000,2358.49000000,2363.62000000,19156.44860000,2026-04-22 03:59:59.999,45356358.62800000,198106,10152.57770000,24038964.20734400,0
2026-04-22 04:00:00,2363.63000000,2369.54000000,2358.41000000,2363.81000000,8422.83550000,2026-04-22 04:59:59.999,19906309.92226600,99854,3791.98090000,8963892.99093200,0
2026-04-22 05:00:00,2363.82000000,2413.83000000,2361.85000000,2396.81000000,55731.40600000,2026-04-22 05:59:59.999,133447161.76922200,360554,26759.58480000,64025362.19345900,0
2026-04-22 06:00:00,2396.81000000,2397.06000000,2389.44000000,2393.37000000,12010.93630000,2026-04-22 06:59:59.999,28735170.21823400,108257,5047.32630000,12075060.71580400,0
2026-04-22 07:00:00,2393.38000000,2397.62000000,2383.33000000,2389.97000000,13184.76810000,2026-04-22 07:59:59.999,31523807.24423400,99617,5256.81090000,12570620.36953700,0
2026-04-22 08:00:00,2389.98000000,2393.91000000,2383.00000000,2388.22000000,13789.85850000,2026-04-22 08:59:59.999,32929228.86902600,108228,7548.37380000,18026175.60998400,0
2026-04-22 09:00:00,2388.22000000,2394.27000000,2385.00000000,2387.51000000,7492.28800000,2026-04-22 09:59:59.999,17908850.34506900,103109,4042.10300000,9662280.04163400,0
2026-04-22 10:00:00,2387.52000000,2393.68000000,2385.15000000,2390.20000000,7644.11270000,2026-04-22 10:59:59.999,18269609.58488700,83771,3180.08790000,7600164.52372600,0
2026-04-22 11:00:00,2390.21000000,2400.78000000,2386.51000000,2398.44000000,12475.11320000,2026-04-22 11:59:59.999,29856958.05535500,131747,6916.17100000,16554890.24604000,0
2026-04-22 12:00:00,2398.44000000,2407.03000000,2396.16000000,2404.92000000,14367.42690000,2026-04-22 12:59:59.999,34495861.41507200,202535,7946.48760000,19081528.93471800,0
2026-04-22 13:00:00,2404.91000000,2423.00000000,2401.27000000,2417.40000000,28321.24160000,2026-04-22 13:59:59.999,68303399.65396400,392062,15842.70980000,38212556.40938200,0
2026-04-22 14:00:00,2417.40000000,2423.75000000,2391.50000000,2403.17000000,26739.82270000,2026-04-22 14:59:59.999,64362631.55479100,378955,14663.66450000,35287764.21191400,0
2026-04-22 15:00:00,2403.17000000,2413.89000000,2390.90000000,2403.83000000,29310.33460000,2026-04-22 15:59:59.999,70368947.24372700,297465,15599.48260000,37458627.49613200,0
2026-04-22 16:00:00,2403.84000000,2413.75000000,2384.17000000,2386.14000000,19934.19910000,2026-04-22 16:59:59.999,47757722.89969700,247971,7234.36970000,17338057.18539300,0
2026-04-22 17:00:00,2386.15000000,2402.50000000,2386.15000000,2399.21000000,11859.30390000,2026-04-22 17:59:59.999,28400323.40388600,184963,6600.12700000,15807708.38398400,0
2026-04-22 18:00:00,2399.21000000,2404.69000000,2395.09000000,2396.91000000,7000.26110000,2026-04-22 18:59:59.999,16802707.04403000,123640,3638.80700000,8734553.87733600,0
2026-04-22 19:00:00,2396.92000000,2407.24000000,2389.18000000,2397.79000000,11527.44790000,2026-04-22 19:59:59.999,27640964.83302100,167304,6307.80580000,15126568.77579800,0
2026-04-22 20:00:00,2397.80000000,2402.34000000,2390.81000000,2391.92000000,8758.46240000,2026-04-22 20:59:59.999,20985133.85554700,104034,4331.69470000,10379767.64179000,0
2026-04-22 21:00:00,2391.91000000,2406.11000000,2391.88000000,2402.55000000,7026.73450000,2026-04-22 21:59:59.999,16855766.17698900,63452,3117.26270000,7478047.05488200,0
2026-04-22 22:00:00,2402.55000000,2405.38000000,2394.09000000,2400.09000000,5897.79860000,2026-04-22 22:59:59.999,14150110.19451500,108907,3269.26470000,7844092.94257400,0
2026-04-22 23:00:00,2400.08000000,2400.48000000,2373.95000000,2374.07000000,11438.39040000,2026-04-22 23:59:59.999,27259740.01968400,137733,4536.78380000,10814448.42905400,0
2026-04-23 00:00:00,2374.08000000,2382.00000000,2342.80000000,2372.96000000,36491.31200000,2026-04-23 00:59:59.999,86363789.51052200,377576,21162.73350000,50121742.14188700,0
2026-04-23 01:00:00,2372.96000000,2372.97000000,2360.72000000,2366.79000000,7971.35870000,2026-04-23 01:59:59.999,18863105.74514600,142948,4532.35970000,10724109.07353700,0
2026-04-23 02:00:00,2366.79000000,2366.86000000,2344.35000000,2351.96000000,16562.40790000,2026-04-23 02:59:59.999,38989337.72551600,194316,6884.46910000,16212050.70223100,0
2026-04-23 03:00:00,2351.96000000,2353.44000000,2331.50000000,2340.81000000,15181.03670000,2026-04-23 03:59:59.999,35520979.11021100,181189,7620.61740000,17827743.75880400,0
2026-04-23 04:00:00,2340.82000000,2348.66000000,2337.12000000,2347.84000000,6876.07420000,2026-04-23 04:59:59.999,16116169.04804900,94739,3796.49930000,8898643.55836400,0
2026-04-23 05:00:00,2347.84000000,2352.61000000,2340.19000000,2348.77000000,9395.09870000,2026-04-23 05:59:59.999,22059799.42313100,106984,3466.42310000,8139123.09454500,0
2026-04-23 06:00:00,2348.77000000,2358.93000000,2348.77000000,2354.43000000,11877.43830000,2026-04-23 06:59:59.999,27964000.10075000,116361,4881.20180000,11494430.46107000,0
2026-04-23 07:00:00,2354.44000000,2356.85000000,2340.00000000,2344.43000000,11195.04510000,2026-04-23 07:59:59.999,26296989.00710600,109736,4291.08580000,10076554.52255700,0
2026-04-23 08:00:00,2344.43000000,2345.00000000,2335.00000000,2339.92000000,17537.38050000,2026-04-23 08:59:59.999,41042951.40766700,118649,9838.56260000,23028089.20223200,0
2026-04-23 09:00:00,2339.91000000,2339.91000000,2313.58000000,2316.25000000,27426.25660000,2026-04-23 09:59:59.999,63702382.09202900,171120,11315.48470000,26273255.96446600,0
2026-04-23 10:00:00,2316.24000000,2319.17000000,2305.61000000,2314.09000000,19663.98240000,2026-04-23 10:59:59.999,45459292.78826300,177270,8699.11410000,20110638.71737700,0
2026-04-23 11:00:00,2314.09000000,2331.99000000,2314.09000000,2328.97000000,13523.41820000,2026-04-23 11:59:59.999,31414560.44758500,146038,6222.57760000,14450694.68789100,0
2026-04-23 12:00:00,2328.96000000,2335.23000000,2320.81000000,2328.87000000,11828.32310000,2026-04-23 12:59:59.999,27540149.80726100,159172,5788.61580000,13477703.90874300,0
2026-04-23 13:00:00,2328.88000000,2332.50000000,2315.23000000,2319.82000000,12436.93990000,2026-04-23 13:59:59.999,28893654.93082100,209897,6438.42980000,14958087.46513700,0
2026-04-23 14:00:00,2319.81000000,2335.12000000,2316.07000000,2334.24000000,13699.86440000,2026-04-23 14:59:59.999,31884154.63036200,239273,7842.51960000,18253145.91856600,0
2026-04-23 15:00:00,2334.24000000,2343.58000000,2324.15000000,2333.26000000,14842.77270000,2026-04-23 15:59:59.999,34646352.72683800,207863,7236.26190000,16892149.09648300,0
2026-04-23 16:00:00,2333.26000000,2335.76000000,2323.39000000,2326.38000000,8034.79630000,2026-04-23 16:59:59.999,18720846.86960600,130326,4604.73770000,10727738.64087400,0
2026-04-23 17:00:00,2326.39000000,2329.24000000,2285.42000000,2310.42000000,45125.73740000,2026-04-23 17:59:59.999,103931725.46952600,503725,19975.49310000,46007705.70549200,0
2026-04-23 18:00:00,2310.42000000,2319.04000000,2304.42000000,2305.31000000,14250.70260000,2026-04-23 18:59:59.999,32961044.94549700,226562,7103.01970000,16431797.38672400,0
2026-04-23 19:00:00,2305.30000000,2318.97000000,2300.70000000,2312.88000000,11612.54760000,2026-04-23 19:59:59.999,26837882.49813600,138461,3886.03770000,8980536.77408700,0
2026-04-23 20:00:00,2312.87000000,2329.48000000,2312.74000000,2325.37000000,10663.50080000,2026-04-23 20:59:59.999,24768845.64665400,100675,4790.45030000,11128468.31433500,0
2026-04-23 21:00:00,2325.36000000,2328.85000000,2320.73000000,2321.66000000,6005.62480000,2026-04-23 21:59:59.999,13962612.38345900,56220,2251.85360000,5235719.37075700,0
2026-04-23 22:00:00,2321.66000000,2338.79000000,2321.66000000,2331.97000000,8475.76960000,2026-04-23 22:59:59.999,19770664.73517800,109092,4357.69020000,10162822.55149200,0
2026-04-23 23:00:00,2331.97000000,2333.18000000,2323.71000000,2330.26000000,5968.30380000,2026-04-23 23:59:59.999,13901055.63191200,61387,2651.66120000,6175760.61595300,0
2026-04-24 00:00:00,2330.27000000,2337.50000000,2326.68000000,2332.48000000,5575.83740000,2026-04-24 00:59:59.999,13004056.18405500,92408,2610.86240000,6091332.15054900,0
2026-04-24 01:00:00,2332.47000000,2334.23000000,2318.69000000,2332.84000000,6039.29360000,2026-04-24 01:59:59.999,14043509.27620800,88685,2504.70550000,5826069.74729600,0
2026-04-24 02:00:00,2332.83000000,2335.39000000,2315.05000000,2319.91000000,6028.72690000,2026-04-24 02:59:59.999,14023178.41972800,82036,2349.02770000,5465843.94877800,0
2026-04-24 03:00:00,2319.90000000,2322.84000000,2301.35000000,2308.64000000,9361.03530000,2026-04-24 03:59:59.999,21610528.85281100,116754,4046.15640000,9341350.01524300,0
2026-04-24 04:00:00,2308.63000000,2311.75000000,2300.50000000,2306.16000000,6882.21180000,2026-04-24 04:59:59.999,15866281.58829200,79071,3797.57690000,8754631.24274900,0
2026-04-24 05:00:00,2306.16000000,2317.35000000,2300.22000000,2314.74000000,8521.93140000,2026-04-24 05:59:59.999,19677719.35014700,91840,3623.64600000,8367466.46265200,0
2026-04-24 06:00:00,2314.75000000,2316.87000000,2308.71000000,2309.20000000,5049.95380000,2026-04-24 06:59:59.999,11678413.90745900,69542,1922.85300000,4446985.24898400,0
2026-04-24 07:00:00,2309.21000000,2316.85000000,2308.48000000,2311.63000000,8194.84320000,2026-04-24 07:59:59.999,18953725.12558700,68299,5794.01050000,13400887.35806100,0
2026-04-24 08:00:00,2311.63000000,2322.99000000,2307.49000000,2315.24000000,11658.19710000,2026-04-24 08:59:59.999,27003768.71792800,84426,5656.71230000,13101165.61760700,0
2026-04-24 09:00:00,2315.24000000,2315.79000000,2303.74000000,2310.18000000,6774.43960000,2026-04-24 09:59:59.999,15639565.58445600,97064,3316.15780000,7655684.84465600,0
2026-04-24 10:00:00,2310.19000000,2319.06000000,2306.00000000,2316.02000000,4784.86630000,2026-04-24 10:59:59.999,11068033.22589400,77546,2234.87260000,5170451.62814900,0
2026-04-24 11:00:00,2316.01000000,2332.26000000,2316.01000000,2328.10000000,12651.41710000,2026-04-24 11:59:59.999,29443789.44439300,181816,6683.20650000,15551579.31865100,0
2026-04-24 12:00:00,2328.10000000,2331.85000000,2318.53000000,2325.25000000,9855.01360000,2026-04-24 12:59:59.999,22929271.84336700,126499,3912.87390000,9106257.50335000,0
2026-04-24 13:00:00,2325.26000000,2331.67000000,2310.99000000,2317.32000000,9015.93960000,2026-04-24 13:59:59.999,20930450.07357900,197485,3850.57070000,8938785.95788700,0
2026-04-24 14:00:00,2317.32000000,2318.40000000,2304.07000000,2313.41000000,13688.63770000,2026-04-24 14:59:59.999,31632659.00927900,212058,6743.73970000,15584871.36416600,0
2026-04-24 15:00:00,2313.42000000,2329.73000000,2301.61000000,2323.81000000,14252.13950000,2026-04-24 15:59:59.999,33003107.50124600,179277,6522.72760000,15108593.65382000,0
2026-04-24 16:00:00,2323.81000000,2324.23000000,2310.00000000,2316.67000000,6290.78270000,2026-04-24 16:59:59.999,14572709.84245300,118035,2619.48360000,6067780.11822400,0
2026-04-24 17:00:00,2316.66000000,2322.00000000,2308.82000000,2319.60000000,7562.05370000,2026-04-24 17:59:59.999,17513313.47831700,104149,3472.65120000,8041737.81555300,0
2026-04-24 18:00:00,2319.59000000,2321.41000000,2310.01000000,2319.92000000,5197.76710000,2026-04-24 18:59:59.999,12039834.03194500,88320,2391.42520000,5538584.28425400,0
2026-04-24 19:00:00,2319.93000000,2325.00000000,2319.22000000,2321.60000000,5615.64820000,2026-04-24 19:59:59.999,13037490.67464500,77178,2660.17510000,6175639.15153700,0
2026-04-24 20:00:00,2321.59000000,2328.16000000,2315.38000000,2326.47000000,6361.60580000,2026-04-24 20:59:59.999,14773239.92332100,56557,3412.50830000,7925752.45454200,0
2026-04-24 21:00:00,2326.47000000,2327.52000000,2312.60000000,2315.18000000,7039.30940000,2026-04-24 21:59:59.999,16325405.12759900,51130,3469.99120000,8046838.49900700,0
2026-04-24 22:00:00,2315.19000000,2316.17000000,2307.20000000,2311.92000000,6034.22040000,2026-04-24 22:59:59.999,13954873.17998500,51155,3782.75180000,8749962.77440800,0
2026-04-24 23:00:00,2311.93000000,2316.05000000,2311.93000000,2314.99000000,1451.74690000,2026-04-24 23:59:59.999,3359901.85512500,22494,806.15220000,1865741.72364200,0
2026-04-25 00:00:00,2314.98000000,2316.05000000,2311.27000000,2316.04000000,1576.45570000,2026-04-25 00:59:59.999,3647302.71275200,22909,818.91170000,1894568.76747100,0
2026-04-25 01:00:00,2316.04000000,2321.36000000,2315.46000000,2318.00000000,2215.44040000,2026-04-25 01:59:59.999,5136617.33403300,26753,1390.80180000,3224501.72206000,0
2026-04-25 02:00:00,2318.01000000,2319.27000000,2314.78000000,2317.40000000,2081.62260000,2026-04-25 02:59:59.999,4823503.96935800,23455,955.36980000,2213838.35360200,0
2026-04-25 03:00:00,2317.41000000,2320.43000000,2315.12000000,2318.43000000,1765.54010000,2026-04-25 03:59:59.999,4091977.28753400,20890,862.12300000,1998306.88252900,0
2026-04-25 04:00:00,2318.44000000,2319.01000000,2316.15000000,2316.79000000,1445.56850000,2026-04-25 04:59:59.999,3350009.13544000,16422,634.90200000,1471379.40514300,0
2026-04-25 05:00:00,2316.80000000,2316.80000000,2313.30000000,2316.01000000,1473.45620000,2026-04-25 05:59:59.999,3410999.06199700,21202,673.82970000,1559947.73184300,0
2026-04-25 06:00:00,2316.01000000,2317.64000000,2314.89000000,2316.01000000,1591.22200000,2026-04-25 06:59:59.999,3685777.65519900,18293,831.55410000,1925999.66312800,0
2026-04-25 07:00:00,2316.00000000,2318.81000000,2314.26000000,2316.48000000,1817.90790000,2026-04-25 07:59:59.999,4209873.51122400,18729,922.48950000,2136400.26636600,0
2026-04-25 08:00:00,2316.48000000,2320.92000000,2315.92000000,2319.44000000,1641.03740000,2026-04-25 08:59:59.999,3805370.82783700,21127,861.79160000,1998467.84800300,0
2026-04-25 09:00:00,2319.43000000,2323.21000000,2317.17000000,2319.12000000,4665.14040000,2026-04-25 09:59:59.999,10826108.33524600,30835,1834.76050000,4256438.36469900,0
2026-04-25 10:00:00,2319.11000000,2322.74000000,2318.93000000,2320.56000000,2081.20430000,2026-04-25 10:59:59.999,4829261.67881500,21474,1092.31110000,2534653.84084200,0
2026-04-25 11:00:00,2320.57000000,2320.57000000,2311.20000000,2313.64000000,3083.41510000,2026-04-25 11:59:59.999,7137571.55849000,33012,1082.63450000,2506100.49179400,0
2026-04-25 12:00:00,2313.65000000,2317.02000000,2311.88000000,2313.55000000,3479.13910000,2026-04-25 12:59:59.999,8051518.07863500,29928,2168.86530000,5019066.56767800,0
2026-04-25 13:00:00,2313.56000000,2317.88000000,2313.56000000,2316.25000000,2342.79180000,2026-04-25 13:59:59.999,5426850.31993100,22641,1141.27420000,2643675.89913800,0
2026-04-25 14:00:00,2316.25000000,2318.94000000,2315.27000000,2316.02000000,3122.02400000,2026-04-25 14:59:59.999,7233835.82982500,31127,1573.69890000,3646225.71442700,0
2026-04-25 15:00:00,2316.03000000,2318.68000000,2303.00000000,2308.09000000,6697.52290000,2026-04-25 15:59:59.999,15480276.10306200,49425,2818.33750000,6517908.23517100,0
2026-04-25 16:00:00,2308.08000000,2311.03000000,2300.55000000,2309.53000000,10410.57620000,2026-04-25 16:59:59.999,24017898.23018700,59426,5633.49500000,12996805.88544000,0
2026-04-25 17:00:00,2309.54000000,2313.62000000,2307.34000000,2309.36000000,4362.47310000,2026-04-25 17:59:59.999,10078921.21477000,32298,1855.43780000,4286378.31014200,0
2026-04-25 18:00:00,2309.36000000,2313.98000000,2308.28000000,2311.55000000,2819.96310000,2026-04-25 18:59:59.999,6517399.11796800,27493,1512.79920000,3496336.23401300,0
2026-04-25 19:00:00,2311.55000000,2312.31000000,2307.12000000,2310.06000000,2083.67420000,2026-04-25 19:59:59.999,4813477.01997300,24149,916.95570000,2118376.75672500,0
2026-04-25 20:00:00,2310.06000000,2313.21000000,2308.85000000,2313.20000000,1361.61270000,2026-04-25 20:59:59.999,3146616.44942700,18552,670.80950000,1550095.54150000,0
2026-04-25 21:00:00,2313.21000000,2317.35000000,2312.86000000,2315.80000000,2432.52740000,2026-04-25 21:59:59.999,5632204.29174900,29214,1333.00870000,3086427.20209900,0
2026-04-25 22:00:00,2315.79000000,2320.42000000,2315.09000000,2317.75000000,1894.66460000,2026-04-25 22:59:59.999,4391644.63576800,35129,1020.01570000,2364255.76525800,0
2026-04-25 23:00:00,2317.76000000,2319.86000000,2316.92000000,2319.50000000,1694.23940000,2026-04-25 23:59:59.999,3928573.17932300,24274,983.67610000,2280975.54498400,0
2026-04-26 00:00:00,2319.49000000,2320.06000000,2312.00000000,2315.37000000,2339.57590000,2026-04-26 00:59:59.999,5418698.13754900,30136,1246.42580000,2887305.87888000,0
2026-04-26 01:00:00,2315.37000000,2317.88000000,2313.48000000,2313.85000000,2629.48890000,2026-04-26 01:59:59.999,6089296.02605200,27248,841.26160000,1948170.82988800,0
2026-04-26 02:00:00,2313.84000000,2318.40000000,2313.58000000,2315.15000000,1662.72680000,2026-04-26 02:59:59.999,3851278.47549800,21543,535.11310000,1239495.69591300,0
2026-04-26 03:00:00,2315.15000000,2316.35000000,2306.72000000,2310.00000000,3380.93360000,2026-04-26 03:59:59.999,7814282.24988000,29427,786.29570000,1816787.58797200,0
2026-04-26 04:00:00,2309.99000000,2319.76000000,2308.97000000,2317.74000000,2619.15570000,2026-04-26 04:59:59.999,6062443.04949800,36119,1370.35990000,3172491.97258300,0
2026-04-26 05:00:00,2317.73000000,2336.48000000,2317.57000000,2327.84000000,15716.82870000,2026-04-26 05:59:59.999,36617203.40235900,106067,8231.61250000,19176888.22469700,0
2026-04-26 06:00:00,2327.85000000,2333.27000000,2327.46000000,2329.99000000,4332.56420000,2026-04-26 06:59:59.999,10095712.98201600,37923,2199.26530000,5125183.01674400,0
2026-04-26 07:00:00,2330.00000000,2332.25000000,2328.58000000,2331.24000000,2312.78480000,2026-04-26 07:59:59.999,5388359.92239200,23391,1038.46020000,2419467.34396900,0
2026-04-26 08:00:00,2331.25000000,2337.68000000,2330.49000000,2332.38000000,4685.46080000,2026-04-26 08:59:59.999,10932576.78754200,38741,2686.25900000,6268140.57758900,0
2026-04-26 09:00:00,2332.37000000,2335.59000000,2329.66000000,2334.69000000,2480.19170000,2026-04-26 09:59:59.999,5784667.48891800,27860,1252.49440000,2921417.25419500,0
2026-04-26 10:00:00,2334.68000000,2336.32000000,2331.70000000,2332.95000000,2898.43610000,2026-04-26 10:59:59.999,6764149.17032700,24275,1275.24940000,2976180.29578400,0
2026-04-26 11:00:00,2332.95000000,2337.50000000,2332.75000000,2335.95000000,2047.14790000,2026-04-26 11:59:59.999,4780434.17942900,31076,886.51330000,2070301.67991700,0
2026-04-26 12:00:00,2335.96000000,2336.40000000,2324.19000000,2328.89000000,4449.03660000,2026-04-26 12:59:59.999,10366846.45959100,42719,1874.31930000,4368347.83184400,0
2026-04-26 13:00:00,2328.90000000,2336.00000000,2328.11000000,2335.22000000,3739.86650000,2026-04-26 13:59:59.999,8721871.27400000,38320,2305.23440000,5375630.35923400,0
2026-04-26 14:00:00,2335.21000000,2352.44000000,2333.64000000,2346.20000000,12976.67370000,2026-04-26 14:59:59.999,30442457.41522300,115804,6785.65680000,15918477.30034000,0
2026-04-26 15:00:00,2346.20000000,2348.93000000,2344.23000000,2348.05000000,3342.30380000,2026-04-26 15:59:59.999,7842481.15952500,48223,1607.44350000,3771775.83330100,0
2026-04-26 16:00:00,2348.06000000,2349.43000000,2342.91000000,2342.92000000,3916.77880000,2026-04-26 16:59:59.999,9189048.51863500,38406,1579.18550000,3705083.98775400,0
2026-04-26 17:00:00,2342.92000000,2349.99000000,2340.56000000,2349.43000000,3116.55930000,2026-04-26 17:59:59.999,7309884.62278100,33911,1534.23970000,3599305.19863000,0
2026-04-26 18:00:00,2349.42000000,2369.01000000,2347.42000000,2361.99000000,16174.02880000,2026-04-26 18:59:59.999,38178120.63411400,118845,9500.26420000,22420185.32741200,0
2026-04-26 19:00:00,2361.99000000,2376.35000000,2359.55000000,2367.40000000,11849.38690000,2026-04-26 19:59:59.999,28067192.04045100,101992,5873.50910000,13913042.68678900,0
2026-04-26 20:00:00,2367.40000000,2372.68000000,2362.50000000,2362.50000000,5233.96550000,2026-04-26 20:59:59.999,12390989.13582800,52853,2501.87570000,5924174.96466900,0
2026-04-26 21:00:00,2362.51000000,2370.33000000,2348.47000000,2364.34000000,11912.71110000,2026-04-26 21:59:59.999,28110085.63024400,143488,5584.14960000,13178009.62643900,0
2026-04-26 22:00:00,2364.34000000,2380.00000000,2353.53000000,2361.89000000,17014.56380000,2026-04-26 22:59:59.999,40254921.99557000,200235,8397.35460000,19858411.65446200,0
2026-04-26 23:00:00,2361.88000000,2378.61000000,2356.73000000,2369.44000000,13760.45200000,2026-04-26 23:59:59.999,32566217.18327100,139968,6983.62910000,16525052.22591000,0
2026-04-27 00:00:00,2369.45000000,2392.00000000,2359.46000000,2390.76000000,13606.04920000,2026-04-27 00:59:59.999,32346838.02993100,171230,7777.84000000,18497900.65032900,0
2026-04-27 01:00:00,2390.56000000,2404.37000000,2377.56000000,2394.61000000,20709.39020000,2026-04-27 01:59:59.999,49552223.47077600,258346,11965.60470000,28638870.21679600,0
2026-04-27 02:00:00,2394.60000000,2397.00000000,2387.29000000,2392.16000000,6638.13620000,2026-04-27 02:59:59.999,15878831.95281200,96707,4009.80010000,9591225.04262800,0
2026-04-27 03:00:00,2392.16000000,2400.43000000,2390.57000000,2394.85000000,7687.05960000,2026-04-27 03:59:59.999,18422338.23713900,93245,4514.90290000,10820191.45167900,0
2026-04-27 04:00:00,2394.85000000,2396.05000000,2380.45000000,2382.84000000,8734.80510000,2026-04-27 04:59:59.999,20864073.15923800,93519,3588.14600000,8569617.61574000,0
2026-04-27 05:00:00,2382.84000000,2383.46000000,2319.31000000,2323.18000000,40068.40220000,2026-04-27 05:59:59.999,93815384.54664000,376114,17199.11850000,40230059.49552300,0
2026-04-27 06:00:00,2323.17000000,2329.13000000,2312.71000000,2321.00000000,13665.93190000,2026-04-27 06:59:59.999,31716990.99749400,138211,7154.88170000,16611140.06820300,0
2026-04-27 07:00:00,2321.01000000,2323.82000000,2315.00000000,2316.01000000,9210.59830000,2026-04-27 07:59:59.999,21358947.84088600,96156,5073.73980000,11764461.14196900,0
2026-04-27 08:00:00,2316.00000000,2319.68000000,2309.13000000,2319.68000000,12143.72230000,2026-04-27 08:59:59.999,28106041.67951600,121528,5567.85150000,12887984.84998500,0
2026-04-27 09:00:00,2319.68000000,2325.52000000,2315.59000000,2322.19000000,9530.39600000,2026-04-27 09:59:59.999,22128162.47935900,69984,4375.35050000,10157087.67589000,0
2026-04-27 10:00:00,2322.19000000,2323.97000000,2318.87000000,2320.14000000,3965.49050000,2026-04-27 10:59:59.999,9203562.65176100,48280,1941.40660000,4505931.32934200,0
2026-04-27 11:00:00,2320.14000000,2322.84000000,2316.84000000,2320.39000000,3965.89780000,2026-04-27 11:59:59.999,9200413.33493600,53152,1854.74250000,4302966.06824300,0
2026-04-27 12:00:00,2320.39000000,2320.96000000,2312.59000000,2314.11000000,6575.78630000,2026-04-27 12:59:59.999,15231430.15071500,78690,2311.43070000,5354485.33913000,0
2026-04-27 13:00:00,2314.10000000,2320.76000000,2303.50000000,2312.28000000,17353.16980000,2026-04-27 13:59:59.999,40112763.35805100,192303,7641.50700000,17665423.21119500,0
2026-04-27 14:00:00,2312.28000000,2329.82000000,2308.69000000,2314.75000000,14991.19660000,2026-04-27 14:59:59.999,34760798.95489900,216698,7266.60320000,16849948.79331600,0
2026-04-27 15:00:00,2314.75000000,2315.16000000,2266.09000000,2275.07000000,46951.25790000,2026-04-27 15:59:59.999,107321556.46613400,408324,21652.49080000,49458405.71128900,0
2026-04-27 16:00:00,2275.07000000,2280.60000000,2270.04000000,2278.12000000,12121.63400000,2026-04-27 16:59:59.999,27589677.88421800,138456,5273.08250000,12001839.31628000,0
2026-04-27 17:00:00,2278.13000000,2292.91000000,2278.12000000,2287.08000000,18597.60270000,2026-04-27 17:59:59.999,42530304.32639500,125370,8064.75840000,18439415.30926300,0
2026-04-27 18:00:00,2287.09000000,2292.09000000,2284.50000000,2288.75000000,7485.64920000,2026-04-27 18:59:59.999,17127927.71288900,84717,4149.54210000,9494321.86595600,0
2026-04-27 19:00:00,2288.75000000,2291.08000000,2274.98000000,2289.14000000,8112.40690000,2026-04-27 19:59:59.999,18527556.51782300,100246,3605.15570000,8234168.05698100,0
2026-04-27 20:00:00,2289.15000000,2296.36000000,2289.08000000,2291.70000000,5969.88120000,2026-04-27 20:59:59.999,13686974.95109400,61474,2471.50190000,5666074.19135900,0
2026-04-27 21:00:00,2291.69000000,2292.40000000,2287.00000000,2287.33000000,3065.78920000,2026-04-27 21:59:59.999,7019526.05100800,42407,1133.23850000,2594565.71391700,0
2026-04-27 22:00:00,2287.34000000,2295.70000000,2284.66000000,2294.36000000,4214.83020000,2026-04-27 22:59:59.999,9654707.05742000,61918,2166.25910000,4962596.42530700,0
2026-04-27 23:00:00,2294.36000000,2308.61000000,2291.16000000,2303.67000000,4998.77530000,2026-04-27 23:59:59.999,11496511.28962000,65207,3039.34280000,6992062.48807700,0
2026-04-28 00:00:00,2303.66000000,2310.88000000,2299.47000000,2306.77000000,5364.78870000,2026-04-28 00:59:59.999,12364342.03247100,98072,2699.79750000,6223033.47946300,0
2026-04-28 01:00:00,2306.76000000,2308.76000000,2297.78000000,2298.61000000,4184.58680000,2026-04-28 01:59:59.999,9640406.55829300,84150,1543.97000000,3556644.21720500,0
2026-04-28 02:00:00,2298.61000000,2301.01000000,2280.99000000,2289.11000000,7908.45280000,2026-04-28 02:59:59.999,18112963.90127000,109584,3125.10030000,7158736.70348900,0
2026-04-28 03:00:00,2289.10000000,2291.00000000,2282.39000000,2290.94000000,3711.45680000,2026-04-28 03:59:59.999,8484431.56095900,63559,1809.06430000,4136142.07076900,0
2026-04-28 04:00:00,2290.93000000,2294.60000000,2283.32000000,2288.57000000,5863.04480000,2026-04-28 04:59:59.999,13417193.56490400,63018,2671.82450000,6114765.26738000,0
2026-04-28 05:00:00,2288.58000000,2296.91000000,2286.71000000,2288.13000000,10496.12340000,2026-04-28 05:59:59.999,24053330.59493200,83699,5143.83020000,11787519.57052600,0
2026-04-28 06:00:00,2288.13000000,2291.00000000,2270.53000000,2277.63000000,10739.73810000,2026-04-28 06:59:59.999,24477899.62708500,93026,4799.89110000,10933042.58085800,0
2026-04-28 07:00:00,2277.63000000,2288.65000000,2270.65000000,2287.99000000,9917.56090000,2026-04-28 07:59:59.999,22614322.54965500,95828,4737.41100000,10803843.94557000,0
2026-04-28 08:00:00,2288.00000000,2291.64000000,2283.86000000,2287.07000000,6065.71220000,2026-04-28 08:59:59.999,13872433.42889100,76988,2998.13450000,6857590.37847600,0
2026-04-28 09:00:00,2287.07000000,2288.51000000,2276.67000000,2282.27000000,7654.63360000,2026-04-28 09:59:59.999,17474866.92454800,71726,3901.55810000,8905443.91682100,0
2026-04-28 10:00:00,2282.26000000,2287.63000000,2280.84000000,2284.51000000,6577.07730000,2026-04-28 10:59:59.999,15026318.50102500,61954,2947.25710000,6733426.95815900,0
2026-04-28 11:00:00,2284.51000000,2285.36000000,2270.36000000,2275.32000000,12432.16900000,2026-04-28 11:59:59.999,28285016.28409400,126257,6905.86780000,15710961.45835500,0
2026-04-28 12:00:00,2275.32000000,2281.29000000,2271.59000000,2278.23000000,6214.52580000,2026-04-28 12:59:59.999,14147794.07153400,127190,3444.93730000,7843483.85935000,0
2026-04-28 13:00:00,2278.23000000,2286.20000000,2258.24000000,2276.36000000,19869.02930000,2026-04-28 13:59:59.999,45106423.52945300,254178,9392.99970000,21332239.34612300,0
2026-04-28 14:00:00,2276.37000000,2276.63000000,2261.00000000,2273.44000000,14378.68830000,2026-04-28 14:59:59.999,32611662.29889500,231696,6481.82950000,14702832.15015400,0
2026-04-28 15:00:00,2273.44000000,2280.61000000,2269.22000000,2279.76000000,9305.20190000,2026-04-28 15:59:59.999,21175128.42907800,142869,5895.56660000,13418903.52521300,0
2026-04-28 16:00:00,2279.76000000,2288.38000000,2274.38000000,2286.18000000,9159.16950000,2026-04-28 16:59:59.999,20893557.25343500,121572,5475.75500000,12490940.76161500,0
2026-04-28 17:00:00,2286.18000000,2293.38000000,2278.99000000,2290.73000000,8094.15210000,2026-04-28 17:59:59.999,18518283.64644400,96590,4848.76220000,11094000.65723300,0
2026-04-28 18:00:00,2290.73000000,2298.31000000,2287.90000000,2296.96000000,7249.18620000,2026-04-28 18:59:59.999,16622881.74367200,78069,4080.69520000,9357751.23150600,0
2026-04-28 19:00:00,2296.96000000,2305.55000000,2290.26000000,2301.96000000,8930.41070000,2026-04-28 19:59:59.999,20530409.66048600,80146,4668.90530000,10733460.25382200,0
2026-04-28 20:00:00,2301.96000000,2305.95000000,2295.52000000,2295.55000000,3554.34460000,2026-04-28 20:59:59.999,8173228.36079300,49317,1854.11090000,4263506.14599300,0
2026-04-28 21:00:00,2295.55000000,2297.20000000,2285.75000000,2290.12000000,5268.45650000,2026-04-28 21:59:59.999,12063071.83589700,57801,2722.78350000,6232976.60616200,0
2026-04-28 22:00:00,2290.12000000,2294.50000000,2285.48000000,2286.18000000,2436.75930000,2026-04-28 22:59:59.999,5580218.10543500,42528,1093.79010000,2505151.34770300,0
2026-04-28 23:00:00,2286.17000000,2290.18000000,2284.15000000,2289.42000000,2556.95150000,2026-04-28 23:59:59.999,5848446.04572600,37175,1334.23800000,3051959.31286100,0
2026-04-29 00:00:00,2289.42000000,2294.24000000,2285.38000000,2292.40000000,4053.35050000,2026-04-29 00:59:59.999,9279821.84595200,58295,2562.05240000,5866185.30972300,0
2026-04-29 01:00:00,2292.41000000,2297.30000000,2278.84000000,2292.45000000,10251.44960000,2026-04-29 01:59:59.999,23443079.33645900,114974,5252.59880000,12014945.84336100,0
2026-04-29 02:00:00,2292.45000000,2295.61000000,2284.68000000,2288.88000000,7158.86380000,2026-04-29 02:59:59.999,16393141.56678800,69011,2619.98270000,6000463.61400100,0
2026-04-29 03:00:00,2288.87000000,2316.36000000,2287.61000000,2311.52000000,18471.98190000,2026-04-29 03:59:59.999,42598171.83200500,151805,10858.44890000,25048158.91935400,0
2026-04-29 04:00:00,2311.53000000,2342.50000000,2309.33000000,2327.32000000,26313.90110000,2026-04-29 04:59:59.999,61268016.12757000,193148,12948.65760000,30151523.93560900,0
2026-04-29 05:00:00,2327.32000000,2333.22000000,2322.83000000,2329.19000000,12864.95100000,2026-04-29 05:59:59.999,29950526.87571800,97179,6577.83600000,15320960.66299000,0
2026-04-29 06:00:00,2329.19000000,2336.64000000,2320.24000000,2324.58000000,9480.45910000,2026-04-29 06:59:59.999,22077549.49382700,96317,5406.33850000,12592621.49285600,0
2026-04-29 07:00:00,2324.59000000,2330.31000000,2321.70000000,2323.73000000,6478.98450000,2026-04-29 07:59:59.999,15065735.72233100,70542,2554.09180000,5939754.79173300,0
2026-04-29 08:00:00,2323.74000000,2329.03000000,2321.11000000,2325.33000000,4136.26410000,2026-04-29 08:59:59.999,9614154.34890900,73135,1814.19720000,4217199.32524100,0
2026-04-29 09:00:00,2325.33000000,2346.66000000,2322.74000000,2339.72000000,12808.42460000,2026-04-29 09:59:59.999,29933868.97541300,151858,7464.81930000,17444999.23026600,0
2026-04-29 10:00:00,2339.71000000,2346.95000000,2330.01000000,2333.68000000,9453.42700000,2026-04-29 10:59:59.999,22119841.81786600,135311,4617.84430000,10805636.22610700,0
2026-04-29 11:00:00,2333.67000000,2336.00000000,2328.79000000,2331.74000000,8275.19710000,2026-04-29 11:59:59.999,19296595.63826600,90848,3750.23510000,8744554.20466500,0
2026-04-29 12:00:00,2331.74000000,2331.94000000,2307.40000000,2316.13000000,16486.42900000,2026-04-29 12:59:59.999,38193973.86797700,159996,9272.77030000,21476626.54545800,0
2026-04-29 13:00:00,2316.13000000,2318.15000000,2289.94000000,2303.03000000,18372.55950000,2026-04-29 13:59:59.999,42304932.92160600,264783,9211.81870000,21211622.08205400,0
2026-04-29 14:00:00,2303.02000000,2308.29000000,2293.86000000,2299.39000000,14483.77040000,2026-04-29 14:59:59.999,33339448.93366700,175228,8008.60550000,18431032.84667800,0
2026-04-29 15:00:00,2299.40000000,2301.24000000,2263.10000000,2272.51000000,31727.41000000,2026-04-29 15:59:59.999,72364429.33615500,318219,15104.92510000,34446733.46350900,0
2026-04-29 16:00:00,2272.50000000,2279.27000000,2263.35000000,2267.47000000,19698.28950000,2026-04-29 16:59:59.999,44742086.74180300,162561,9822.23430000,22308645.97281700,0
2026-04-29 17:00:00,2267.48000000,2283.33000000,2266.30000000,2283.12000000,11615.55670000,2026-04-29 17:59:59.999,26404079.71506600,122493,7357.47420000,16727578.35424300,0
2026-04-29 18:00:00,2283.12000000,2285.92000000,2220.36000000,2239.41000000,56466.68440000,2026-04-29 18:59:59.999,126479333.93316400,496219,26076.44440000,58374951.42544100,0
2026-04-29 19:00:00,2239.41000000,2242.44000000,2225.00000000,2233.70000000,17551.98580000,2026-04-29 19:59:59.999,39169401.81826400,168237,8964.00440000,20002960.84502800,0
2026-04-29 20:00:00,2233.69000000,2248.73000000,2230.49000000,2240.42000000,12588.21290000,2026-04-29 20:59:59.999,28199643.69137200,181735,5775.43790000,12937702.84825000,0
2026-04-29 21:00:00,2240.42000000,2264.80000000,2238.59000000,2253.13000000,15432.46060000,2026-04-29 21:59:59.999,34718756.10957500,104357,6918.97930000,15570702.30489700,0
2026-04-29 22:00:00,2253.14000000,2259.01000000,2250.19000000,2257.78000000,5462.71960000,2026-04-29 22:59:59.999,12319455.50342000,64074,2884.32860000,6504070.65597800,0
2026-04-29 23:00:00,2257.77000000,2260.30000000,2250.35000000,2252.90000000,5444.76880000,2026-04-29 23:59:59.999,12279197.37446000,67967,3175.67740000,7162113.44251400,0
2026-04-30 00:00:00,2252.90000000,2275.00000000,2249.47000000,2272.46000000,9779.81740000,2026-04-30 00:59:59.999,22141655.50694800,144645,6203.01690000,14053127.59474800,0
2026-04-30 01:00:00,2272.45000000,2279.00000000,2267.06000000,2269.35000000,8290.37380000,2026-04-30 01:59:59.999,18836980.79129700,130100,3308.57030000,7519832.58323000,0
2026-04-30 02:00:00,2269.36000000,2273.14000000,2236.36000000,2245.13000000,12671.65920000,2026-04-30 02:59:59.999,28524618.21063100,238222,5715.89060000,12859978.77924300,0
2026-04-30 03:00:00,2245.12000000,2256.82000000,2243.89000000,2253.24000000,5318.36810000,2026-04-30 03:59:59.999,11964701.50343900,110353,2983.37030000,6712364.32557600,0
2026-04-30 04:00:00,2253.24000000,2254.27000000,2236.89000000,2238.97000000,7758.48710000,2026-04-30 04:59:59.999,17403909.53223700,130589,3555.00260000,7972935.88518200,0
2026-04-30 05:00:00,2238.98000000,2248.31000000,2231.64000000,2242.76000000,8319.89810000,2026-04-30 05:59:59.999,18652838.51105700,94948,2907.47500000,6519412.70698000,0
2026-04-30 06:00:00,2242.76000000,2252.49000000,2241.86000000,2248.03000000,6064.24860000,2026-04-30 06:59:59.999,13625776.17531100,86873,2565.45420000,5764786.03606400,0
2026-04-30 07:00:00,2248.03000000,2262.23000000,2243.71000000,2260.31000000,11236.23760000,2026-04-30 07:59:59.999,25330994.97652400,98880,6467.49790000,14583088.65730400,0
2026-04-30 08:00:00,2260.31000000,2263.21000000,2255.27000000,2256.65000000,10003.37900000,2026-04-30 08:59:59.999,22602023.95778800,79575,6238.26990000,14097381.78805200,0
2026-04-30 09:00:00,2256.65000000,2271.11000000,2256.00000000,2261.86000000,6145.31950000,2026-04-30 09:59:59.999,13913472.20072800,110577,3247.50510000,7353537.72590900,0
2026-04-30 10:00:00,2261.86000000,2265.74000000,2256.78000000,2262.01000000,5283.39230000,2026-04-30 10:59:59.999,11946560.07415900,86166,2816.07180000,6367764.15119000,0
2026-04-30 11:00:00,2262.00000000,2273.70000000,2252.07000000,2258.18000000,9303.83330000,2026-04-30 11:59:59.999,21049002.53371700,120424,4437.04400000,10041959.12209500,0
2026-04-30 12:00:00,2258.18000000,2271.07000000,2257.74000000,2265.45000000,6154.98150000,2026-04-30 12:59:59.999,13942362.40966600,98707,3106.66440000,7037366.44653200,0
2026-04-30 13:00:00,2265.46000000,2272.56000000,2254.74000000,2263.90000000,10742.92680000,2026-04-30 13:59:59.999,24331066.49087700,202461,6055.38280000,13715147.26881000,0
2026-04-30 14:00:00,2263.90000000,2271.07000000,2245.82000000,2262.01000000,14497.19110000,2026-04-30 14:59:59.999,32744719.28131900,251086,6641.38000000,15012709.11212300,0
2026-04-30 15:00:00,2262.00000000,2275.13000000,2257.65000000,2265.70000000,6476.88280000,2026-04-30 15:59:59.999,14675346.43050400,150011,3203.12890000,7260311.87078200,0
2026-04-30 16:00:00,2265.70000000,2267.16000000,2255.80000000,2257.24000000,3880.30640000,2026-04-30 16:59:59.999,8774748.60508300,85788,1641.41310000,3712220.33287700,0
2026-04-30 17:00:00,2257.24000000,2260.47000000,2251.62000000,2258.14000000,4889.14400000,2026-04-30 17:59:59.999,11030896.03611400,96321,2724.33470000,6147109.08562300,0
2026-04-30 18:00:00,2258.13000000,2265.29000000,2254.55000000,2259.84000000,4110.25940000,2026-04-30 18:59:59.999,9287340.90880300,81367,2160.55650000,4882217.49427100,0
2026-04-30 19:00:00,2259.84000000,2267.09000000,2258.13000000,2261.99000000,4771.37880000,2026-04-30 19:59:59.999,10799501.90040300,79601,2649.33070000,5997112.61236500,0
2026-04-30 20:00:00,2261.98000000,2267.32000000,2260.56000000,2264.34000000,3286.64660000,2026-04-30 20:59:59.999,7441671.35518500,60963,1800.92850000,4077994.82592900,0
2026-04-30 21:00:00,2264.34000000,2264.65000000,2254.00000000,2256.29000000,3541.84040000,2026-04-30 21:59:59.999,8001860.86309500,47760,1626.86730000,3675593.03555100,0
2026-04-30 22:00:00,2256.29000000,2261.34000000,2252.42000000,2254.25000000,2399.15250000,2026-04-30 22:59:59.999,5415884.02307800,35195,851.27770000,1922367.07488000,0
2026-04-30 23:00:00,2254.25000000,2259.01000000,2254.00000000,2257.51000000,2268.55330000,2026-04-30 23:59:59.999,5119957.39367200,29225,1086.67920000,2452436.10261000,0
2026-05-01 00:00:00,2257.51000000,2266.00000000,2257.21000000,2260.00000000,3813.14050000,2026-05-01 00:59:59.999,8627712.38119200,51014,2348.33070000,5313348.35689300,0
2026-05-01 01:00:00,2260.00000000,2270.56000000,2260.00000000,2267.75000000,4214.43020000,2026-05-01 01:59:59.999,9549735.56475500,49604,2489.86210000,5641912.92049100,0
2026-05-01 02:00:00,2267.75000000,2270.00000000,2265.00000000,2266.94000000,3090.67620000,2026-05-01 02:59:59.999,7006178.57736800,33968,1483.29810000,3362611.61907700,0
2026-05-01 03:00:00,2266.94000000,2295.00000000,2266.25000000,2282.87000000,15806.44670000,2026-05-01 03:59:59.999,36110105.40172400,155253,8333.60740000,19032598.14065700,0
2026-05-01 04:00:00,2282.87000000,2285.89000000,2277.56000000,2280.12000000,5118.51530000,2026-05-01 04:59:59.999,11677973.60072400,56550,1762.63010000,4021942.00751200,0
2026-05-01 05:00:00,2280.11000000,2286.75000000,2278.28000000,2283.26000000,3488.17170000,2026-05-01 05:59:59.999,7965859.17687800,38601,1426.26600000,3256963.35490000,0
2026-05-01 06:00:00,2283.26000000,2286.66000000,2272.09000000,2277.45000000,8129.98310000,2026-05-01 06:59:59.999,18529969.12871500,67770,3062.78020000,6984164.79515200,0
2026-05-01 07:00:00,2277.46000000,2281.10000000,2273.14000000,2279.48000000,6175.19670000,2026-05-01 07:59:59.999,14060321.68381200,53771,2640.69580000,6013330.83745800,0
2026-05-01 08:00:00,2279.50000000,2288.50000000,2277.44000000,2286.92000000,5887.10330000,2026-05-01 08:59:59.999,13451604.96741600,64140,3340.75330000,7632646.69640800,0
2026-05-01 09:00:00,2286.93000000,2287.10000000,2279.87000000,2282.07000000,3605.49890000,2026-05-01 09:59:59.999,8233855.30739100,42714,1426.79240000,3257845.38722000,0
2026-05-01 10:00:00,2282.08000000,2285.88000000,2277.06000000,2282.53000000,3877.87370000,2026-05-01 10:59:59.999,8847512.23464200,38978,1762.33400000,4020927.75082000,0
2026-05-01 11:00:00,2282.53000000,2293.00000000,2281.71000000,2286.45000000,5323.84300000,2026-05-01 11:59:59.999,12174038.09694900,54457,2281.20140000,5216598.24334100,0
2026-05-01 12:00:00,2286.46000000,2311.49000000,2284.15000000,2301.36000000,21967.89140000,2026-05-01 12:59:59.999,50573376.56584500,150184,11434.39110000,26317344.68470100,0
2026-05-01 13:00:00,2301.37000000,2324.00000000,2301.37000000,2318.22000000,20286.22010000,2026-05-01 13:59:59.999,46936319.66433900,171948,10728.36740000,24823656.31546100,0
2026-05-01 14:00:00,2318.22000000,2325.28000000,2301.42000000,2308.04000000,20163.37100000,2026-05-01 14:59:59.999,46632380.66278200,147761,8766.97170000,20279043.03193600,0
2026-05-01 15:00:00,2308.03000000,2316.74000000,2298.77000000,2307.64000000,12397.24200000,2026-05-01 15:59:59.999,28603114.33275300,116018,5768.27420000,13308293.76263600,0
2026-05-01 16:00:00,2307.64000000,2314.21000000,2298.17000000,2301.94000000,14505.20020000,2026-05-01 16:59:59.999,33438937.95314800,116501,5758.83900000,13273303.15763900,0
2026-05-01 17:00:00,2301.95000000,2313.53000000,2298.71000000,2311.76000000,5191.87020000,2026-05-01 17:59:59.999,11975596.46124700,74355,2899.49470000,6688603.71734600,0
2026-05-01 18:00:00,2311.76000000,2312.50000000,2303.45000000,2304.76000000,3781.96250000,2026-05-01 18:59:59.999,8730223.91467800,62971,1814.98070000,4189518.65911700,0
2026-05-01 19:00:00,2304.77000000,2307.84000000,2302.20000000,2304.85000000,2921.47090000,2026-05-01 19:59:59.999,6734410.53834800,47647,1334.03840000,3075190.80639500,0
2026-05-01 20:00:00,2304.85000000,2305.86000000,2278.98000000,2285.19000000,9002.03650000,2026-05-01 20:59:59.999,20630735.11156000,86913,2955.25500000,6774081.58209800,0
2026-05-01 21:00:00,2285.18000000,2294.25000000,2283.58000000,2292.68000000,6643.54010000,2026-05-01 21:59:59.999,15204234.16713400,56290,2698.63040000,6176445.99013900,0
2026-05-01 22:00:00,2292.67000000,2299.35000000,2291.00000000,2293.50000000,3376.53720000,2026-05-01 22:59:59.999,7751481.40894500,37874,1878.79290000,4312909.85044800,0
2026-05-01 23:00:00,2293.50000000,2296.23000000,2289.00000000,2295.63000000,2314.33360000,2026-05-01 23:59:59.999,5305578.92557100,30199,1137.14590000,2607173.86112600,0
2026-05-02 00:00:00,2295.63000000,2299.30000000,2292.91000000,2297.60000000,2566.81160000,2026-05-02 00:59:59.999,5894218.67608900,38705,1352.96630000,3106842.34561200,0
2026-05-02 01:00:00,2297.59000000,2300.98000000,2295.88000000,2298.63000000,2462.39890000,2026-05-02 01:59:59.999,5659121.78468600,41155,1459.52660000,3354566.15065300,0
2026-05-02 02:00:00,2298.62000000,2308.34000000,2295.43000000,2303.31000000,3153.61240000,2026-05-02 02:59:59.999,7257383.41658800,43106,1943.33610000,4473131.67005600,0
2026-05-02 03:00:00,2303.31000000,2308.34000000,2301.01000000,2304.44000000,2768.53770000,2026-05-02 03:59:59.999,6380329.19938300,42393,1674.79780000,3859957.62061500,0
2026-05-02 04:00:00,2304.43000000,2304.91000000,2299.59000000,2301.26000000,2155.28250000,2026-05-02 04:59:59.999,4961203.25557400,30246,737.13530000,1696842.68924600,0
2026-05-02 05:00:00,2301.26000000,2301.52000000,2296.62000000,2299.47000000,2997.22670000,2026-05-02 05:59:59.999,6891268.81886200,30701,922.20580000,2120498.58069600,0
2026-05-02 06:00:00,2299.46000000,2306.35000000,2297.09000000,2305.58000000,2532.16710000,2026-05-02 06:59:59.999,5827241.70242600,26533,1169.95500000,2692757.41080900,0
2026-05-02 07:00:00,2305.59000000,2306.16000000,2301.01000000,2301.02000000,2421.68910000,2026-05-02 07:59:59.999,5578997.52786200,28859,844.00420000,1944359.06270800,0
2026-05-02 08:00:00,2301.01000000,2304.44000000,2299.05000000,2303.35000000,1949.33970000,2026-05-02 08:59:59.999,4487920.04486400,22182,871.26960000,2006027.57874100,0
2026-05-02 09:00:00,2303.34000000,2307.78000000,2303.34000000,2305.13000000,2145.83690000,2026-05-02 09:59:59.999,4947445.72779700,25982,840.39600000,1937583.75060800,0
2026-05-02 10:00:00,2305.13000000,2305.96000000,2302.41000000,2303.54000000,2130.67770000,2026-05-02 10:59:59.999,4909556.02095700,23534,961.90950000,2216530.30881000,0
2026-05-02 11:00:00,2303.54000000,2304.99000000,2300.25000000,2302.10000000,2172.60550000,2026-05-02 11:59:59.999,5002629.95283000,28299,771.84390000,1777105.63660000,0
2026-05-02 12:00:00,2302.09000000,2305.92000000,2301.36000000,2303.52000000,2299.23950000,2026-05-02 12:59:59.999,5297467.42473600,21098,1156.88030000,2665794.91631000,0
2026-05-02 13:00:00,2303.53000000,2311.83000000,2303.53000000,2308.08000000,4502.62890000,2026-05-02 13:59:59.999,10395537.01735300,34955,2668.77490000,6161710.33908000,0
2026-05-02 14:00:00,2308.08000000,2308.59000000,2305.23000000,2306.69000000,2719.95750000,2026-05-02 14:59:59.999,6274288.45733500,27018,1297.82320000,2993665.16827000,0
2026-05-02 15:00:00,2306.69000000,2310.10000000,2305.32000000,2309.19000000,2150.03510000,2026-05-02 15:59:59.999,4961436.34302800,24723,1193.79940000,2754866.82786500,0
2026-05-02 16:00:00,2309.18000000,2313.98000000,2307.96000000,2309.31000000,3799.92580000,2026-05-02 16:59:59.999,8780550.14706700,44837,2294.20560000,5301537.40690400,0
2026-05-02 17:00:00,2309.31000000,2310.25000000,2305.69000000,2305.90000000,1534.34770000,2026-05-02 17:59:59.999,3540855.11171100,18988,574.70670000,1326479.99650300,0
2026-05-02 18:00:00,2305.90000000,2311.57000000,2304.08000000,2310.30000000,3982.29350000,2026-05-02 18:59:59.999,9189869.28898000,32021,2248.79810000,5188436.54218800,0
2026-05-02 19:00:00,2310.31000000,2312.79000000,2309.17000000,2311.08000000,1676.52470000,2026-05-02 19:59:59.999,3874731.48183000,22120,961.92790000,2223069.91030500,0
2026-05-02 20:00:00,2311.08000000,2311.84000000,2309.59000000,2311.58000000,1484.94420000,2026-05-02 20:59:59.999,3431236.34901400,17201,777.37920000,1796240.66015900,0
2026-05-02 21:00:00,2311.59000000,2343.60000000,2310.79000000,2325.62000000,17150.54570000,2026-05-02 21:59:59.999,39938823.48493600,122522,11173.17540000,26022194.94508100,0
2026-05-02 22:00:00,2325.62000000,2328.36000000,2317.88000000,2327.00000000,8792.74860000,2026-05-02 22:59:59.999,20425945.48941400,83985,4702.80120000,10926357.25065200,0
2026-05-02 23:00:00,2326.99000000,2326.99000000,2313.98000000,2316.97000000,6039.09540000,2026-05-02 23:59:59.999,14006440.21456700,39536,3063.17790000,7103422.98147900,0
2026-05-03 00:00:00,2316.97000000,2317.69000000,2308.90000000,2313.98000000,5842.40010000,2026-05-03 00:59:59.999,13518598.93878800,52869,2132.12130000,4933733.31075800,0
2026-05-03 01:00:00,2313.98000000,2314.09000000,2303.43000000,2304.14000000,4580.86880000,2026-05-03 01:59:59.999,10567530.31377400,55005,1760.20180000,4060698.52785900,0
2026-05-03 02:00:00,2304.14000000,2306.83000000,2299.38000000,2303.41000000,4664.48700000,2026-05-03 02:59:59.999,10738769.75399600,47731,1954.02360000,4498771.29313400,0
2026-05-03 03:00:00,2303.41000000,2304.00000000,2300.00000000,2301.90000000,4381.12390000,2026-05-03 03:59:59.999,10081814.89515600,26893,1604.06820000,3690714.48406200,0
2026-05-03 04:00:00,2301.90000000,2304.37000000,2297.59000000,2301.53000000,3019.38370000,2026-05-03 04:59:59.999,6948015.19725800,31495,1355.08910000,3118569.19706200,0
2026-05-03 05:00:00,2301.53000000,2305.56000000,2301.26000000,2304.11000000,1981.33040000,2026-05-03 05:59:59.999,4563842.05716000,20414,929.38740000,2140984.73501900,0
2026-05-03 06:00:00,2304.11000000,2306.38000000,2299.69000000,2304.49000000,2420.70560000,2026-05-03 06:59:59.999,5572877.58560700,22971,1204.77060000,2773554.65349600,0
2026-05-03 07:00:00,2304.50000000,2314.01000000,2304.42000000,2309.28000000,3800.11250000,2026-05-03 07:59:59.999,8779211.55335100,40847,2208.78760000,5102577.87534900,0
2026-05-03 08:00:00,2309.28000000,2312.67000000,2307.65000000,2308.28000000,1870.38400000,2026-05-03 08:59:59.999,4319921.63479000,23838,869.59660000,2008595.12444900,0
2026-05-03 09:00:00,2308.29000000,2322.27000000,2307.49000000,2316.47000000,5985.39310000,2026-05-03 09:59:59.999,13859803.64771200,45587,3556.78270000,8235201.23323100,0
2026-05-03 10:00:00,2316.48000000,2316.73000000,2311.32000000,2311.54000000,2373.36200000,2026-05-03 10:59:59.999,5490907.25325900,28548,1117.20690000,2584554.55537900,0
2026-05-03 11:00:00,2311.54000000,2327.50000000,2310.52000000,2319.63000000,7325.98670000,2026-05-03 11:59:59.999,16995843.66701300,61959,4407.64590000,10227683.87512000,0
2026-05-03 12:00:00,2319.63000000,2332.61000000,2319.63000000,2325.71000000,9087.05960000,2026-05-03 12:59:59.999,21142228.22795700,62975,4960.49050000,11541726.57538400,0
2026-05-03 13:00:00,2325.71000000,2328.74000000,2320.61000000,2322.21000000,3616.52980000,2026-05-03 13:59:59.999,8409337.14390300,43870,1993.12750000,4635223.74420200,0
2026-05-03 14:00:00,2322.22000000,2329.60000000,2321.19000000,2328.28000000,4002.72230000,2026-05-03 14:59:59.999,9307204.14323700,43201,1864.44680000,4335594.33556600,0
2026-05-03 15:00:00,2328.28000000,2333.91000000,2324.96000000,2328.44000000,4767.78140000,2026-05-03 15:59:59.999,11103725.07895300,63762,2005.30810000,4670492.92408200,0
2026-05-03 16:00:00,2328.45000000,2335.00000000,2322.38000000,2328.41000000,5781.03150000,2026-05-03 16:59:59.999,13464530.08588600,57064,3132.81320000,7299423.91828000,0
2026-05-03 17:00:00,2328.40000000,2335.35000000,2324.11000000,2331.85000000,5608.76030000,2026-05-03 17:59:59.999,13076803.82954600,50546,2778.66750000,6478985.66803100,0
2026-05-03 18:00:00,2331.85000000,2333.60000000,2328.29000000,2330.98000000,2263.69050000,2026-05-03 18:59:59.999,5276768.01934300,25549,946.59210000,2206519.34018700,0
2026-05-03 19:00:00,2330.98000000,2337.87000000,2328.47000000,2335.59000000,5542.65120000,2026-05-03 19:59:59.999,12932723.50754800,35223,3501.75320000,8170818.17762700,0
2026-05-03 20:00:00,2335.60000000,2344.35000000,2328.28000000,2329.58000000,14443.59230000,2026-05-03 20:59:59.999,33750568.21544900,84486,7148.38230000,16697893.83765500,0
2026-05-03 21:00:00,2329.58000000,2334.18000000,2315.00000000,2324.27000000,8154.99100000,2026-05-03 21:59:59.999,18960498.21304300,82730,3546.89110000,8248362.09639900,0
2026-05-03 22:00:00,2324.27000000,2356.92000000,2324.26000000,2343.89000000,25346.82920000,2026-05-03 22:59:59.999,59412933.44512800,220945,13027.37510000,30543016.89269300,0
2026-05-03 23:00:00,2343.89000000,2347.47000000,2319.96000000,2322.65000000,14213.25730000,2026-05-03 23:59:59.999,33095543.61022200,145782,6486.64470000,15100311.89945100,0
2026-05-04 00:00:00,2322.65000000,2322.65000000,2309.24000000,2319.00000000,12348.56990000,2026-05-04 00:59:59.999,28588847.78234900,150880,5492.55370000,12715523.05609200,0
2026-05-04 01:00:00,2319.00000000,2354.02000000,2312.98000000,2351.20000000,17681.89730000,2026-05-04 01:59:59.999,41289292.18193100,210991,8764.00020000,20463198.14728500,0
2026-05-04 02:00:00,2351.21000000,2387.99000000,2345.41000000,2374.73000000,52188.87670000,2026-05-04 02:59:59.999,123699652.62913800,355785,25919.04740000,61413577.65009800,0
2026-05-04 03:00:00,2374.73000000,2391.00000000,2371.74000000,2385.12000000,32108.65260000,2026-05-04 03:59:59.999,76495658.28906300,165919,17033.04900000,40592410.48475100,0
2026-05-04 04:00:00,2385.11000000,2398.93000000,2384.37000000,2390.12000000,21582.92970000,2026-05-04 04:59:59.999,51610856.77876100,149521,11427.08240000,27328549.36386200,0
2026-05-04 05:00:00,2390.12000000,2391.28000000,2375.26000000,2376.19000000,17415.08910000,2026-05-04 05:59:59.999,41469192.61190600,91617,6948.36740000,16540146.67753900,0
2026-05-04 06:00:00,2376.19000000,2378.42000000,2354.20000000,2368.41000000,20127.19190000,2026-05-04 06:59:59.999,47634290.73158900,142172,7934.30130000,18772881.25011900,0
2026-05-04 07:00:00,2368.41000000,2373.87000000,2362.51000000,2362.80000000,10295.30820000,2026-05-04 07:59:59.999,24381865.11944900,83455,5281.87400000,12509359.17633200,0
2026-05-04 08:00:00,2362.79000000,2365.11000000,2357.30000000,2360.04000000,9858.63130000,2026-05-04 08:59:59.999,23274061.38776400,82224,4795.38160000,11321065.60655900,0
2026-05-04 09:00:00,2360.04000000,2371.09000000,2358.04000000,2368.71000000,8607.63500000,2026-05-04 09:59:59.999,20357503.06244500,69426,4631.08180000,10954277.09488300,0
2026-05-04 10:00:00,2368.72000000,2369.89000000,2314.25000000,2338.36000000,57424.27630000,2026-05-04 10:59:59.999,133952222.93156200,514782,27808.52220000,64860253.21431100,0
2026-05-04 11:00:00,2338.35000000,2343.62000000,2332.91000000,2337.59000000,9840.48950000,2026-05-04 11:59:59.999,23009705.57128000,128130,4341.89020000,10153159.33700500,0
2026-05-04 12:00:00,2337.59000000,2343.78000000,2333.04000000,2335.53000000,7733.18190000,2026-05-04 12:59:59.999,18084986.74688800,100717,3645.53870000,8527814.11407000,0
2026-05-04 13:00:00,2335.53000000,2344.53000000,2325.71000000,2336.53000000,17747.97410000,2026-05-04 13:59:59.999,41454333.01883200,197771,9835.90100000,22981264.69639900,0
2026-05-04 14:00:00,2336.53000000,2381.80000000,2327.47000000,2371.39000000,36557.22850000,2026-05-04 14:59:59.999,86186208.44978000,349464,19604.06070000,46223383.92537200,0
2026-05-04 15:00:00,2371.40000000,2374.38000000,2336.01000000,2350.10000000,41176.80860000,2026-05-04 15:59:59.999,96991391.51634500,412884,18647.28980000,43912586.35752800,0
2026-05-04 16:00:00,2350.11000000,2365.00000000,2336.63000000,2355.28000000,23191.64950000,2026-05-04 16:59:59.999,54564308.22767400,284695,11906.10090000,28009664.44947100,0
2026-05-04 17:00:00,2355.27000000,2379.52000000,2353.84000000,2370.09000000,18853.82440000,2026-05-04 17:59:59.999,44625505.70298400,185438,9031.40820000,21382403.26547100,0
2026-05-04 18:00:00,2370.10000000,2374.86000000,2357.02000000,2361.41000000,12397.37820000,2026-05-04 18:59:59.999,29332238.43358500,121215,5255.31400000,12437692.25491200,0
2026-05-04 19:00:00,2361.42000000,2364.35000000,2353.52000000,2356.52000000,7858.59210000,2026-05-04 19:59:59.999,18529862.74921300,102046,3997.00670000,9424786.30406400,0
2026-05-04 20:00:00,2356.52000000,2359.12000000,2347.77000000,2350.15000000,5105.17740000,2026-05-04 20:59:59.999,12011687.43670000,60490,2671.27820000,6286375.78976600,0
2026-05-04 21:00:00,2350.14000000,2364.59000000,2350.14000000,2360.89000000,3844.63450000,2026-05-04 21:59:59.999,9072093.70333900,51359,2053.78850000,4845307.01244100,0
2026-05-04 22:00:00,2360.89000000,2365.91000000,2353.95000000,2354.58000000,5172.54170000,2026-05-04 22:59:59.999,12208075.33044600,67385,2097.97600000,4952348.21673800,0
2026-05-04 23:00:00,2354.58000000,2354.58000000,2344.83000000,2347.16000000,3902.26010000,2026-05-04 23:59:59.999,9166909.67356800,58727,1433.67010000,3367823.58407400,0
2026-05-05 00:00:00,2347.17000000,2359.00000000,2344.93000000,2358.83000000,4815.83220000,2026-05-05 00:59:59.999,11331590.78461400,69412,2396.46970000,5638302.70061500,0
2026-05-05 01:00:00,2358.83000000,2364.49000000,2355.10000000,2361.82000000,4711.32650000,2026-05-05 01:59:59.999,11121699.82561900,68872,2493.10600000,5885653.03818900,0
2026-05-05 02:00:00,2361.81000000,2377.80000000,2359.10000000,2367.72000000,10448.21310000,2026-05-05 02:59:59.999,24755472.18687700,113566,5547.59300000,13144779.96483800,0
2026-05-05 03:00:00,2367.72000000,2389.38000000,2364.71000000,2382.43000000,23394.28190000,2026-05-05 03:59:59.999,55702588.61596100,127659,9774.42630000,23267649.20479300,0
2026-05-05 04:00:00,2382.43000000,2386.00000000,2376.04000000,2381.11000000,9427.60930000,2026-05-05 04:59:59.999,22449678.47739100,90436,4343.72360000,10344470.82727900,0
2026-05-05 05:00:00,2381.10000000,2390.74000000,2376.88000000,2380.19000000,13610.81160000,2026-05-05 05:59:59.999,32432193.92544000,109240,6645.11450000,15839034.35584500,0
2026-05-05 06:00:00,2380.19000000,2381.51000000,2367.35000000,2378.85000000,12310.88700000,2026-05-05 06:59:59.999,29234708.86947800,83700,4958.76840000,11776935.89566200,0
2026-05-05 07:00:00,2378.84000000,2388.56000000,2375.81000000,2380.59000000,13689.63260000,2026-05-05 07:59:59.999,32619616.75095200,88625,6750.04740000,16080975.32863100,0
2026-05-05 08:00:00,2380.59000000,2384.62000000,2373.00000000,2376.81000000,7058.71600000,2026-05-05 08:59:59.999,16790012.93458400,40312,3022.97930000,7188766.75617000,0
2026-05-05 09:00:00,2376.82000000,2376.96000000,2366.76000000,2369.60000000,6990.99070000,2026-05-05 09:59:59.999,16571396.18402700,70137,2814.20900000,6670313.69719000,0
2026-05-05 10:00:00,2369.60000000,2379.34000000,2367.30000000,2378.41000000,7091.04500000,2026-05-05 10:59:59.999,16833660.79186000,70773,4613.27250000,10950599.35549300,0
2026-05-05 11:00:00,2378.42000000,2383.49000000,2372.95000000,2379.89000000,8240.20180000,2026-05-05 11:59:59.999,19604899.41166800,80963,4271.09850000,10159700.70833200,0
2026-05-05 12:00:00,2379.89000000,2390.47000000,2376.34000000,2388.52000000,11730.36560000,2026-05-05 12:59:59.999,27981264.52642900,110081,6150.35990000,14669341.93442100,0
2026-05-05 13:00:00,2388.52000000,2399.50000000,2383.50000000,2388.72000000,26443.45700000,2026-05-05 13:59:59.999,63269321.59977300,234322,13450.36280000,32191293.04954000,0
2026-05-05 14:00:00,2388.71000000,2392.36000000,2369.17000000,2378.78000000,27223.16590000,2026-05-05 14:59:59.999,64802470.23379700,227993,13960.74930000,33246706.70671500,0
2026-05-05 15:00:00,2378.78000000,2387.93000000,2375.50000000,2381.31000000,13411.52150000,2026-05-05 15:59:59.999,31961423.75743800,124330,5864.74410000,13977120.68848300,0
2026-05-05 16:00:00,2381.30000000,2383.38000000,2361.00000000,2365.94000000,17932.14440000,2026-05-05 16:59:59.999,42539655.71301100,142001,8755.29610000,20771331.88852800,0
2026-05-05 17:00:00,2365.94000000,2369.92000000,2359.71000000,2362.80000000,9807.30240000,2026-05-05 17:59:59.999,23185455.58211600,94401,4745.91490000,11221793.18217500,0
2026-05-05 18:00:00,2362.81000000,2374.78000000,2362.81000000,2372.28000000,8710.19090000,2026-05-05 18:59:59.999,20645675.04016200,80543,4780.78600000,11330985.32766200,0
2026-05-05 19:00:00,2372.28000000,2376.73000000,2369.33000000,2371.94000000,4461.63510000,2026-05-05 19:59:59.999,10584200.20570900,60554,2484.65420000,5894611.60098900,0
2026-05-05 20:00:00,2371.94000000,2387.00000000,2371.21000000,2382.41000000,11866.11530000,2026-05-05 20:59:59.999,28263212.69893300,94222,7131.74610000,16986163.44373600,0
2026-05-05 21:00:00,2382.41000000,2388.54000000,2368.90000000,2375.43000000,9166.37060000,2026-05-05 21:59:59.999,21809211.14202500,88775,4923.59990000,11715769.49857700,0
2026-05-05 22:00:00,2375.43000000,2381.68000000,2354.34000000,2367.51000000,14184.53710000,2026-05-05 22:59:59.999,33583559.61702600,150029,5860.31890000,13879475.34411000,0
2026-05-05 23:00:00,2367.51000000,2369.75000000,2355.00000000,2360.77000000,9910.37770000,2026-05-05 23:59:59.999,23407580.23569100,91244,3588.72930000,8475470.28018300,0
2026-05-06 00:00:00,2360.76000000,2367.72000000,2355.00000000,2364.63000000,9670.61290000,2026-05-06 00:59:59.999,22834802.97532100,109461,5270.85810000,12451909.05286200,0
2026-05-06 01:00:00,2364.63000000,2376.99000000,2362.75000000,2373.19000000,8948.27430000,2026-05-06 01:59:59.999,21209589.81900100,100033,4876.59330000,11560175.82861700,0
2026-05-06 02:00:00,2373.20000000,2373.70000000,2360.00000000,2369.75000000,6539.21280000,2026-05-06 02:59:59.999,15478232.09313000,76993,3102.75590000,7343361.56807700,0
2026-05-06 03:00:00,2369.75000000,2380.87000000,2368.08000000,2376.80000000,7896.70320000,2026-05-06 03:59:59.999,18748524.37569400,98493,4260.74170000,10115300.09642700,0
2026-05-06 04:00:00,2376.81000000,2379.40000000,2361.25000000,2366.08000000,7910.60150000,2026-05-06 04:59:59.999,18751470.07060600,86294,3428.62890000,8127395.47583500,0
2026-05-06 05:00:00,2366.08000000,2366.99000000,2355.00000000,2365.03000000,11450.57820000,2026-05-06 05:59:59.999,27036603.87654300,84949,5019.99310000,11853355.82050100,0
2026-05-06 06:00:00,2365.03000000,2371.29000000,2361.00000000,2370.52000000,6311.32670000,2026-05-06 06:59:59.999,14937730.51324700,66661,3886.83540000,9199752.27520800,0
2026-05-06 07:00:00,2370.53000000,2375.00000000,2368.57000000,2371.74000000,7842.16610000,2026-05-06 07:59:59.999,18599076.08626700,70017,4617.92470000,10952564.94425300,0
2026-05-06 08:00:00,2371.74000000,2396.19000000,2369.16000000,2394.33000000,18454.83800000,2026-05-06 08:59:59.999,43999120.93030700,148166,11368.87040000,27109753.52666200,0
2026-05-06 09:00:00,2394.32000000,2418.39000000,2384.80000000,2412.76000000,47718.37650000,2026-05-06 09:59:59.999,114631484.27505700,233732,25575.79800000,61448496.52875700,0
2026-05-06 10:00:00,2412.77000000,2414.43000000,2405.18000000,2410.20000000,17192.89720000,2026-05-06 10:59:59.999,41455795.97831600,143476,8746.75980000,21090411.40136200,0
2026-05-06 11:00:00,2410.20000000,2423.74000000,2408.34000000,2410.47000000,30434.93490000,2026-05-06 11:59:59.999,73532134.66462200,169903,14199.08190000,34304580.20634300,0
2026-05-06 12:00:00,2410.47000000,2413.59000000,2400.55000000,2405.11000000,22282.12910000,2026-05-06 12:59:59.999,53644965.18071900,147419,10722.71720000,25823475.69513600,0
2026-05-06 13:00:00,2405.11000000,2405.11000000,2365.01000000,2368.51000000,42551.56330000,2026-05-06 13:59:59.999,101390778.05101100,344872,19482.74780000,46424137.38470400,0
2026-05-06 14:00:00,2368.52000000,2373.29000000,2346.68000000,2359.23000000,51777.31810000,2026-05-06 14:59:59.999,122258343.50166200,311886,22436.76860000,52983182.52755100,0
2026-05-06 15:00:00,2359.23000000,2366.00000000,2354.98000000,2359.10000000,20851.53100000,2026-05-06 15:59:59.999,49206761.80463100,146458,8466.00730000,19979752.17051200,0
2026-05-06 16:00:00,2359.10000000,2367.47000000,2350.56000000,2358.08000000,19002.55030000,2026-05-06 16:59:59.999,44816399.65742700,129744,7641.19360000,18025956.47324500,0
2026-05-06 17:00:00,2358.09000000,2360.99000000,2347.71000000,2349.70000000,13561.19730000,2026-05-06 17:59:59.999,31918742.56088300,96686,4260.00570000,10026566.51146700,0
2026-05-06 18:00:00,2349.71000000,2352.55000000,2338.00000000,2345.00000000,18017.07740000,2026-05-06 18:59:59.999,42266602.96889700,122882,7065.72460000,16573729.95100600,0
2026-05-06 19:00:00,2345.00000000,2350.00000000,2342.14000000,2348.50000000,9241.85520000,2026-05-06 19:59:59.999,21678726.72231200,83528,3726.32840000,8741281.39621500,0
2026-05-06 20:00:00,2348.49000000,2357.04000000,2345.23000000,2350.94000000,13484.21910000,2026-05-06 20:59:59.999,31690392.55142200,76601,4672.68520000,10982987.54867200,0
2026-05-06 21:00:00,2350.94000000,2357.45000000,2345.83000000,2354.52000000,10416.75860000,2026-05-06 21:59:59.999,24506773.18160700,67639,3396.29710000,7990924.18229400,0
2026-05-06 22:00:00,2354.52000000,2355.05000000,2344.99000000,2347.28000000,8076.53310000,2026-05-06 22:59:59.999,18973243.09929500,74683,2669.52460000,6272875.70043400,0
2026-05-06 23:00:00,2347.28000000,2351.34000000,2338.28000000,2350.84000000,11034.06130000,2026-05-06 23:59:59.999,25875333.47739600,72049,4112.71210000,9641036.70199700,0
2026-05-07 00:00:00,2350.84000000,2352.30000000,2329.05000000,2329.65000000,13622.32340000,2026-05-07 00:59:59.999,31884892.18244800,118360,4169.63740000,9756370.55614000,0
2026-05-07 01:00:00,2329.66000000,2335.00000000,2314.16000000,2327.41000000,18902.74930000,2026-05-07 01:59:59.999,43961311.67967500,180864,7430.77020000,17287644.75269900,0
2026-05-07 02:00:00,2327.40000000,2327.95000000,2313.89000000,2321.88000000,19439.19490000,2026-05-07 02:59:59.999,45081960.35170400,138831,8039.64540000,18642493.40421100,0
2026-05-07 03:00:00,2321.89000000,2326.20000000,2315.74000000,2322.39000000,11540.04970000,2026-05-07 03:59:59.999,26790197.65925000,85355,5745.17600000,13340576.63035200,0
2026-05-07 04:00:00,2322.39000000,2327.52000000,2317.80000000,2327.51000000,10417.53780000,2026-05-07 04:59:59.999,24212887.81541700,74782,4720.22520000,10969494.10004800,0
2026-05-07 05:00:00,2327.51000000,2333.97000000,2327.02000000,2331.08000000,10970.91920000,2026-05-07 05:59:59.999,25570754.10883000,65947,4321.40670000,10071795.45856400,0
2026-05-07 06:00:00,2331.08000000,2338.57000000,2320.00000000,2337.13000000,14009.38160000,2026-05-07 06:59:59.999,32631991.93688100,98212,5592.88260000,13028943.47483200,0
2026-05-07 07:00:00,2337.14000000,2346.89000000,2336.72000000,2344.59000000,16120.17130000,2026-05-07 07:59:59.999,37760729.02994800,94255,6604.41270000,15471305.97369300,0
2026-05-07 08:00:00,2344.59000000,2346.60000000,2332.00000000,2333.73000000,15120.56010000,2026-05-07 08:59:59.999,35357936.85831100,102671,6496.50860000,15193085.89159200,0
2026-05-07 09:00:00,2333.73000000,2337.11000000,2326.83000000,2329.05000000,13919.74830000,2026-05-07 09:59:59.999,32454248.67653800,104368,5212.72750000,12153086.98246400,0
2026-05-07 10:00:00,2329.04000000,2331.63000000,2317.35000000,2326.78000000,13596.46650000,2026-05-07 10:59:59.999,31616900.25485400,105701,4899.94360000,11394007.61112800,0
2026-05-07 11:00:00,2326.78000000,2331.59000000,2325.45000000,2329.94000000,11503.00690000,2026-05-07 11:59:59.999,26794425.91293400,90125,4550.16100000,10598905.49368800,0
2026-05-07 12:00:00,2329.94000000,2337.13000000,2329.04000000,2333.01000000,12385.89480000,2026-05-07 12:59:59.999,28899189.01060900,98529,5160.88330000,12040625.78074000,0
2026-05-07 13:00:00,2333.02000000,2333.02000000,2305.40000000,2314.32000000,39011.66860000,2026-05-07 13:59:59.999,90413045.70484400,256523,16522.05730000,38297214.87442900,0
2026-05-07 14:00:00,2314.32000000,2318.75000000,2289.51000000,2298.98000000,46781.22340000,2026-05-07 14:59:59.999,107731975.72617800,283395,16852.79540000,38803284.39764800,0
2026-05-07 15:00:00,2298.98000000,2304.52000000,2285.95000000,2294.82000000,31328.16540000,2026-05-07 15:59:59.999,71899374.92017200,217316,13191.46550000,30270679.74846400,0
2026-05-07 16:00:00,2294.82000000,2298.20000000,2285.37000000,2291.81000000,28001.19370000,2026-05-07 16:59:59.999,64185217.06831000,191716,9670.32740000,22166828.39465500,0
2026-05-07 17:00:00,2291.81000000,2301.25000000,2280.10000000,2299.60000000,28378.65800000,2026-05-07 17:59:59.999,65018919.25845600,194136,10115.51260000,23176320.29893000,0
2026-05-07 18:00:00,2299.61000000,2304.00000000,2291.27000000,2296.19000000,23860.34860000,2026-05-07 18:59:59.999,54872377.83157100,164723,9549.64300000,21959350.33688600,0
2026-05-07 19:00:00,2296.18000000,2297.09000000,2287.88000000,2295.98000000,18517.28170000,2026-05-07 19:59:59.999,42462451.23635700,137463,7056.89570000,16181693.12541100,0
2026-05-07 20:00:00,2295.98000000,2302.57000000,2287.94000000,2289.10000000,34000.85840000,2026-05-07 20:59:59.999,77970274.85718800,124019,8009.05980000,18367518.97857000,0
2026-05-07 21:00:00,2289.10000000,2294.29000000,2281.29000000,2287.68000000,12799.08630000,2026-05-07 21:59:59.999,29297191.05055200,81792,4200.08120000,9616145.80732100,0
2026-05-07 22:00:00,2287.68000000,2290.24000000,2281.04000000,2287.03000000,16424.34290000,2026-05-07 22:59:59.999,37539429.39639000,123660,6111.60100000,13967354.76229600,0
2026-05-07 23:00:00,2287.03000000,2293.24000000,2286.11000000,2291.06000000,8871.10700000,2026-05-07 23:59:59.999,20313256.07878200,58340,3297.69320000,7551169.34474600,0
2026-05-08 00:00:00,2291.06000000,2294.28000000,2283.66000000,2286.83000000,9997.27810000,2026-05-08 00:59:59.999,22894296.05570700,73746,3533.56300000,8091862.46133900,0
2026-05-08 01:00:00,2286.83000000,2289.31000000,2280.28000000,2285.06000000,10079.19810000,2026-05-08 01:59:59.999,23029855.69388000,67196,3681.06880000,8410690.41064800,0
2026-05-08 02:00:00,2285.06000000,2285.71000000,2268.00000000,2279.15000000,18687.35910000,2026-05-08 02:59:59.999,42540032.07817700,140966,7496.23120000,17065163.42463300,0
2026-05-08 03:00:00,2279.15000000,2281.60000000,2265.61000000,2278.76000000,15605.19080000,2026-05-08 03:59:59.999,35493602.80543500,111373,5893.84150000,13407609.49118900,0
2026-05-08 04:00:00,2278.77000000,2284.54000000,2276.50000000,2281.63000000,9647.49550000,2026-05-08 04:59:59.999,22002758.38809000,58306,3664.62610000,8357449.73683100,0
2026-05-08 05:00:00,2281.63000000,2284.00000000,2275.97000000,2275.97000000,11633.25800000,2026-05-08 05:59:59.999,26526964.10294400,61406,3264.95020000,7445973.37483700,0
2026-05-08 06:00:00,2275.98000000,2278.50000000,2268.60000000,2275.22000000,31348.26990000,2026-05-08 06:59:59.999,71290150.71904500,111376,8251.65870000,18766601.27316800,0
2026-05-08 07:00:00,2275.23000000,2282.69000000,2267.15000000,2281.35000000,21264.44150000,2026-05-08 07:59:59.999,48391852.37411500,108552,12582.44410000,28640638.18948900,0
2026-05-08 08:00:00,2281.37000000,2289.13000000,2280.15000000,2283.56000000,17210.39140000,2026-05-08 08:59:59.999,39299093.12161700,75456,7557.95070000,17255035.75433000,0
2026-05-08 09:00:00,2283.56000000,2292.12000000,2280.35000000,2284.34000000,15015.73970000,2026-05-08 09:59:59.999,34324098.23863200,77890,6460.26120000,14768309.75519600,0
2026-05-08 10:00:00,2284.34000000,2290.96000000,2281.17000000,2287.94000000,15731.50780000,2026-05-08 10:59:59.999,35971017.46421300,88939,8720.16210000,19938127.29620900,0
2026-05-08 11:00:00,2287.95000000,2298.01000000,2287.95000000,2295.38000000,17761.49840000,2026-05-08 11:59:59.999,40711284.45827200,100806,11278.81860000,25851842.29040300,0
2026-05-08 12:00:00,2295.38000000,2302.00000000,2282.46000000,2284.53000000,16435.04080000,2026-05-08 12:59:59.999,37665433.47545200,120238,6535.01890000,14980540.26792700,0
2026-05-08 13:00:00,2284.53000000,2287.00000000,2269.96000000,2276.46000000,28468.80060000,2026-05-08 13:59:59.999,64817990.48703100,210503,11981.33300000,27275714.42279500,0
2026-05-08 14:00:00,2276.46000000,2292.66000000,2273.32000000,2285.72000000,25640.10370000,2026-05-08 14:59:59.999,58549124.90315600,237121,10655.32610000,24331322.52004700,0
2026-05-08 15:00:00,2285.72000000,2294.44000000,2274.94000000,2293.20000000,14657.39700000,2026-05-08 15:59:59.999,33468941.66977100,166821,6268.63250000,14320149.35229900,0
2026-05-08 16:00:00,2293.20000000,2294.37000000,2286.42000000,2289.93000000,13453.99680000,2026-05-08 16:59:59.999,30812953.86233400,113113,5715.05930000,13088250.54681600,0
2026-05-08 17:00:00,2289.93000000,2315.63000000,2289.39000000,2304.86000000,23598.57360000,2026-05-08 17:59:59.999,54386695.88467400,180787,11210.83390000,25837177.12335700,0
2026-05-08 18:00:00,2304.87000000,2321.22000000,2304.87000000,2313.49000000,19654.01220000,2026-05-08 18:59:59.999,45508868.19023200,123049,9308.98500000,21557292.45352800,0
2026-05-08 19:00:00,2313.49000000,2320.36000000,2312.48000000,2316.05000000,19777.93800000,2026-05-08 19:59:59.999,45811970.44136600,90240,6109.38930000,14150222.49503900,0
2026-05-08 20:00:00,2316.06000000,2317.00000000,2305.36000000,2306.65000000,26417.62090000,2026-05-08 20:59:59.999,61048867.47632000,73232,4837.00260000,11178334.14102200,0
2026-05-08 21:00:00,2306.64000000,2314.94000000,2304.21000000,2314.63000000,14078.50610000,2026-05-08 21:59:59.999,32519324.93204500,63932,4076.28670000,9415396.36906500,0
2026-05-08 22:00:00,2314.62000000,2319.15000000,2310.26000000,2310.98000000,12732.97210000,2026-05-08 22:59:59.999,29470879.39388000,64876,3313.54480000,7670897.61405600,0
2026-05-08 23:00:00,2310.98000000,2310.98000000,2303.19000000,2307.06000000,12138.56810000,2026-05-08 23:59:59.999,28003945.42569700,48132,2377.01120000,5483081.96703700,0
2026-05-09 00:00:00,2307.07000000,2312.03000000,2304.19000000,2308.55000000,11551.95400000,2026-05-09 00:59:59.999,26669474.30359600,50114,3295.75440000,7608942.70596300,0
2026-05-09 01:00:00,2308.55000000,2318.45000000,2308.23000000,2314.22000000,10857.77670000,2026-05-09 01:59:59.999,25117545.60849800,55141,4204.84660000,9729781.14448200,0
2026-05-09 02:00:00,2314.23000000,2320.30000000,2313.80000000,2317.07000000,9468.17300000,2026-05-09 02:59:59.999,21937423.19510900,47781,3714.64360000,8608034.07322100,0
2026-05-09 03:00:00,2317.07000000,2320.77000000,2312.60000000,2315.33000000,7290.81510000,2026-05-09 03:59:59.999,16886477.52856400,41969,2655.92490000,6151644.62087200,0
2026-05-09 04:00:00,2315.33000000,2325.33000000,2311.27000000,2312.35000000,27184.84100000,2026-05-09 04:59:59.999,62972776.73426200,85648,5641.80450000,13077120.28230000,0
2026-05-09 05:00:00,2312.35000000,2318.29000000,2310.90000000,2314.82000000,5918.43340000,2026-05-09 05:59:59.999,13702168.42425300,30901,2528.15830000,5853094.86827600,0
2026-05-09 06:00:00,2314.82000000,2319.59000000,2312.95000000,2314.35000000,10307.91160000,2026-05-09 06:59:59.999,23876788.47430900,47295,6630.31410000,15358198.04666600,0
2026-05-09 07:00:00,2314.35000000,2318.56000000,2311.34000000,2314.69000000,8349.90500000,2026-05-09 07:59:59.999,19333239.51191600,35350,4844.79050000,11217705.90704300,0
2026-05-09 08:00:00,2314.69000000,2320.53000000,2314.23000000,2317.16000000,8698.33080000,2026-05-09 08:59:59.999,20165312.90882900,36899,4639.83300000,10756191.90376800,0
2026-05-09 09:00:00,2317.16000000,2317.52000000,2311.37000000,2313.28000000,6746.95800000,2026-05-09 09:59:59.999,15612745.05891600,37116,2214.21560000,5123811.35760500,0
2026-05-09 10:00:00,2313.28000000,2315.03000000,2310.24000000,2312.50000000,4778.59190000,2026-05-09 10:59:59.999,11050569.00612100,26433,1418.41260000,3279977.43777000,0
2026-05-09 11:00:00,2312.49000000,2315.56000000,2312.49000000,2314.57000000,5435.84730000,2026-05-09 11:59:59.999,12580557.53214800,22168,1553.63740000,3595476.62634700,0
2026-05-09 12:00:00,2314.56000000,2318.27000000,2313.24000000,2316.54000000,5219.30630000,2026-05-09 12:59:59.999,12087954.89689900,32212,2076.21510000,4809221.05395900,0
2026-05-09 13:00:00,2316.54000000,2316.55000000,2311.69000000,2314.34000000,4773.33480000,2026-05-09 13:59:59.999,11046590.65809900,29425,1549.43180000,3585601.62007400,0
2026-05-09 14:00:00,2314.34000000,2315.32000000,2305.21000000,2308.27000000,8247.08320000,2026-05-09 14:59:59.999,19041403.71586600,68038,3645.83370000,8418668.16132000,0
2026-05-09 15:00:00,2308.27000000,2317.64000000,2300.00000000,2317.63000000,12866.05550000,2026-05-09 15:59:59.999,29724522.86847600,94092,7136.07810000,16493780.16675700,0
2026-05-09 16:00:00,2317.64000000,2325.28000000,2315.29000000,2319.99000000,15466.00990000,2026-05-09 16:59:59.999,35889365.38552600,96596,7795.39630000,18089952.25113800,0
2026-05-09 17:00:00,2320.00000000,2333.61000000,2320.00000000,2329.45000000,21099.49220000,2026-05-09 17:59:59.999,49154150.82797400,127927,9863.38510000,22974096.72658100,0
2026-05-09 18:00:00,2329.46000000,2338.37000000,2328.80000000,2330.22000000,11248.54600000,2026-05-09 18:59:59.999,26243194.10400600,77663,4469.88480000,10430468.15653800,0
2026-05-09 19:00:00,2330.23000000,2333.10000000,2326.54000000,2332.01000000,9103.60020000,2026-05-09 19:59:59.999,21208723.18678800,47404,3933.51990000,9164978.68886700,0
2026-05-09 20:00:00,2332.02000000,2332.81000000,2327.26000000,2329.18000000,5902.36180000,2026-05-09 20:59:59.999,13748495.15577200,35696,1491.37640000,3473951.75468100,0
2026-05-09 21:00:00,2329.17000000,2331.55000000,2328.62000000,2330.82000000,6093.51710000,2026-05-09 21:59:59.999,14198940.32529100,35666,1415.34950000,3297767.33393500,0
2026-05-09 22:00:00,2330.82000000,2333.47000000,2327.22000000,2329.89000000,6868.12510000,2026-05-09 22:59:59.999,16009045.70289900,45450,2326.45180000,5422624.42826800,0
2026-05-09 23:00:00,2329.89000000,2331.96000000,2324.70000000,2326.44000000,6954.18710000,2026-05-09 23:59:59.999,16184258.98175200,41641,1915.32230000,4457345.65108800,0
2026-05-10 00:00:00,2326.43000000,2329.71000000,2321.16000000,2323.89000000,7913.82340000,2026-05-10 00:59:59.999,18409453.61090900,53781,2391.14370000,5562161.39640700,0
2026-05-10 01:00:00,2323.90000000,2324.97000000,2318.33000000,2323.67000000,9455.72550000,2026-05-10 01:59:59.999,21952523.57087100,58121,2653.39450000,6159721.89684700,0
2026-05-10 02:00:00,2323.68000000,2328.00000000,2320.08000000,2327.94000000,7197.48560000,2026-05-10 02:59:59.999,16732924.42176900,43573,2395.45330000,5569613.84799100,0
2026-05-10 03:00:00,2327.94000000,2332.91000000,2323.70000000,2327.76000000,8711.10210000,2026-05-10 03:59:59.999,20282274.94170100,56005,3252.93510000,7575265.66306400,0
2026-05-10 04:00:00,2327.75000000,2330.98000000,2326.10000000,2328.27000000,7716.13430000,2026-05-10 04:59:59.999,17963303.60275000,48677,2287.08530000,5324714.90486900,0
2026-05-10 05:00:00,2328.28000000,2330.00000000,2326.51000000,2327.30000000,6244.92760000,2026-05-10 05:59:59.999,14540898.42226200,41591,1969.01170000,4584688.26450100,0
2026-05-10 06:00:00,2327.30000000,2330.75000000,2326.65000000,2329.30000000,6968.68380000,2026-05-10 06:59:59.999,16226772.53245200,38220,2475.95710000,5765186.60638900,0
2026-05-10 07:00:00,2329.31000000,2332.09000000,2327.36000000,2327.36000000,6034.60590000,2026-05-10 07:59:59.999,14056300.21561900,33941,1785.99750000,4160520.81803500,0
2026-05-10 08:00:00,2327.36000000,2331.83000000,2326.16000000,2330.15000000,7669.50070000,2026-05-10 08:59:59.999,17865537.95472600,42701,3176.80050000,7400026.94072400,0
2026-05-10 09:00:00,2330.16000000,2333.59000000,2326.92000000,2328.22000000,6313.07100000,2026-05-10 09:59:59.999,14708702.36820400,41172,1790.74650000,4172923.36818400,0
2026-05-10 10:00:00,2328.23000000,2328.82000000,2323.38000000,2325.46000000,7346.51570000,2026-05-10 10:59:59.999,17083076.88569400,52947,2211.60820000,5142559.04217900,0
2026-05-10 11:00:00,2325.46000000,2327.42000000,2319.00000000,2322.58000000,7550.91180000,2026-05-10 11:59:59.999,17539401.66156200,47837,2701.74970000,6276293.63617800,0
2026-05-10 12:00:00,2322.59000000,2325.35000000,2320.87000000,2324.12000000,5841.89520000,2026-05-10 12:59:59.999,13573329.15331400,38718,1878.09590000,4363598.43312000,0
2026-05-10 13:00:00,2324.12000000,2331.99000000,2323.28000000,2329.80000000,11818.96590000,2026-05-10 13:59:59.999,27524007.29510000,62292,4587.09540000,10681436.60177700,0
2026-05-10 14:00:00,2329.80000000,2335.00000000,2326.94000000,2330.90000000,11780.75080000,2026-05-10 14:59:59.999,27449997.63932900,60578,3770.18460000,8787100.53047500,0
2026-05-10 15:00:00,2330.90000000,2351.66000000,2330.90000000,2347.56000000,22485.36560000,2026-05-10 15:59:59.999,52629896.68535700,139374,11775.69670000,27577577.03530300,0
2026-05-10 16:00:00,2347.56000000,2350.85000000,2340.11000000,2350.00000000,17749.15020000,2026-05-10 16:59:59.999,41671208.96237400,96283,10846.86610000,25470375.16541100,0
2026-05-10 17:00:00,2349.99000000,2368.00000000,2345.40000000,2364.10000000,114535.23660000,2026-05-10 17:59:59.999,269221554.92523600,183246,97017.83420000,227982798.60586700,0
2026-05-10 18:00:00,2364.11000000,2366.79000000,2356.63000000,2358.54000000,11161.52800000,2026-05-10 18:59:59.999,26366068.02504300,71144,5143.66630000,12148817.33160800,0
2026-05-10 19:00:00,2358.53000000,2366.79000000,2351.25000000,2365.54000000,10978.64510000,2026-05-10 19:59:59.999,25927065.77451800,81958,5751.81780000,13584206.81315400,0
2026-05-10 20:00:00,2365.54000000,2369.86000000,2311.83000000,2328.76000000,30933.28060000,2026-05-10 20:59:59.999,72372904.47818000,281087,12467.15900000,29180463.58079300,0
2026-05-10 21:00:00,2328.76000000,2336.85000000,2324.02000000,2330.80000000,15363.92270000,2026-05-10 21:59:59.999,35820451.06667800,156445,6798.53190000,15852378.35342100,0
2026-05-10 22:00:00,2330.79000000,2377.64000000,2327.92000000,2373.78000000,33668.53410000,2026-05-10 22:59:59.999,79450204.61499100,340618,18089.77040000,42677582.51013200,0
2026-05-10 23:00:00,2373.78000000,2382.53000000,2367.95000000,2371.27000000,22683.10010000,2026-05-10 23:59:59.999,53910395.61924000,202440,11902.73060000,28296289.85113200,0
2026-05-11 00:00:00,2371.26000000,2374.92000000,2344.59000000,2352.35000000,19323.69840000,2026-05-11 00:59:59.999,45562327.16089300,220691,8214.39400000,19369446.72813000,0
2026-05-11 01:00:00,2352.36000000,2365.58000000,2345.33000000,2358.54000000,9293.83150000,2026-05-11 01:59:59.999,21915224.80151500,155018,4971.70060000,11723886.36864500,0
2026-05-11 02:00:00,2358.54000000,2360.79000000,2343.38000000,2345.39000000,9280.18670000,2026-05-11 02:59:59.999,21794583.38559100,126011,3777.66530000,8872773.37532600,0
2026-05-11 03:00:00,2345.40000000,2345.40000000,2320.01000000,2330.56000000,22426.55500000,2026-05-11 03:59:59.999,52244002.23121400,176953,9788.87540000,22798720.03606200,0
2026-05-11 04:00:00,2330.56000000,2335.99000000,2326.66000000,2332.85000000,10862.77750000,2026-05-11 04:59:59.999,25329497.99466900,81509,4897.90020000,11420702.82797800,0
2026-05-11 05:00:00,2332.85000000,2340.49000000,2332.05000000,2335.30000000,9834.66590000,2026-05-11 05:59:59.999,22974822.67912000,61644,4315.03790000,10080236.40123900,0
2026-05-11 06:00:00,2335.29000000,2342.44000000,2330.05000000,2333.48000000,9215.66800000,2026-05-11 06:59:59.999,21529577.84530900,73859,3432.75930000,8022618.53506800,0
2026-05-11 07:00:00,2333.49000000,2333.49000000,2328.25000000,2330.54000000,5396.16460000,2026-05-11 07:59:59.999,12575474.81444100,56787,1984.58820000,4624781.97498000,0
2026-05-11 08:00:00,2330.55000000,2334.66000000,2326.66000000,2330.48000000,7149.02020000,2026-05-11 08:59:59.999,16666158.85385600,76466,3449.14120000,8041378.90234500,0
2026-05-11 09:00:00,2330.48000000,2338.61000000,2330.26000000,2336.08000000,4110.15030000,2026-05-11 09:59:59.999,9599254.97051200,57588,2192.55330000,5120554.32183000,0
2026-05-11 10:00:00,2336.07000000,2339.90000000,2329.93000000,2329.94000000,5470.28460000,2026-05-11 10:59:59.999,12775754.03628100,68891,2160.47390000,5046845.07146200,0
2026-05-11 11:00:00,2329.93000000,2335.80000000,2327.43000000,2335.80000000,4609.63100000,2026-05-11 11:59:59.999,10754554.44344600,59745,1662.70520000,3879487.97785600,0
2026-05-11 12:00:00,2335.80000000,2338.89000000,2328.79000000,2329.50000000,7140.95350000,2026-05-11 12:59:59.999,16663887.38766500,92722,2960.58010000,6908448.37175100,0
2026-05-11 13:00:00,2329.51000000,2332.86000000,2314.77000000,2322.32000000,15820.00730000,2026-05-11 13:59:59.999,36752625.32236200,185730,6487.56150000,15073088.98880800,0
2026-05-11 14:00:00,2322.31000000,2328.80000000,2304.00000000,2316.48000000,18307.60630000,2026-05-11 14:59:59.999,42391952.79707700,225113,7603.41410000,17610218.73887600,0
2026-05-11 15:00:00,2316.48000000,2335.60000000,2313.40000000,2333.48000000,13019.65860000,2026-05-11 15:59:59.999,30299587.69766700,160383,6344.85920000,14767306.84800900,0
2026-05-11 16:00:00,2333.48000000,2341.21000000,2327.38000000,2329.78000000,15011.53990000,2026-05-11 16:59:59.999,35063767.03935600,172499,6312.44040000,14747993.38647500,0
2026-05-11 17:00:00,2329.79000000,2343.83000000,2323.68000000,2336.71000000,10465.53710000,2026-05-11 17:59:59.999,24411851.68165400,111209,4783.85450000,11158326.18389800,0
2026-05-11 18:00:00,2336.71000000,2344.35000000,2334.55000000,2335.35000000,10798.42890000,2026-05-11 18:59:59.999,25271486.00526500,94084,4405.10170000,10309638.87587400,0
2026-05-11 19:00:00,2335.35000000,2344.00000000,2331.92000000,2340.43000000,7110.35870000,2026-05-11 19:59:59.999,16631705.81227600,79377,2960.99470000,6927309.48553600,0
2026-05-11 20:00:00,2340.44000000,2345.44000000,2336.27000000,2338.15000000,7593.57020000,2026-05-11 20:59:59.999,17768348.43577200,78928,3116.63060000,7292406.82615000,0
2026-05-11 21:00:00,2338.16000000,2342.49000000,2336.36000000,2340.71000000,5121.32530000,2026-05-11 21:59:59.999,11981546.88276500,57670,2637.86160000,6170947.22991700,0
2026-05-11 22:00:00,2340.71000000,2345.68000000,2336.63000000,2341.43000000,5867.56760000,2026-05-11 22:59:59.999,13738159.36478400,69970,3124.03310000,7314736.74919800,0
2026-05-11 23:00:00,2341.43000000,2342.23000000,2335.08000000,2339.87000000,3732.86810000,2026-05-11 23:59:59.999,8731912.60943300,51746,1905.07720000,4456385.70472900,0
2026-05-12 00:00:00,2339.88000000,2340.85000000,2332.13000000,2333.54000000,5083.89580000,2026-05-12 00:59:59.999,11873743.97203300,68984,2779.42490000,6491948.33140900,0
2026-05-12 01:00:00,2333.54000000,2335.66000000,2295.01000000,2311.41000000,27250.34840000,2026-05-12 01:59:59.999,62985980.88128300,227497,12153.80700000,28100334.23909900,0
2026-05-12 02:00:00,2311.40000000,2317.00000000,2307.20000000,2315.89000000,8716.19700000,2026-05-12 02:59:59.999,20159087.83422400,85533,4696.55640000,10863306.92041300,0
2026-05-12 03:00:00,2315.89000000,2317.31000000,2307.20000000,2309.37000000,5742.04840000,2026-05-12 03:59:59.999,13276370.15697200,60491,2247.14670000,5196921.63588900,0
2026-05-12 04:00:00,2309.36000000,2314.49000000,2305.65000000,2310.92000000,5344.51110000,2026-05-12 04:59:59.999,12349072.34155300,41814,2042.76210000,4720243.93884200,0
2026-05-12 05:00:00,2310.92000000,2314.08000000,2309.74000000,2310.12000000,6159.88590000,2026-05-12 05:59:59.999,14240763.38633300,35706,2165.59580000,5007012.32937400,0
2026-05-12 06:00:00,2310.13000000,2313.84000000,2302.63000000,2303.89000000,8109.01350000,2026-05-12 06:59:59.999,18715669.76365100,59751,2948.88360000,6805227.42853600,0
2026-05-12 07:00:00,2303.90000000,2304.82000000,2291.63000000,2295.20000000,15768.30220000,2026-05-12 07:59:59.999,36246126.74632100,95861,6809.47290000,15652221.04174400,0
2026-05-12 08:00:00,2295.20000000,2296.27000000,2280.00000000,2288.01000000,25800.43160000,2026-05-12 08:59:59.999,59033653.74747900,133264,12297.83680000,28137275.98479100,0
2026-05-12 09:00:00,2288.00000000,2295.30000000,2281.10000000,2292.84000000,11101.25730000,2026-05-12 09:59:59.999,25386705.56259800,84892,6040.64380000,13813715.31881600,0
2026-05-12 10:00:00,2292.84000000,2293.88000000,2281.42000000,2286.20000000,14416.28190000,2026-05-12 10:59:59.999,32959155.62256300,79412,5863.00270000,13403501.59483700,0
2026-05-12 11:00:00,2286.21000000,2287.09000000,2278.57000000,2287.01000000,9074.82740000,2026-05-12 11:59:59.999,20722649.91555900,102041,4108.33260000,9383396.74279400,0
2026-05-12 12:00:00,2287.02000000,2294.01000000,2281.14000000,2288.97000000,10709.24510000,2026-05-12 12:59:59.999,24500353.25207800,144585,5097.56850000,11662594.94051800,0
2026-05-12 13:00:00,2288.97000000,2292.51000000,2268.88000000,2271.99000000,17980.85570000,2026-05-12 13:59:59.999,40993019.50085300,229234,6918.34010000,15775332.60299500,0
2026-05-12 14:00:00,2271.99000000,2281.89000000,2262.37000000,2269.18000000,18461.40510000,2026-05-12 14:59:59.999,41949082.04425700,251894,8610.45260000,19571373.02571700,0
2026-05-12 15:00:00,2269.18000000,2274.38000000,2256.67000000,2261.85000000,16513.77230000,2026-05-12 15:59:59.999,37378596.79531500,203062,6498.12110000,14710974.87216000,0
2026-05-12 16:00:00,2261.86000000,2271.24000000,2256.27000000,2263.83000000,11372.99980000,2026-05-12 16:59:59.999,25747857.65896000,161576,5204.78000000,11784684.97557600,0
2026-05-12 17:00:00,2263.83000000,2278.00000000,2263.83000000,2276.59000000,6397.29530000,2026-05-12 17:59:59.999,14541177.68825200,97766,3343.41300000,7598339.32121600,0
2026-05-12 18:00:00,2276.60000000,2284.60000000,2274.67000000,2279.30000000,6729.21040000,2026-05-12 18:59:59.999,15337931.06553100,79823,3393.80650000,7736144.42134100,0
2026-05-12 19:00:00,2279.31000000,2287.43000000,2279.15000000,2285.09000000,5237.42830000,2026-05-12 19:59:59.999,11963318.21694400,69778,2697.53540000,6161206.38874000,0
2026-05-12 20:00:00,2285.10000000,2287.39000000,2281.32000000,2285.04000000,3679.29570000,2026-05-12 20:59:59.999,8405377.04705200,44593,1402.61330000,3203955.39663100,0
2026-05-12 21:00:00,2285.05000000,2287.64000000,2282.81000000,2285.40000000,3407.41660000,2026-05-12 21:59:59.999,7787457.17783800,43095,1671.00790000,3818903.38619500,0
2026-05-12 22:00:00,2285.41000000,2291.37000000,2282.24000000,2282.34000000,4370.61330000,2026-05-12 22:59:59.999,9995778.50736100,61260,1844.11920000,4219105.63038100,0
2026-05-12 23:00:00,2282.34000000,2284.18000000,2273.88000000,2274.96000000,5554.57010000,2026-05-12 23:59:59.999,12656030.91245400,58469,1725.07180000,3930822.41404100,0
2026-05-13 00:00:00,2274.97000000,2286.79000000,2273.34000000,2281.56000000,4782.35350000,2026-05-13 00:59:59.999,10911891.25426400,87489,2338.68690000,5336390.34239900,0
2026-05-13 01:00:00,2281.56000000,2295.29000000,2280.99000000,2289.98000000,8336.96210000,2026-05-13 01:59:59.999,19094882.21963300,118169,4392.65970000,10059996.15926500,0
2026-05-13 02:00:00,2289.99000000,2299.89000000,2286.96000000,2293.99000000,6723.59220000,2026-05-13 02:59:59.999,15425271.31440200,88675,3287.62020000,7543881.39039800,0
2026-05-13 03:00:00,2293.99000000,2303.77000000,2292.44000000,2301.77000000,5786.80430000,2026-05-13 03:59:59.999,13301837.30108200,76347,3072.48100000,7062304.82150900,0
2026-05-13 04:00:00,2301.76000000,2309.00000000,2298.47000000,2306.67000000,5667.69910000,2026-05-13 04:59:59.999,13056613.99771600,66128,2820.16290000,6497318.79011100,0
2026-05-13 05:00:00,2306.68000000,2307.48000000,2295.63000000,2297.76000000,6007.47380000,2026-05-13 05:59:59.999,13826723.14503300,47726,1445.74660000,3326779.93915300,0
2026-05-13 06:00:00,2297.77000000,2305.13000000,2297.26000000,2301.84000000,4402.67540000,2026-05-13 06:59:59.999,10137685.86000800,49011,2484.05300000,5719915.73472400,0
2026-05-13 07:00:00,2301.84000000,2303.03000000,2296.95000000,2301.07000000,4164.75970000,2026-05-13 07:59:59.999,9577542.97744200,41774,1896.37440000,4361247.36978800,0
2026-05-13 08:00:00,2301.07000000,2316.96000000,2300.73000000,2316.64000000,11302.72900000,2026-05-13 08:59:59.999,26103563.93831600,88020,6952.18270000,16053757.66541200,0
2026-05-13 09:00:00,2316.65000000,2323.36000000,2314.45000000,2321.19000000,12175.56180000,2026-05-13 09:59:59.999,28246576.72155100,77088,6711.87400000,15570693.61807400,0
2026-05-13 10:00:00,2321.18000000,2321.60000000,2305.55000000,2308.46000000,7214.56200000,2026-05-13 10:59:59.999,16681091.63587700,69442,3130.01890000,7235661.05314900,0
2026-05-13 11:00:00,2308.46000000,2308.91000000,2299.00000000,2301.82000000,8961.86030000,2026-05-13 11:59:59.999,20639693.83715800,99884,5217.34860000,12017184.42959900,0
2026-05-13 12:00:00,2301.83000000,2307.54000000,2270.01000000,2284.35000000,21804.24650000,2026-05-13 12:59:59.999,49851597.66276400,220286,9550.02500000,21852190.43372500,0
2026-05-13 13:00:00,2284.35000000,2288.31000000,2258.51000000,2262.80000000,25468.68090000,2026-05-13 13:59:59.999,57825809.13350100,201349,12253.18160000,27824594.36893000,0
2026-05-13 14:00:00,2262.80000000,2270.97000000,2251.05000000,2267.39000000,23727.93780000,2026-05-13 14:59:59.999,53692991.95653200,138193,12466.71130000,28209512.84580800,0
2026-05-13 15:00:00,2267.39000000,2270.25000000,2234.13000000,2236.49000000,30418.87820000,2026-05-13 15:59:59.999,68427499.60890800,178651,11656.41960000,26228898.13203800,0
2026-05-13 16:00:00,2236.48000000,2253.35000000,2235.48000000,2250.75000000,23968.62560000,2026-05-13 16:59:59.999,53793061.21131300,123038,12625.69940000,28337170.88520000,0
2026-05-13 17:00:00,2250.75000000,2261.77000000,2250.75000000,2258.31000000,9344.96910000,2026-05-13 17:59:59.999,21091321.72685200,70121,4246.82980000,9583662.80268100,0
2026-05-13 18:00:00,2258.32000000,2268.49000000,2258.32000000,2259.68000000,14360.44090000,2026-05-13 18:59:59.999,32508952.32627200,75000,7211.27870000,16326117.98637800,0
2026-05-13 19:00:00,2259.67000000,2260.71000000,2250.56000000,2256.53000000,7585.25440000,2026-05-13 19:59:59.999,17108366.36805100,59283,2796.65940000,6307973.31473900,0
2026-05-13 20:00:00,2256.53000000,2264.46000000,2256.43000000,2263.75000000,4878.86970000,2026-05-13 20:59:59.999,11027543.27630300,37703,2421.44830000,5472869.07570000,0
2026-05-13 21:00:00,2263.76000000,2264.07000000,2253.70000000,2255.79000000,3683.17320000,2026-05-13 21:59:59.999,8313398.04020800,39167,1391.38000000,3140159.98203400,0
2026-05-13 22:00:00,2255.80000000,2260.55000000,2251.00000000,2259.60000000,4213.45890000,2026-05-13 22:59:59.999,9503010.51284600,51535,2007.06470000,4527027.18134300,0
2026-05-13 23:00:00,2259.59000000,2261.79000000,2254.83000000,2258.65000000,3474.16150000,2026-05-13 23:59:59.999,7847776.39584600,41521,1804.45440000,4076344.31136600,0
2026-05-14 00:00:00,2258.66000000,2269.37000000,2258.14000000,2266.58000000,6486.75700000,2026-05-14 00:59:59.999,14696989.33086600,76842,3334.65890000,7553858.62727600,0
2026-05-14 01:00:00,2266.58000000,2269.37000000,2259.90000000,2264.91000000,4348.59640000,2026-05-14 01:59:59.999,9848223.71469400,74245,1765.87140000,3999060.30245300,0
2026-05-14 02:00:00,2264.90000000,2266.75000000,2247.71000000,2251.53000000,8195.26170000,2026-05-14 02:59:59.999,18516751.66276800,77284,2167.63360000,4896130.08834200,0
2026-05-14 03:00:00,2251.54000000,2255.00000000,2238.64000000,2242.14000000,9365.14620000,2026-05-14 03:59:59.999,21027677.67056900,135947,3959.19770000,8893007.50538100,0
2026-05-14 04:00:00,2242.14000000,2258.25000000,2239.54000000,2256.70000000,5139.32020000,2026-05-14 04:59:59.999,11573317.32787600,63985,3036.15380000,6836690.40673300,0
2026-05-14 05:00:00,2256.69000000,2273.71000000,2255.53000000,2268.44000000,10348.16300000,2026-05-14 05:59:59.999,23435916.81026500,95075,5925.44070000,13423431.75359500,0
2026-05-14 06:00:00,2268.44000000,2275.20000000,2266.86000000,2267.71000000,8095.97770000,2026-05-14 06:59:59.999,18385282.65130000,75696,3686.76620000,8372863.53305300,0
2026-05-14 07:00:00,2267.72000000,2270.79000000,2263.88000000,2265.48000000,5020.07280000,2026-05-14 07:59:59.999,11384964.27846900,51095,2743.70040000,6223129.56985000,0
2026-05-14 08:00:00,2265.49000000,2270.99000000,2262.05000000,2266.36000000,7411.15370000,2026-05-14 08:59:59.999,16800379.58015900,59227,4035.54990000,9148906.06472400,0
2026-05-14 09:00:00,2266.35000000,2267.72000000,2252.76000000,2257.80000000,8310.43770000,2026-05-14 09:59:59.999,18784676.68616900,76573,4120.71960000,9315423.48248100,0
2026-05-14 10:00:00,2257.80000000,2265.51000000,2255.84000000,2262.14000000,7115.75910000,2026-05-14 10:59:59.999,16089879.47361500,80787,3746.56550000,8471825.55637800,0
2026-05-14 11:00:00,2262.13000000,2264.00000000,2252.53000000,2253.81000000,8187.75990000,2026-05-14 11:59:59.999,18479610.29347000,72815,5202.87480000,11743342.59910900,0
2026-05-14 12:00:00,2253.81000000,2263.24000000,2248.00000000,2261.48000000,8236.37440000,2026-05-14 12:59:59.999,18584335.95444800,101965,3760.17560000,8484862.81890400,0
2026-05-14 13:00:00,2261.48000000,2265.32000000,2248.43000000,2249.42000000,15476.06020000,2026-05-14 13:59:59.999,34937176.45746800,200004,6197.66140000,13992187.00871900,0
2026-05-14 14:00:00,2249.42000000,2289.00000000,2246.13000000,2286.99000000,22674.60060000,2026-05-14 14:59:59.999,51511942.65141100,270672,13311.63800000,30245581.89003500,0
2026-05-14 15:00:00,2287.00000000,2299.70000000,2280.63000000,2298.48000000,22364.74920000,2026-05-14 15:59:59.999,51206716.80897800,204381,11177.88140000,25601747.19902300,0
2026-05-14 16:00:00,2298.48000000,2318.66000000,2293.96000000,2316.36000000,28595.75390000,2026-05-14 16:59:59.999,65938238.55002200,250073,15856.31590000,36573465.36478800,0
2026-05-14 17:00:00,2316.35000000,2319.33000000,2296.57000000,2308.18000000,20630.79280000,2026-05-14 17:59:59.999,47621166.06235200,245246,9533.06770000,22007535.47803100,0
2026-05-14 18:00:00,2308.17000000,2316.78000000,2303.00000000,2309.63000000,11885.17140000,2026-05-14 18:59:59.999,27471219.69269200,122356,6161.94120000,14244091.84747000,0
2026-05-14 19:00:00,2309.64000000,2312.22000000,2297.50000000,2298.34000000,10168.44990000,2026-05-14 19:59:59.999,23420738.58600100,105489,4176.21350000,9618269.86475100,0
2026-05-14 20:00:00,2298.34000000,2301.43000000,2288.70000000,2298.08000000,8543.81950000,2026-05-14 20:59:59.999,19597729.07463400,91649,3928.09090000,9012787.19815100,0
2026-05-14 21:00:00,2298.08000000,2300.27000000,2290.00000000,2297.19000000,6869.12930000,2026-05-14 21:59:59.999,15769403.49938100,61260,4147.04380000,9520945.52784600,0
2026-05-14 22:00:00,2297.20000000,2301.67000000,2295.20000000,2298.16000000,4426.49120000,2026-05-14 22:59:59.999,10173315.04426200,59129,2427.27840000,5578800.09528800,0
2026-05-14 23:00:00,2298.16000000,2298.16000000,2280.18000000,2283.25000000,8785.03810000,2026-05-14 23:59:59.999,20113056.73555100,78612,3349.91760000,7671386.24944500,0
2026-05-15 00:00:00,2283.26000000,2300.29000000,2281.78000000,2291.39000000,9357.08660000,2026-05-15 00:59:59.999,21433842.81391700,119172,4470.28910000,10239076.17262600,0
2026-05-15 01:00:00,2291.39000000,2294.74000000,2274.06000000,2275.45000000,14053.43480000,2026-05-15 01:59:59.999,32093708.58617700,129530,3715.17010000,8487862.47410300,0
2026-05-15 02:00:00,2275.46000000,2279.26000000,2260.45000000,2276.37000000,21187.19740000,2026-05-15 02:59:59.999,48087551.78799500,167740,6337.32100000,14386682.87613800,0
2026-05-15 03:00:00,2276.37000000,2279.64000000,2267.98000000,2273.34000000,12349.30000000,2026-05-15 03:59:59.999,28075451.62588400,82915,2747.08770000,6244939.92005700,0
2026-05-15 04:00:00,2273.35000000,2273.91000000,2262.74000000,2263.33000000,5390.79150000,2026-05-15 04:59:59.999,12227413.53606900,72287,2136.99030000,4848199.47879900,0
2026-05-15 05:00:00,2263.33000000,2267.00000000,2237.95000000,2245.41000000,25297.90030000,2026-05-15 05:59:59.999,56916319.26071300,190274,9763.94360000,21964433.16739400,0
2026-05-15 06:00:00,2245.40000000,2256.92000000,2243.80000000,2255.35000000,8254.69430000,2026-05-15 06:59:59.999,18582805.24738200,97395,4264.94350000,9601477.51518300,0
2026-05-15 07:00:00,2255.36000000,2271.64000000,2253.63000000,2265.11000000,11363.63770000,2026-05-15 07:59:59.999,25732894.79683300,90084,5998.19050000,13582069.53742200,0
2026-05-15 08:00:00,2265.11000000,2265.42000000,2250.00000000,2257.56000000,10928.00660000,2026-05-15 08:59:59.999,24668468.71535200,109589,5358.35130000,12095798.15416400,0
2026-05-15 09:00:00,2257.56000000,2260.00000000,2250.82000000,2254.50000000,5542.76330000,2026-05-15 09:59:59.999,12500424.17203900,85415,2781.04760000,6272423.34757300,0
2026-05-15 10:00:00,2254.50000000,2264.49000000,2252.35000000,2262.44000000,7868.50400000,2026-05-15 10:59:59.999,17768064.67912500,94920,4104.49420000,9267222.09526300,0
2026-05-15 11:00:00,2262.44000000,2263.95000000,2257.26000000,2257.57000000,6432.37800000,2026-05-15 11:59:59.999,14535738.69306800,58824,3180.43160000,7187024.28769100,0
2026-05-15 12:00:00,2257.56000000,2260.72000000,2251.14000000,2254.29000000,7355.91210000,2026-05-15 12:59:59.999,16591278.57896500,92007,3159.97520000,7127551.49948800,0
2026-05-15 13:00:00,2254.29000000,2254.29000000,2210.31000000,2213.68000000,42412.99390000,2026-05-15 13:59:59.999,94582856.39288000,407955,16735.73020000,37303530.42080100,0
2026-05-15 14:00:00,2213.69000000,2223.79000000,2205.11000000,2213.35000000,36623.71700000,2026-05-15 14:59:59.999,81078949.20255900,368852,16372.90680000,36254244.99669200,0
2026-05-15 15:00:00,2213.35000000,2223.96000000,2209.79000000,2222.85000000,11937.23920000,2026-05-15 15:59:59.999,26467640.61299000,180391,6861.94110000,15215704.19598700,0
2026-05-15 16:00:00,2222.86000000,2231.11000000,2218.90000000,2224.59000000,11576.29530000,2026-05-15 16:59:59.999,25753772.49060600,128623,5941.36670000,13220044.38981100,0
2026-05-15 17:00:00,2224.59000000,2232.88000000,2224.26000000,2229.47000000,8834.43470000,2026-05-15 17:59:59.999,19685729.05596200,93200,4716.73490000,10510110.31718200,0
2026-05-15 18:00:00,2229.47000000,2232.86000000,2224.97000000,2228.36000000,6715.79590000,2026-05-15 18:59:59.999,14967878.56084100,99202,3638.44360000,8109650.84253400,0
2026-05-15 19:00:00,2228.35000000,2228.42000000,2222.27000000,2223.35000000,5728.01310000,2026-05-15 19:59:59.999,12744214.69197800,83149,2360.91310000,5252640.38111800,0
2026-05-15 20:00:00,2223.35000000,2226.13000000,2216.99000000,2220.14000000,6208.49650000,2026-05-15 20:59:59.999,13790929.90818300,76649,2582.08790000,5735903.74449900,0
2026-05-15 21:00:00,2220.13000000,2225.08000000,2215.00000000,2216.99000000,5279.62430000,2026-05-15 21:59:59.999,11720595.58888800,63949,2073.96420000,4604809.86352400,0
2026-05-15 22:00:00,2217.00000000,2225.01000000,2216.99000000,2224.18000000,5017.08960000,2026-05-15 22:59:59.999,11151116.03793400,45113,2273.87000000,5052596.03161400,0
2026-05-15 23:00:00,2224.18000000,2226.29000000,2222.88000000,2224.66000000,2821.24460000,2026-05-15 23:59:59.999,6276227.87597800,40073,1607.83770000,3576800.09873200,0
2026-05-16 00:00:00,2224.65000000,2231.51000000,2223.81000000,2227.00000000,3301.80640000,2026-05-16 00:59:59.999,7357569.46436500,44128,1952.87460000,4351739.19676600,0
2026-05-16 01:00:00,2226.99000000,2230.85000000,2223.53000000,2229.62000000,2980.28520000,2026-05-16 01:59:59.999,6637471.67309700,50694,1379.81430000,3073570.85111800,0
2026-05-16 02:00:00,2229.62000000,2231.50000000,2227.00000000,2229.91000000,2565.15920000,2026-05-16 02:59:59.999,5718943.89391400,40202,1511.98010000,3371088.51870800,0
2026-05-16 03:00:00,2229.91000000,2230.64000000,2227.11000000,2228.01000000,2329.58100000,2026-05-16 03:59:59.999,5193681.86405100,30319,1144.33900000,2551353.15860900,0
2026-05-16 04:00:00,2228.00000000,2228.96000000,2218.35000000,2225.98000000,4171.07140000,2026-05-16 04:59:59.999,9275084.56693900,46542,1958.18710000,4354830.15534200,0
2026-05-16 05:00:00,2225.99000000,2227.13000000,2222.69000000,2225.37000000,2311.45520000,2026-05-16 05:59:59.999,5144305.63182200,32976,1206.68590000,2685535.68854300,0
2026-05-16 06:00:00,2225.38000000,2226.89000000,2209.70000000,2215.45000000,8055.16700000,2026-05-16 06:59:59.999,17866106.51384000,88357,3930.81390000,8720025.00956300,0
2026-05-16 07:00:00,2215.46000000,2215.81000000,2182.00000000,2194.81000000,38322.88800000,2026-05-16 07:59:59.999,84052736.34934400,246083,18394.80060000,40312366.78386100,0
2026-05-16 08:00:00,2194.81000000,2196.87000000,2192.01000000,2193.26000000,6028.14630000,2026-05-16 08:59:59.999,13229698.42045200,55773,2449.99990000,5377511.37487600,0
2026-05-16 09:00:00,2193.26000000,2193.85000000,2162.60000000,2173.57000000,27888.78430000,2026-05-16 09:59:59.999,60639159.61412200,208851,11352.22410000,24667284.79680500,0
2026-05-16 10:00:00,2173.57000000,2175.00000000,2162.55000000,2173.85000000,18882.44850000,2026-05-16 10:59:59.999,40978125.64695500,126254,7136.79530000,15487695.04767400,0
2026-05-16 11:00:00,2173.85000000,2181.00000000,2173.85000000,2176.10000000,13389.52100000,2026-05-16 11:59:59.999,29163346.66681400,64286,7507.45560000,16352809.36745200,0
2026-05-16 12:00:00,2176.11000000,2179.26000000,2173.18000000,2176.50000000,8013.18970000,2026-05-16 12:59:59.999,17438601.99990700,50242,4274.01890000,9301047.50187700,0
2026-05-16 13:00:00,2176.50000000,2180.00000000,2172.30000000,2177.12000000,8775.79860000,2026-05-16 13:59:59.999,19097257.44511000,58301,3994.05830000,8690161.09633600,0
2026-05-16 14:00:00,2177.12000000,2188.16000000,2173.51000000,2179.93000000,11130.76090000,2026-05-16 14:59:59.999,24244076.96989600,77598,5256.81580000,11455125.72705300,0
2026-05-16 15:00:00,2179.92000000,2183.79000000,2176.90000000,2180.00000000,10245.23400000,2026-05-16 15:59:59.999,22339180.34383700,57395,3522.69240000,7681745.73924400,0
2026-05-16 16:00:00,2180.00000000,2183.52000000,2170.50000000,2174.11000000,13727.57610000,2026-05-16 16:59:59.999,29874464.64206800,70549,4788.19990000,10421432.02997900,0
2026-05-16 17:00:00,2174.11000000,2180.79000000,2174.11000000,2178.91000000,3445.35750000,2026-05-16 17:59:59.999,7503786.85440900,33672,1950.39220000,4247856.55756200,0
2026-05-16 18:00:00,2178.91000000,2185.22000000,2176.36000000,2181.35000000,3877.53290000,2026-05-16 18:59:59.999,8453982.29217000,32837,2788.51350000,6079900.41603700,0
2026-05-16 19:00:00,2181.35000000,2182.77000000,2179.23000000,2179.57000000,2125.66200000,2026-05-16 19:59:59.999,4635704.81007600,24596,1224.18600000,2669791.92761000,0
2026-05-16 20:00:00,2179.57000000,2182.90000000,2179.57000000,2181.45000000,1871.61780000,2026-05-16 20:59:59.999,4083090.88175100,24351,1110.90030000,2423460.83023300,0
2026-05-16 21:00:00,2181.45000000,2183.54000000,2180.94000000,2182.39000000,1877.71500000,2026-05-16 21:59:59.999,4097707.71860300,23733,1043.11160000,2276369.91791100,0
2026-05-16 22:00:00,2182.39000000,2183.28000000,2179.77000000,2180.47000000,1852.32980000,2026-05-16 22:59:59.999,4040830.26645000,27488,822.69780000,1794783.80538400,0
2026-05-16 23:00:00,2180.46000000,2183.03000000,2179.35000000,2180.77000000,2119.48830000,2026-05-16 23:59:59.999,4623032.53735400,26656,1040.74200000,2270100.55300700,0
2026-05-17 00:00:00,2180.77000000,2185.60000000,2174.08000000,2177.59000000,4798.11360000,2026-05-17 00:59:59.999,10460178.95651000,50492,1909.23960000,4165069.95855200,0
2026-05-17 01:00:00,2177.60000000,2183.60000000,2167.98000000,2169.18000000,9613.59510000,2026-05-17 01:59:59.999,20898683.20088200,94540,4705.22960000,10227574.54851500,0
2026-05-17 02:00:00,2169.17000000,2176.25000000,2169.17000000,2174.50000000,3805.47050000,2026-05-17 02:59:59.999,8271802.04577900,54990,2190.81510000,4761831.31587400,0
2026-05-17 03:00:00,2174.51000000,2184.50000000,2174.26000000,2181.70000000,4100.26570000,2026-05-17 03:59:59.999,8937846.78061600,47463,2358.47410000,5140973.00166500,0
2026-05-17 04:00:00,2181.71000000,2190.37000000,2181.14000000,2187.61000000,5607.16940000,2026-05-17 04:59:59.999,12261057.56082600,50649,3363.86560000,7355317.26261700,0
2026-05-17 05:00:00,2187.61000000,2195.00000000,2185.63000000,2185.91000000,4862.89710000,2026-05-17 05:59:59.999,10648988.40358300,41021,3114.34800000,6820856.50303800,0
2026-05-17 06:00:00,2185.91000000,2188.00000000,2181.70000000,2185.02000000,3780.42180000,2026-05-17 06:59:59.999,8258233.72103200,39827,1500.28720000,3277698.89462900,0
2026-05-17 07:00:00,2185.02000000,2188.49000000,2182.53000000,2186.64000000,3050.49990000,2026-05-17 07:59:59.999,6667758.41729200,35967,1406.86110000,3075084.65504100,0
2026-05-17 08:00:00,2186.63000000,2187.06000000,2183.12000000,2185.95000000,2632.74650000,2026-05-17 08:59:59.999,5752922.95938600,26431,1506.57450000,3291699.06779500,0
2026-05-17 09:00:00,2185.95000000,2191.38000000,2185.91000000,2190.23000000,2889.17470000,2026-05-17 09:59:59.999,6323634.61998300,28662,1436.60560000,3144558.96417400,0
2026-05-17 10:00:00,2190.22000000,2198.14000000,2190.22000000,2194.28000000,5616.85750000,2026-05-17 10:59:59.999,12325766.07812000,69029,3357.63030000,7367975.01576300,0
2026-05-17 11:00:00,2194.29000000,2194.72000000,2188.00000000,2192.00000000,4451.99910000,2026-05-17 11:59:59.999,9755960.71775200,47135,1877.59010000,4115046.68293200,0
2026-05-17 12:00:00,2192.00000000,2198.04000000,2191.34000000,2194.30000000,3964.15530000,2026-05-17 12:59:59.999,8701022.50975000,42339,1601.27650000,3514910.83752200,0
2026-05-17 13:00:00,2194.30000000,2194.93000000,2187.29000000,2192.12000000,4823.52270000,2026-05-17 13:59:59.999,10572034.54278900,52269,2036.64650000,4464544.91734200,0
2026-05-17 14:00:00,2192.12000000,2192.39000000,2178.39000000,2186.64000000,6752.41170000,2026-05-17 14:59:59.999,14755944.46720700,89770,2712.32180000,5927457.13438200,0
2026-05-17 15:00:00,2186.64000000,2188.84000000,2181.20000000,2186.51000000,3341.19700000,2026-05-17 15:59:59.999,7302092.50630400,53311,1661.89910000,3632249.42650800,0
2026-05-17 16:00:00,2186.51000000,2189.12000000,2182.15000000,2182.51000000,2827.40530000,2026-05-17 16:59:59.999,6179687.14795300,46473,1320.40460000,2886176.52069000,0
2026-05-17 17:00:00,2182.52000000,2184.95000000,2176.63000000,2183.67000000,4289.41980000,2026-05-17 17:59:59.999,9352734.77309000,66516,2255.08040000,4917516.20352600,0
2026-05-17 18:00:00,2183.68000000,2188.50000000,2179.13000000,2188.49000000,2741.36400000,2026-05-17 18:59:59.999,5988290.90303800,43154,1487.99570000,3251163.86862700,0
2026-05-17 19:00:00,2188.50000000,2193.62000000,2187.56000000,2192.53000000,2510.04600000,2026-05-17 19:59:59.999,5499020.53826500,40779,1482.99140000,3248769.84791800,0
2026-05-17 20:00:00,2192.54000000,2193.68000000,2186.98000000,2189.55000000,2455.05330000,2026-05-17 20:59:59.999,5375976.97214800,30449,1262.01840000,2763396.40387400,0
2026-05-17 21:00:00,2189.55000000,2194.82000000,2187.24000000,2191.81000000,2300.40230000,2026-05-17 21:59:59.999,5041722.79786800,32925,1406.62020000,3082804.88345900,0
2026-05-17 22:00:00,2191.80000000,2191.80000000,2174.01000000,2179.69000000,11039.91880000,2026-05-17 22:59:59.999,24081133.62822600,133844,4460.61120000,9729701.80679200,0
2026-05-17 23:00:00,2179.70000000,2179.70000000,2091.48000000,2131.00000000,72862.70780000,2026-05-17 23:59:59.999,155164993.27939800,420570,33383.35440000,71073733.81547000,0
2026-05-18 00:00:00,2131.00000000,2132.00000000,2104.99000000,2115.46000000,33448.58020000,2026-05-18 00:59:59.999,70774701.88700700,355197,12623.30480000,26705216.80070900,0
2026-05-18 01:00:00,2115.47000000,2121.33000000,2106.50000000,2117.54000000,16339.63000000,2026-05-18 01:59:59.999,34529646.35076800,210620,7013.40820000,14824459.70849100,0
2026-05-18 02:00:00,2117.54000000,2124.00000000,2112.78000000,2116.64000000,9170.89860000,2026-05-18 02:59:59.999,19434174.30707200,109963,4282.82230000,9076189.37251000,0
2026-05-18 03:00:00,2116.65000000,2123.91000000,2115.89000000,2118.44000000,7975.82250000,2026-05-18 03:59:59.999,16904724.17574700,89269,3803.49160000,8062240.65927700,0
2026-05-18 04:00:00,2118.44000000,2125.50000000,2114.24000000,2124.85000000,6837.71620000,2026-05-18 04:59:59.999,14489194.13695500,74966,2842.88410000,6024898.48123200,0
2026-05-18 05:00:00,2124.85000000,2125.83000000,2117.00000000,2118.25000000,6453.77770000,2026-05-18 05:59:59.999,13694366.08845100,76384,2562.29650000,5437602.50334400,0
2026-05-18 06:00:00,2118.25000000,2121.00000000,2110.00000000,2119.03000000,9048.74900000,2026-05-18 06:59:59.999,19145377.61601400,103638,3933.97150000,8326248.64932700,0
2026-05-18 07:00:00,2119.04000000,2123.99000000,2112.07000000,2120.82000000,9795.75520000,2026-05-18 07:59:59.999,20760192.04071300,85336,6004.25360000,12725810.07445900,0
2026-05-18 08:00:00,2120.82000000,2124.05000000,2117.48000000,2121.57000000,6329.88020000,2026-05-18 08:59:59.999,13424391.20168000,59918,3125.48660000,6629517.93878300,0
2026-05-18 09:00:00,2121.57000000,2121.93000000,2116.03000000,2116.88000000,4262.85060000,2026-05-18 09:59:59.999,9029010.19535000,46534,2054.10110000,4350507.10151700,0
2026-05-18 10:00:00,2116.88000000,2117.59000000,2112.65000000,2114.55000000,6334.93780000,2026-05-18 10:59:59.999,13400294.58862900,61079,2877.22100000,6086203.27720300,0
2026-05-18 11:00:00,2114.56000000,2139.75000000,2110.50000000,2133.90000000,15910.73190000,2026-05-18 11:59:59.999,33844779.19456500,151792,9232.00570000,19636887.60197300,0
2026-05-18 12:00:00,2133.90000000,2157.24000000,2133.90000000,2151.01000000,25623.84350000,2026-05-18 12:59:59.999,55029775.08756800,224058,12988.46820000,27889880.36352900,0
2026-05-18 13:00:00,2151.02000000,2151.41000000,2120.25000000,2130.91000000,25177.85510000,2026-05-18 13:59:59.999,53733606.46770000,300178,10612.43210000,22642302.29370000,0
2026-05-18 14:00:00,2130.90000000,2130.90000000,2098.01000000,2110.32000000,31644.55940000,2026-05-18 14:59:59.999,66921429.03468600,360052,14211.02340000,30054406.25405000,0
2026-05-18 15:00:00,2110.32000000,2111.30000000,2093.77000000,2107.48000000,31279.27440000,2026-05-18 15:59:59.999,65745486.56711000,310951,14515.19180000,30512444.26439500,0
2026-05-18 16:00:00,2107.49000000,2111.19000000,2090.56000000,2097.71000000,18252.34440000,2026-05-18 16:59:59.999,38341096.84282800,208067,7915.26780000,16628766.60247900,0
2026-05-18 17:00:00,2097.71000000,2110.19000000,2095.33000000,2108.21000000,10461.84630000,2026-05-18 17:59:59.999,22031394.23401700,133301,4998.82420000,10525605.11188600,0
2026-05-18 18:00:00,2108.21000000,2109.12000000,2077.23000000,2081.32000000,29604.62770000,2026-05-18 18:59:59.999,61833168.59013200,240798,14745.92210000,30805876.75916800,0
2026-05-18 19:00:00,2081.31000000,2128.49000000,2079.64000000,2125.07000000,35288.42710000,2026-05-18 19:59:59.999,74442018.20194100,374714,19710.81730000,41580418.18987200,0
2026-05-18 20:00:00,2125.07000000,2131.03000000,2115.01000000,2117.61000000,10615.76070000,2026-05-18 20:59:59.999,22551268.55693200,121850,5149.93420000,10942296.59185300,0
2026-05-18 21:00:00,2117.62000000,2142.67000000,2114.59000000,2137.38000000,14324.13220000,2026-05-18 21:59:59.999,30532967.53943300,135235,8981.96000000,19142767.55199700,0
2026-05-18 22:00:00,2137.39000000,2142.57000000,2130.50000000,2135.74000000,12285.91810000,2026-05-18 22:59:59.999,26255628.54725600,89872,6521.83130000,13939193.61525000,0
2026-05-18 23:00:00,2135.73000000,2139.17000000,2127.75000000,2130.08000000,5410.47440000,2026-05-18 23:59:59.999,11541151.01170300,58213,3185.24430000,6795059.35701200,0
2026-05-19 00:00:00,2130.08000000,2146.95000000,2128.44000000,2135.88000000,7752.77330000,2026-05-19 00:59:59.999,16570928.61616500,119518,4723.09340000,10095702.82335000,0
2026-05-19 01:00:00,2135.88000000,2138.40000000,2123.71000000,2124.92000000,8258.80950000,2026-05-19 01:59:59.999,17590048.41300400,147525,4480.85750000,9543499.49082900,0
2026-05-19 02:00:00,2124.92000000,2135.67000000,2118.60000000,2123.31000000,7646.15330000,2026-05-19 02:59:59.999,16258655.61013900,116903,3868.65620000,8228775.34833900,0
2026-05-19 03:00:00,2123.30000000,2134.61000000,2122.06000000,2131.30000000,5007.29460000,2026-05-19 03:59:59.999,10664610.67989400,71933,2729.64090000,5814223.09741600,0
2026-05-19 04:00:00,2131.30000000,2136.65000000,2128.22000000,2133.88000000,4628.43930000,2026-05-19 04:59:59.999,9871687.75287600,64420,2424.42150000,5171320.09475300,0
2026-05-19 05:00:00,2133.88000000,2137.74000000,2123.61000000,2135.21000000,7384.82640000,2026-05-19 05:59:59.999,15746666.62830100,73037,3578.65730000,7631574.63024800,0
2026-05-19 06:00:00,2135.21000000,2140.31000000,2132.71000000,2137.52000000,5544.42310000,2026-05-19 06:59:59.999,11843699.02995700,66096,2808.83690000,6000479.14566500,0
2026-05-19 07:00:00,2137.52000000,2145.00000000,2135.29000000,2140.97000000,7115.44730000,2026-05-19 07:59:59.999,15228997.38907400,74307,4088.97700000,8751453.29519000,0
2026-05-19 08:00:00,2140.97000000,2141.40000000,2131.01000000,2133.72000000,7074.35050000,2026-05-19 08:59:59.999,15111396.60280200,76786,3531.05630000,7542676.55963300,0
2026-05-19 09:00:00,2133.72000000,2134.50000000,2111.25000000,2114.49000000,12094.79320000,2026-05-19 09:59:59.999,25636391.50738900,117683,4515.51880000,9566557.97225500,0
2026-05-19 10:00:00,2114.49000000,2121.96000000,2106.77000000,2118.36000000,10403.77650000,2026-05-19 10:59:59.999,21994192.34233300,121227,3696.36350000,7816990.09126200,0
2026-05-19 11:00:00,2118.37000000,2120.24000000,2109.22000000,2110.85000000,5522.71460000,2026-05-19 11:59:59.999,11677783.23054100,71406,1904.04750000,4024918.14242600,0
2026-05-19 12:00:00,2110.85000000,2119.35000000,2108.64000000,2118.49000000,5822.65550000,2026-05-19 12:59:59.999,12316956.09456200,67763,2648.74530000,5603254.68220900,0
2026-05-19 13:00:00,2118.50000000,2127.53000000,2107.65000000,2119.03000000,17708.00040000,2026-05-19 13:59:59.999,37487708.05114800,219686,7874.58350000,16673940.20259700,0
2026-05-19 14:00:00,2119.02000000,2123.60000000,2094.47000000,2106.55000000,23710.82990000,2026-05-19 14:59:59.999,49963798.76592500,296794,9203.67340000,19394038.79216000,0
2026-05-19 15:00:00,2106.54000000,2113.42000000,2103.58000000,2110.19000000,8637.85220000,2026-05-19 15:59:59.999,18220120.52300500,136260,4523.74950000,9542571.63456100,0
2026-05-19 16:00:00,2110.20000000,2122.45000000,2107.12000000,2121.12000000,6845.57030000,2026-05-19 16:59:59.999,14471514.46070900,104092,3944.28800000,8337867.27693000,0
2026-05-19 17:00:00,2121.11000000,2125.07000000,2112.92000000,2115.75000000,6373.82640000,2026-05-19 17:59:59.999,13509185.26526900,75676,2878.96220000,6102578.12123100,0
2026-05-19 18:00:00,2115.75000000,2119.62000000,2110.74000000,2115.28000000,5018.49480000,2026-05-19 18:59:59.999,10618282.77253400,54852,2435.44690000,5153636.83346900,0
2026-05-19 19:00:00,2115.27000000,2123.16000000,2110.14000000,2113.15000000,6436.97050000,2026-05-19 19:59:59.999,13617929.86465500,69025,2526.94080000,5346666.86367500,0
2026-05-19 20:00:00,2113.14000000,2118.82000000,2112.41000000,2118.39000000,2362.18800000,2026-05-19 20:59:59.999,4999556.51897200,28788,857.25870000,1814307.08034000,0
2026-05-19 21:00:00,2118.38000000,2120.59000000,2116.69000000,2116.97000000,3414.53510000,2026-05-19 21:59:59.999,7235069.35819900,41479,1280.55060000,2713198.31972700,0
2026-05-19 22:00:00,2116.97000000,2116.97000000,2102.09000000,2106.40000000,7180.97320000,2026-05-19 22:59:59.999,15138510.16483000,78955,2907.59140000,6128587.51527400,0
2026-05-19 23:00:00,2106.40000000,2118.68000000,2104.66000000,2111.93000000,4999.37710000,2026-05-19 23:59:59.999,10564646.21302100,62754,2641.75600000,5582136.15457100,0
2026-05-20 00:00:00,2111.93000000,2115.95000000,2103.30000000,2111.29000000,5979.51790000,2026-05-20 00:59:59.999,12612626.61679000,107924,2973.12770000,6272476.24862700,0
2026-05-20 01:00:00,2111.29000000,2119.24000000,2103.29000000,2115.28000000,6978.79380000,2026-05-20 01:59:59.999,14728822.98373600,135271,3691.39030000,7792958.82162200,0
2026-05-20 02:00:00,2115.28000000,2117.14000000,2106.01000000,2109.43000000,3194.68350000,2026-05-20 02:59:59.999,6744599.75010000,74485,1402.95390000,2962097.29118800,0
2026-05-20 03:00:00,2109.42000000,2116.30000000,2106.10000000,2111.60000000,3161.48430000,2026-05-20 03:59:59.999,6675381.45746400,56921,1673.49560000,3534157.79478500,0
2026-05-20 04:00:00,2111.60000000,2114.78000000,2107.30000000,2113.20000000,3859.84960000,2026-05-20 04:59:59.999,8151932.56831300,48322,1425.51320000,3010862.14052100,0
2026-05-20 05:00:00,2113.20000000,2130.38000000,2113.20000000,2125.63000000,14210.00760000,2026-05-20 05:59:59.999,30169783.82850500,106800,9097.14570000,19307034.15351400,0
2026-05-20 06:00:00,2125.63000000,2134.41000000,2125.62000000,2133.75000000,10055.35380000,2026-05-20 06:59:59.999,21426022.80492000,68331,4232.74260000,9018979.67322200,0
2026-05-20 07:00:00,2133.76000000,2136.50000000,2128.51000000,2129.74000000,6989.07840000,2026-05-20 07:59:59.999,14906818.55137200,54951,3044.83670000,6495023.42068000,0
2026-05-20 08:00:00,2129.75000000,2138.00000000,2128.87000000,2131.91000000,8115.63620000,2026-05-20 08:59:59.999,17311207.99271500,71455,3889.25020000,8297443.01008800,0
2026-05-20 09:00:00,2131.91000000,2133.00000000,2127.70000000,2129.36000000,4337.41430000,2026-05-20 09:59:59.999,9239595.07470500,44844,2256.78150000,4807263.90088800,0
2026-05-20 10:00:00,2129.36000000,2137.02000000,2129.36000000,2130.82000000,4806.96900000,2026-05-20 10:59:59.999,10254376.15110400,52608,2905.55220000,6198039.39103400,0
2026-05-20 11:00:00,2130.82000000,2132.24000000,2124.28000000,2128.30000000,4923.40520000,2026-05-20 11:59:59.999,10477505.64402300,41815,2110.00620000,4490171.88766700,0
2026-05-20 12:00:00,2128.31000000,2140.00000000,2127.02000000,2134.01000000,5842.36350000,2026-05-20 12:59:59.999,12459124.39881800,57822,3138.30840000,6692824.43247300,0
2026-05-20 13:00:00,2134.02000000,2135.73000000,2115.69000000,2120.61000000,16409.06090000,2026-05-20 13:59:59.999,34847093.72504900,174683,5981.07320000,12704054.36815700,0
2026-05-20 14:00:00,2120.62000000,2139.63000000,2113.87000000,2135.25000000,19511.99750000,2026-05-20 14:59:59.999,41576290.98172900,268545,10047.89980000,21410304.14995600,0
2026-05-20 15:00:00,2135.24000000,2149.00000000,2129.02000000,2136.75000000,17153.56180000,2026-05-20 15:59:59.999,36710645.15707500,201502,8496.83510000,18186521.06123600,0
2026-05-20 16:00:00,2136.76000000,2140.51000000,2124.10000000,2135.46000000,9337.62790000,2026-05-20 16:59:59.999,19921071.65645800,141203,4422.32460000,9436207.44088200,0
2026-05-20 17:00:00,2135.46000000,2148.77000000,2132.14000000,2140.50000000,10779.11260000,2026-05-20 17:59:59.999,23087202.94005400,124288,5884.04150000,12604498.74971100,0
2026-05-20 18:00:00,2140.50000000,2140.95000000,2131.30000000,2132.10000000,6023.44870000,2026-05-20 18:59:59.999,12868900.19137600,79644,2614.75710000,5586046.86592000,0
2026-05-20 19:00:00,2132.10000000,2141.45000000,2129.11000000,2139.12000000,6015.47480000,2026-05-20 19:59:59.999,12850873.28756000,77857,3586.38520000,7660441.34181200,0
2026-05-20 20:00:00,2139.12000000,2140.76000000,2129.51000000,2135.93000000,4957.84930000,2026-05-20 20:59:59.999,10589745.73146100,81841,2184.72400000,4666451.74674500,0
2026-05-20 21:00:00,2135.92000000,2138.59000000,2130.61000000,2130.62000000,3046.61870000,2026-05-20 21:59:59.999,6501108.76475800,39135,1257.49340000,2683283.50754400,0
2026-05-20 22:00:00,2130.61000000,2130.61000000,2118.45000000,2128.32000000,9689.79470000,2026-05-20 22:59:59.999,20578612.58641800,93926,5394.60140000,11454330.31934500,0
2026-05-20 23:00:00,2128.32000000,2130.37000000,2122.59000000,2129.44000000,3709.19000000,2026-05-20 23:59:59.999,7887431.39593300,52332,2201.74290000,4681853.30391100,0
2026-05-21 00:00:00,2129.44000000,2145.32000000,2128.59000000,2142.92000000,7646.47450000,2026-05-21 00:59:59.999,16342083.38312800,97518,4619.57300000,9872026.43257200,0
2026-05-21 01:00:00,2142.93000000,2157.50000000,2139.31000000,2141.07000000,11825.50220000,2026-05-21 01:59:59.999,25392635.86145300,139459,6178.20840000,13268822.63799700,0
2026-05-21 02:00:00,2141.08000000,2148.04000000,2139.50000000,2141.50000000,4768.88430000,2026-05-21 02:59:59.999,10225558.89698300,66524,2709.48500000,5810585.01973000,0
2026-05-21 03:00:00,2141.50000000,2146.85000000,2140.85000000,2145.76000000,3524.11370000,2026-05-21 03:59:59.999,7556143.76977500,39159,1898.56780000,4070709.82915500,0
2026-05-21 04:00:00,2145.76000000,2148.75000000,2142.70000000,2145.00000000,3552.69700000,2026-05-21 04:59:59.999,7622524.55344500,40496,1875.91200000,4025258.82021000,0
2026-05-21 05:00:00,2145.00000000,2148.19000000,2133.21000000,2136.30000000,6291.60250000,2026-05-21 05:59:59.999,13464986.28817800,57723,1934.41110000,4140751.29065000,0
2026-05-21 06:00:00,2136.31000000,2138.61000000,2127.64000000,2128.57000000,8597.70980000,2026-05-21 06:59:59.999,18339955.89886800,81372,3173.79490000,6769779.90589900,0
2026-05-21 07:00:00,2128.58000000,2137.00000000,2124.25000000,2135.06000000,8726.54340000,2026-05-21 07:59:59.999,18590027.69194900,74272,4800.45280000,10229545.67550400,0
2026-05-21 08:00:00,2135.07000000,2148.33000000,2135.01000000,2138.26000000,8282.94930000,2026-05-21 08:59:59.999,17731259.07175800,93115,4275.53630000,9153840.06908000,0
2026-05-21 09:00:00,2138.26000000,2140.94000000,2127.96000000,2127.98000000,6582.27960000,2026-05-21 09:59:59.999,14042006.76488300,72598,2570.83750000,5484108.06792300,0
2026-05-21 10:00:00,2127.97000000,2130.09000000,2110.00000000,2114.19000000,19101.54680000,2026-05-21 10:59:59.999,40483734.20980000,174418,8805.98180000,18670042.42025300,0
2026-05-21 11:00:00,2114.20000000,2119.94000000,2112.17000000,2115.27000000,7699.84300000,2026-05-21 11:59:59.999,16295371.78374600,83026,4760.35060000,10074457.99343300,0
2026-05-21 12:00:00,2115.28000000,2119.91000000,2112.10000000,2117.22000000,11662.39480000,2026-05-21 12:59:59.999,24673616.69254200,99983,7954.56050000,16828532.57380500,0
2026-05-21 13:00:00,2117.22000000,2124.09000000,2105.15000000,2120.46000000,18106.74570000,2026-05-21 13:59:59.999,38273420.64837400,218427,8685.72080000,18370948.67976800,0
2026-05-21 14:00:00,2120.47000000,2125.59000000,2110.68000000,2121.96000000,14916.75520000,2026-05-21 14:59:59.999,31616142.02525600,188200,7732.70660000,16388269.15923700,0
2026-05-21 15:00:00,2121.97000000,2138.05000000,2119.44000000,2132.65000000,21185.78220000,2026-05-21 15:59:59.999,45149122.42524200,170444,11844.48730000,25240858.92539600,0
2026-05-21 16:00:00,2132.64000000,2136.66000000,2122.82000000,2127.79000000,10087.28370000,2026-05-21 16:59:59.999,21495790.91301900,103244,4706.93150000,10033128.89520900,0
2026-05-21 17:00:00,2127.80000000,2153.75000000,2126.00000000,2146.60000000,23184.45160000,2026-05-21 17:59:59.999,49682061.40953100,252354,12004.97380000,25724106.21341200,0
2026-05-21 18:00:00,2146.60000000,2148.00000000,2121.79000000,2126.87000000,13278.94640000,2026-05-21 18:59:59.999,28354325.37379500,173736,5064.88930000,10813515.08091200,0
2026-05-21 19:00:00,2126.87000000,2145.78000000,2126.48000000,2142.83000000,9421.32560000,2026-05-21 19:59:59.999,20128481.95340100,110657,6080.58980000,12994547.72020700,0
2026-05-21 20:00:00,2142.84000000,2143.46000000,2137.13000000,2138.62000000,5410.53220000,2026-05-21 20:59:59.999,11579742.65780700,51141,3118.80840000,6675631.51276100,0
2026-05-21 21:00:00,2138.63000000,2141.00000000,2134.21000000,2135.42000000,2327.68590000,2026-05-21 21:59:59.999,4975756.92372700,37783,990.68800000,2117816.02409900,0
2026-05-21 22:00:00,2135.43000000,2136.87000000,2131.03000000,2131.85000000,2748.66720000,2026-05-21 22:59:59.999,5865083.00758800,51006,1213.64600000,2589588.55707600,0
2026-05-21 23:00:00,2131.84000000,2136.77000000,2127.27000000,2133.76000000,3958.39510000,2026-05-21 23:59:59.999,8444132.74015500,49495,1954.95480000,4170653.70189300,0
2026-05-22 00:00:00,2133.77000000,2134.99000000,2129.28000000,2129.33000000,2848.68080000,2026-05-22 00:59:59.999,6073357.42996000,68247,1439.49940000,3068942.14537200,0
2026-05-22 01:00:00,2129.32000000,2137.00000000,2125.68000000,2135.88000000,4953.55990000,2026-05-22 01:59:59.999,10556034.13200100,70643,2449.94840000,5220356.83206300,0
2026-05-22 02:00:00,2135.89000000,2140.01000000,2134.47000000,2137.98000000,3898.71590000,2026-05-22 02:59:59.999,8332657.60458200,64439,1988.84290000,4250909.27842300,0
2026-05-22 03:00:00,2137.97000000,2141.39000000,2135.29000000,2137.88000000,2338.14580000,2026-05-22 03:59:59.999,4998977.08170400,33989,1410.43850000,3015529.27428600,0
2026-05-22 04:00:00,2137.89000000,2141.34000000,2132.56000000,2134.00000000,2394.89560000,2026-05-22 04:59:59.999,5117130.66543900,31738,821.98510000,1757429.60083400,0
2026-05-22 05:00:00,2134.01000000,2135.95000000,2127.39000000,2129.21000000,4444.64460000,2026-05-22 05:59:59.999,9475125.92330500,48723,1777.96550000,3791108.90538100,0
2026-05-22 06:00:00,2129.21000000,2130.86000000,2123.95000000,2125.68000000,7164.95180000,2026-05-22 06:59:59.999,15245526.13039900,70997,3586.19010000,7630888.37401900,0
2026-05-22 07:00:00,2125.68000000,2132.73000000,2122.22000000,2128.70000000,9430.37080000,2026-05-22 07:59:59.999,20080160.52643100,60202,5766.06530000,12279093.76368400,0
2026-05-22 08:00:00,2128.70000000,2133.34000000,2119.94000000,2122.30000000,14984.42940000,2026-05-22 08:59:59.999,31864919.06900100,88048,6573.16350000,13979567.91911000,0
2026-05-22 09:00:00,2122.29000000,2125.24000000,2119.18000000,2123.98000000,5671.40060000,2026-05-22 09:59:59.999,12034928.44449600,57483,3755.49370000,7969211.26036900,0
2026-05-22 10:00:00,2123.97000000,2125.40000000,2120.81000000,2123.00000000,3014.94430000,2026-05-22 10:59:59.999,6401985.32589400,47750,1540.76530000,3271765.49015000,0
2026-05-22 11:00:00,2123.00000000,2131.01000000,2120.10000000,2130.78000000,7162.44230000,2026-05-22 11:59:59.999,15229838.47076300,62724,4727.27410000,10049366.17549200,0
2026-05-22 12:00:00,2130.78000000,2138.00000000,2129.31000000,2134.99000000,7605.60030000,2026-05-22 12:59:59.999,16224983.68192500,83516,4593.80100000,9799519.16840200,0
2026-05-22 13:00:00,2135.00000000,2135.75000000,2124.01000000,2130.23000000,11944.08650000,2026-05-22 13:59:59.999,25444649.31763900,143600,6407.25730000,13650307.75116000,0
2026-05-22 14:00:00,2130.23000000,2130.23000000,2112.58000000,2116.94000000,15843.86200000,2026-05-22 14:59:59.999,33613767.59468500,171362,9191.36780000,19507860.22024100,0
2026-05-22 15:00:00,2116.94000000,2125.49000000,2112.47000000,2119.48000000,6992.40970000,2026-05-22 15:59:59.999,14818499.11029600,111868,3511.21720000,7442176.86693900,0
2026-05-22 16:00:00,2119.49000000,2124.00000000,2118.11000000,2122.78000000,5125.75280000,2026-05-22 16:59:59.999,10869011.31653100,73770,2590.04500000,5491457.99365700,0
2026-05-22 17:00:00,2122.78000000,2130.00000000,2119.43000000,2119.60000000,7899.43390000,2026-05-22 17:59:59.999,16781627.11039700,95564,3346.12350000,7110041.00794800,0
2026-05-22 18:00:00,2119.61000000,2121.57000000,2084.51000000,2099.99000000,21305.38540000,2026-05-22 18:59:59.999,44776437.18044100,183313,8208.41340000,17243780.79363800,0
2026-05-22 19:00:00,2099.99000000,2103.10000000,2058.00000000,2065.54000000,37194.08580000,2026-05-22 19:59:59.999,77123789.19359800,335226,17272.95480000,35794098.60942100,0
2026-05-22 20:00:00,2065.54000000,2078.85000000,2064.31000000,2073.40000000,12942.20360000,2026-05-22 20:59:59.999,26821080.35239900,147684,6718.88120000,13925547.59443100,0
2026-05-22 21:00:00,2073.40000000,2079.59000000,2071.52000000,2078.18000000,5974.97090000,2026-05-22 21:59:59.999,12400206.89667000,74347,3130.35410000,6496472.97375900,0
2026-05-22 22:00:00,2078.17000000,2079.58000000,2066.55000000,2072.71000000,8534.04280000,2026-05-22 22:59:59.999,17691308.26641100,94877,3860.01800000,8002191.92160500,0
2026-05-22 23:00:00,2072.72000000,2077.24000000,2057.79000000,2065.85000000,12114.23930000,2026-05-22 23:59:59.999,25041251.71562300,124108,5321.31130000,11000844.63371700,0
2026-05-23 00:00:00,2065.86000000,2070.61000000,2053.00000000,2064.63000000,21650.60940000,2026-05-23 00:59:59.999,44673210.15193100,188779,9501.50740000,19608152.99617300,0
2026-05-23 01:00:00,2064.63000000,2069.92000000,2062.67000000,2068.93000000,6602.39140000,2026-05-23 01:59:59.999,13644060.02050600,72069,3286.13820000,6792560.78363200,0
2026-05-23 02:00:00,2068.93000000,2070.37000000,2064.90000000,2068.52000000,3598.42430000,2026-05-23 02:59:59.999,7439686.65978700,47422,1997.92070000,4130835.42995000,0
2026-05-23 03:00:00,2068.52000000,2072.00000000,2068.21000000,2070.78000000,3822.12240000,2026-05-23 03:59:59.999,7912566.76607800,37317,1962.22570000,4062191.48938500,0
2026-05-23 04:00:00,2070.78000000,2071.19000000,2065.55000000,2067.30000000,2714.57130000,2026-05-23 04:59:59.999,5614043.15140800,35162,1220.88180000,2524872.20139800,0
2026-05-23 05:00:00,2067.29000000,2068.00000000,2061.90000000,2064.85000000,8142.86520000,2026-05-23 05:59:59.999,16808688.88535700,39950,4154.70020000,8575277.67214900,0
2026-05-23 06:00:00,2064.85000000,2065.81000000,2060.71000000,2061.69000000,6065.79960000,2026-05-23 06:59:59.999,12511363.98367100,39131,3692.72860000,7616129.76465300,0
2026-05-23 07:00:00,2061.70000000,2063.06000000,2009.30000000,2028.59000000,58875.97660000,2026-05-23 07:59:59.999,119657992.30370100,196001,26517.52320000,53872340.04833900,0
2026-05-23 08:00:00,2028.58000000,2032.10000000,2021.07000000,2030.32000000,16144.75890000,2026-05-23 08:59:59.999,32728828.29962800,133903,8789.70460000,17822530.49366400,0
2026-05-23 09:00:00,2030.32000000,2031.00000000,2027.10000000,2027.29000000,5578.04840000,2026-05-23 09:59:59.999,11318850.55369800,57775,3187.85350000,6468673.79758400,0
2026-05-23 10:00:00,2027.29000000,2033.79000000,2027.11000000,2031.57000000,4910.37890000,2026-05-23 10:59:59.999,9970099.62657500,38453,3247.49000000,6594375.07404200,0
2026-05-23 11:00:00,2031.56000000,2036.01000000,2030.84000000,2031.48000000,7692.18540000,2026-05-23 11:59:59.999,15637150.67269900,44656,5951.15260000,12097778.22146100,0
2026-05-23 12:00:00,2031.48000000,2032.07000000,2027.35000000,2031.07000000,7207.25260000,2026-05-23 12:59:59.999,14632772.84367600,44652,5540.43850000,11249009.16212700,0
2026-05-23 13:00:00,2031.08000000,2046.10000000,2031.07000000,2044.89000000,17647.37330000,2026-05-23 13:59:59.999,36023827.04930100,117081,10982.91420000,22419405.59001600,0
2026-05-23 14:00:00,2044.88000000,2065.32000000,2041.12000000,2061.64000000,16621.26210000,2026-05-23 14:59:59.999,34098032.04254600,129869,10075.42530000,20661859.90929700,0
2026-05-23 15:00:00,2061.64000000,2068.68000000,2055.67000000,2060.27000000,13114.38010000,2026-05-23 15:59:59.999,27042013.36579100,123027,6903.66320000,14237596.18207000,0
2026-05-23 16:00:00,2060.27000000,2065.00000000,2057.25000000,2061.65000000,6913.49830000,2026-05-23 16:59:59.999,14250356.99243000,76658,3413.51580000,7036100.36198700,0
2026-05-23 17:00:00,2061.66000000,2065.87000000,2059.28000000,2063.98000000,5547.00710000,2026-05-23 17:59:59.999,11442078.49087200,62760,3191.68230000,6583571.54408100,0
2026-05-23 18:00:00,2063.98000000,2083.64000000,2063.74000000,2074.27000000,14900.86830000,2026-05-23 18:59:59.999,30932772.44405000,155429,7643.50340000,15864979.02887700,0
2026-05-23 19:00:00,2074.27000000,2081.00000000,2069.86000000,2077.33000000,12501.01140000,2026-05-23 19:59:59.999,25963221.23102500,72837,6462.13110000,13422042.39300200,0
2026-05-23 20:00:00,2077.34000000,2147.00000000,2074.84000000,2146.30000000,60046.92530000,2026-05-23 20:59:59.999,127200977.98937100,427849,33179.36950000,70237165.25478200,0
2026-05-23 21:00:00,2146.30000000,2149.95000000,2106.27000000,2116.84000000,33582.98360000,2026-05-23 21:59:59.999,71408083.54638100,295858,16308.18950000,34669599.70171500,0
2026-05-23 22:00:00,2116.84000000,2120.28000000,2102.65000000,2116.83000000,10882.35460000,2026-05-23 22:59:59.999,22991111.40829500,128684,5322.17980000,11249099.61393000,0
2026-05-23 23:00:00,2116.84000000,2121.84000000,2114.42000000,2117.68000000,5783.18040000,2026-05-23 23:59:59.999,12251910.09901500,76410,3483.24320000,7379302.44833400,0
2026-05-24 00:00:00,2117.69000000,2121.50000000,2113.10000000,2119.45000000,5265.73510000,2026-05-24 00:59:59.999,11149415.43596600,72220,2916.14650000,6175035.72765900,0
2026-05-24 01:00:00,2119.45000000,2125.51000000,2118.31000000,2122.56000000,7831.75490000,2026-05-24 01:59:59.999,16614376.19255100,67199,4379.78110000,9290940.09749200,0
2026-05-24 02:00:00,2122.56000000,2125.45000000,2118.30000000,2122.53000000,8991.52120000,2026-05-24 02:59:59.999,19084512.06715800,62300,4879.39790000,10355176.65883500,0
2026-05-24 03:00:00,2122.54000000,2127.28000000,2116.74000000,2119.04000000,7014.03970000,2026-05-24 03:59:59.999,14884763.26316200,50237,3470.03300000,7365785.57871200,0
2026-05-24 04:00:00,2119.05000000,2123.86000000,2119.05000000,2120.21000000,3367.50720000,2026-05-24 04:59:59.999,7144684.58565500,32959,1647.90680000,3496331.74736100,0
2026-05-24 05:00:00,2120.22000000,2121.39000000,2113.65000000,2119.98000000,8263.43570000,2026-05-24 05:59:59.999,17495354.83199300,44207,3225.52520000,6829937.93627700,0
2026-05-24 06:00:00,2119.98000000,2129.93000000,2117.60000000,2128.13000000,11806.88960000,2026-05-24 06:59:59.999,25052463.87724400,62432,6186.72590000,13125237.34092900,0
2026-05-24 07:00:00,2128.13000000,2129.79000000,2119.49000000,2121.01000000,5025.51550000,2026-05-24 07:59:59.999,10670248.68735400,46493,2072.62410000,4401815.57803200,0
2026-05-24 08:00:00,2121.02000000,2123.23000000,2119.25000000,2120.32000000,3262.68090000,2026-05-24 08:59:59.999,6919312.03854000,35938,1583.09630000,3357410.12157100,0
2026-05-24 09:00:00,2120.33000000,2124.37000000,2119.05000000,2123.41000000,4630.79730000,2026-05-24 09:59:59.999,9826345.46214200,38847,2164.77630000,4594383.95068000,0
2026-05-24 10:00:00,2123.42000000,2132.14000000,2119.38000000,2122.35000000,8124.95840000,2026-05-24 10:59:59.999,17259599.58373600,76221,4093.99310000,8698067.35088200,0
2026-05-24 11:00:00,2122.34000000,2127.82000000,2122.23000000,2126.18000000,4959.76230000,2026-05-24 11:59:59.999,10541809.56166600,56163,2478.20200000,5267232.61865400,0
2026-05-24 12:00:00,2126.19000000,2126.58000000,2117.32000000,2119.97000000,7090.29640000,2026-05-24 12:59:59.999,15036806.34829400,58315,4588.47510000,9731581.67195700,0
2026-05-24 13:00:00,2119.97000000,2121.05000000,2105.79000000,2110.14000000,12698.94150000,2026-05-24 13:59:59.999,26844880.61151000,92580,7080.97810000,14967283.88371100,0
2026-05-24 14:00:00,2110.14000000,2112.52000000,2079.52000000,2097.98000000,28777.91890000,2026-05-24 14:59:59.999,60288995.29335900,243924,12016.80390000,25176845.11759500,0
2026-05-24 15:00:00,2097.98000000,2100.00000000,2094.14000000,2095.84000000,4614.32970000,2026-05-24 15:59:59.999,9675913.48320600,64307,2483.77370000,5208471.79815000,0
2026-05-24 16:00:00,2095.83000000,2109.00000000,2095.22000000,2103.62000000,7393.33020000,2026-05-24 16:59:59.999,15540566.44907100,88959,4102.03390000,8623814.86294900,0
2026-05-24 17:00:00,2103.61000000,2106.68000000,2101.40000000,2102.88000000,3026.19390000,2026-05-24 17:59:59.999,6367472.20746300,51945,1493.36260000,3142068.76556400,0
2026-05-24 18:00:00,2102.89000000,2104.78000000,2097.80000000,2099.97000000,2964.82750000,2026-05-24 18:59:59.999,6229494.17670000,44385,1187.99110000,2495696.54123300,0
2026-05-24 19:00:00,2099.97000000,2102.58000000,2096.34000000,2100.87000000,3005.65020000,2026-05-24 19:59:59.999,6309596.45769400,46627,1564.19040000,3283405.23422800,0
2026-05-24 20:00:00,2100.87000000,2102.11000000,2091.51000000,2093.15000000,7064.44110000,2026-05-24 20:59:59.999,14799256.62877700,66573,2474.22260000,5182937.73440400,0
2026-05-24 21:00:00,2093.15000000,2098.63000000,2063.00000000,2070.59000000,19007.06320000,2026-05-24 21:59:59.999,39477107.19144000,195474,7585.67100000,15744734.25664400,0
2026-05-24 22:00:00,2070.59000000,2099.49000000,2070.56000000,2092.37000000,15066.08130000,2026-05-24 22:59:59.999,31486034.93173800,220007,7816.61690000,16330575.84453600,0
2026-05-24 23:00:00,2092.38000000,2107.00000000,2091.67000000,2099.85000000,8495.08880000,2026-05-24 23:59:59.999,17833774.35883300,109704,4468.30090000,9380671.01168800,0
2026-05-25 00:00:00,2099.86000000,2109.40000000,2099.70000000,2104.95000000,5423.31030000,2026-05-25 00:59:59.999,11415733.26297400,97815,2867.48830000,6036106.37003900,0
2026-05-25 01:00:00,2104.96000000,2107.99000000,2093.22000000,2094.13000000,3994.55100000,2026-05-25 01:59:59.999,8399247.14717200,77166,1621.62340000,3411273.33805800,0
2026-05-25 02:00:00,2094.13000000,2113.25000000,2094.13000000,2098.35000000,9625.74390000,2026-05-25 02:59:59.999,20254627.44155400,114528,4994.56370000,10506771.68418300,0
2026-05-25 03:00:00,2098.35000000,2100.00000000,2092.57000000,2095.58000000,5087.50280000,2026-05-25 03:59:59.999,10664977.47147200,71106,1847.81610000,3873608.73184800,0
2026-05-25 04:00:00,2095.59000000,2108.14000000,2092.26000000,2105.83000000,6872.57220000,2026-05-25 04:59:59.999,14434034.19864700,68298,3398.92900000,7139811.10858100,0
2026-05-25 05:00:00,2105.83000000,2111.70000000,2104.39000000,2108.22000000,6681.75230000,2026-05-25 05:59:59.999,14089489.74350300,65394,3504.82870000,7390373.80542400,0
2026-05-25 06:00:00,2108.21000000,2111.42000000,2099.27000000,2108.99000000,13294.38960000,2026-05-25 06:59:59.999,27982072.97059900,85677,5739.12860000,12083993.42418000,0
2026-05-25 07:00:00,2109.00000000,2117.55000000,2106.50000000,2116.28000000,15151.61640000,2026-05-25 07:59:59.999,31995244.51981800,87439,8891.95550000,18779288.81021000,0
2026-05-25 08:00:00,2116.29000000,2117.79000000,2111.70000000,2116.82000000,4505.83360000,2026-05-25 08:59:59.999,9527409.08438800,46483,2373.92900000,5019466.77477200,0
2026-05-25 09:00:00,2116.83000000,2124.10000000,2116.17000000,2117.02000000,6886.84410000,2026-05-25 09:59:59.999,14596632.82825800,71192,3928.74750000,8327007.60942800,0
2026-05-25 10:00:00,2117.03000000,2121.23000000,2114.86000000,2117.03000000,3718.05190000,2026-05-25 10:59:59.999,7871776.12778400,42844,2037.64530000,4314058.37797100,0
2026-05-25 11:00:00,2117.02000000,2120.30000000,2114.26000000,2114.95000000,6556.30200000,2026-05-25 11:59:59.999,13884625.34682600,51319,4346.17370000,9205810.51924800,0
2026-05-25 12:00:00,2114.95000000,2119.61000000,2112.25000000,2117.34000000,5452.85870000,2026-05-25 12:59:59.999,11536978.31103500,63016,2984.70060000,6314973.90358900,0
2026-05-25 13:00:00,2117.35000000,2120.00000000,2114.27000000,2116.28000000,4019.12580000,2026-05-25 13:59:59.999,8505633.35818700,51522,2135.50270000,4519199.58148000,0
2026-05-25 14:00:00,2116.28000000,2130.24000000,2115.77000000,2128.34000000,9741.59960000,2026-05-25 14:59:59.999,20690724.26160000,106111,5427.16070000,11526409.11897100,0
2026-05-25 15:00:00,2128.35000000,2138.28000000,2122.90000000,2127.12000000,10474.40140000,2026-05-25 15:59:59.999,22305027.92289400,108773,5900.94390000,12567865.24315900,0
2026-05-25 16:00:00,2127.13000000,2141.98000000,2125.14000000,2136.40000000,7753.01990000,2026-05-25 16:59:59.999,16530542.11232700,89063,4904.59950000,10457985.49994200,0
2026-05-25 17:00:00,2136.40000000,2140.52000000,2128.24000000,2128.55000000,5752.71160000,2026-05-25 17:59:59.999,12280790.61281000,65514,2059.90820000,4398343.44039200,0
2026-05-25 18:00:00,2128.54000000,2133.81000000,2126.64000000,2126.85000000,3516.00690000,2026-05-25 18:59:59.999,7488309.57371600,50791,1872.29330000,3987559.08916300,0
2026-05-25 19:00:00,2126.86000000,2126.86000000,2116.55000000,2121.43000000,6484.72590000,2026-05-25 19:59:59.999,13760356.96241000,70240,2787.29100000,5913662.50990700,0
2026-05-25 20:00:00,2121.42000000,2123.16000000,2107.38000000,2108.64000000,8784.83010000,2026-05-25 20:59:59.999,18576430.92882200,79614,4174.11490000,8827645.70498000,0
2026-05-25 21:00:00,2108.64000000,2113.04000000,2108.00000000,2110.90000000,5923.72840000,2026-05-25 21:59:59.999,12503541.27902200,69262,3336.72510000,7042878.52835700,0
2026-05-25 22:00:00,2110.90000000,2115.68000000,2102.35000000,2103.61000000,7949.39830000,2026-05-25 22:59:59.999,16762384.02621000,103651,3513.55920000,7409981.59413400,0
2026-05-25 23:00:00,2103.60000000,2113.85000000,2102.62000000,2113.01000000,2777.72120000,2026-05-25 23:59:59.999,5860278.50046500,49803,1608.53200000,3393610.19850300,0
2026-05-26 00:00:00,2113.01000000,2113.89000000,2084.83000000,2097.75000000,13327.66780000,2026-05-26 00:59:59.999,27953423.89671100,149515,4690.90250000,9839878.38411500,0
2026-05-26 01:00:00,2097.74000000,2100.50000000,2088.03000000,2094.35000000,8023.96830000,2026-05-26 01:59:59.999,16801812.73412800,123174,3057.36220000,6403251.37912000,0
2026-05-26 02:00:00,2094.36000000,2095.80000000,2084.79000000,2088.83000000,8476.61350000,2026-05-26 02:59:59.999,17720524.05798800,100889,2875.41080000,6010493.46327600,0
2026-05-26 03:00:00,2088.83000000,2093.84000000,2084.52000000,2093.12000000,4866.84810000,2026-05-26 03:59:59.999,10168343.25157300,69377,1978.22650000,4134482.79754000,0
2026-05-26 04:00:00,2093.11000000,2096.45000000,2088.82000000,2093.67000000,3649.15500000,2026-05-26 04:59:59.999,7638930.41001700,46556,1478.14280000,3093944.16860500,0
2026-05-26 05:00:00,2093.68000000,2103.65000000,2092.05000000,2100.91000000,5929.06560000,2026-05-26 05:59:59.999,12440145.89764800,53364,2177.40690000,4568989.86286100,0
2026-05-26 06:00:00,2100.90000000,2104.65000000,2094.78000000,2101.73000000,4410.94590000,2026-05-26 06:59:59.999,9263413.35778700,56597,1775.93020000,3729961.44940900,0
2026-05-26 07:00:00,2101.73000000,2102.63000000,2090.65000000,2095.61000000,8948.79410000,2026-05-26 07:59:59.999,18755771.78613400,72964,4344.21900000,9104614.91811900,0
2026-05-26 08:00:00,2095.61000000,2100.14000000,2095.13000000,2097.25000000,4538.51240000,2026-05-26 08:59:59.999,9522641.40554400,43658,2823.39020000,5924225.44830100,0
2026-05-26 09:00:00,2097.26000000,2099.62000000,2094.10000000,2096.81000000,5436.34080000,2026-05-26 09:59:59.999,11397769.15406100,55095,2457.41300000,5152376.14297500,0
2026-05-26 10:00:00,2096.80000000,2137.29000000,2094.23000000,2127.56000000,22774.40480000,2026-05-26 10:59:59.999,48376054.02972000,249898,11484.67750000,24383859.11477700,0
2026-05-26 11:00:00,2127.57000000,2130.60000000,2118.60000000,2121.01000000,11839.32260000,2026-05-26 11:59:59.999,25139865.94000600,104676,5483.79840000,11646327.68157600,0
2026-05-26 12:00:00,2121.00000000,2126.93000000,2111.01000000,2126.20000000,14192.12630000,2026-05-26 12:59:59.999,30057564.21712500,103354,6743.92670000,14284922.63021900,0
2026-05-26 13:00:00,2126.20000000,2131.50000000,2109.62000000,2125.30000000,14084.87610000,2026-05-26 13:59:59.999,29864978.46967900,181814,6290.05590000,13342338.69064100,0
2026-05-26 14:00:00,2125.30000000,2140.49000000,2105.85000000,2109.29000000,33208.65610000,2026-05-26 14:59:59.999,70524424.61373100,333390,14844.48980000,31538423.59252200,0
2026-05-26 15:00:00,2109.30000000,2112.20000000,2078.75000000,2087.36000000,32199.25340000,2026-05-26 15:59:59.999,67462922.56965000,318297,13898.12340000,29119244.79818400,0
2026-05-26 16:00:00,2087.36000000,2089.97000000,2073.48000000,2079.56000000,22306.90780000,2026-05-26 16:59:59.999,46411846.02593200,187848,9226.80690000,19196621.82211700,0
2026-05-26 17:00:00,2079.56000000,2083.84000000,2055.06000000,2070.84000000,23360.51180000,2026-05-26 17:59:59.999,48310156.29427700,230512,10131.49290000,20952745.33423000,0
2026-05-26 18:00:00,2070.84000000,2081.21000000,2066.80000000,2068.59000000,12788.13710000,2026-05-26 18:59:59.999,26517856.16586200,131831,5530.59650000,11468783.85616100,0
2026-05-26 19:00:00,2068.60000000,2076.85000000,2065.72000000,2074.29000000,7453.97100000,2026-05-26 19:59:59.999,15442506.95633900,97627,3515.47480000,7283550.13587400,0
2026-05-26 20:00:00,2074.30000000,2078.51000000,2073.90000000,2078.35000000,4902.95550000,2026-05-26 20:59:59.999,10178635.07432800,63855,2683.07210000,5569643.84053900,0
2026-05-26 21:00:00,2078.35000000,2078.78000000,2069.45000000,2072.85000000,5570.49490000,2026-05-26 21:59:59.999,11559379.62579500,62985,2519.99180000,5229425.58422000,0
2026-05-26 22:00:00,2072.85000000,2076.52000000,2065.98000000,2068.79000000,5511.54890000,2026-05-26 22:59:59.999,11412670.50858800,79774,2400.55260000,4970974.66876900,0
2026-05-26 23:00:00,2068.79000000,2076.85000000,2068.79000000,2073.77000000,4752.23180000,2026-05-26 23:59:59.999,9856729.94743000,46656,2873.38220000,5959950.59801800,0
2026-05-27 00:00:00,2073.77000000,2084.23000000,2073.77000000,2083.36000000,6285.95920000,2026-05-27 00:59:59.999,13068859.12391500,73544,3447.80210000,7169051.97138200,0
2026-05-27 01:00:00,2083.35000000,2083.93000000,2071.86000000,2074.53000000,5128.28910000,2026-05-27 01:59:59.999,10647020.13919600,65721,2395.61100000,4972739.08810300,0
2026-05-27 02:00:00,2074.53000000,2076.26000000,2069.11000000,2076.26000000,4885.71760000,2026-05-27 02:59:59.999,10124316.61105300,72813,2378.07810000,4928769.62032300,0
2026-05-27 03:00:00,2076.25000000,2080.00000000,2068.90000000,2070.00000000,5687.04050000,2026-05-27 03:59:59.999,11798194.42740000,67261,2612.39140000,5421502.55024500,0
2026-05-27 04:00:00,2070.01000000,2073.08000000,2056.31000000,2072.21000000,9589.49710000,2026-05-27 04:59:59.999,19804599.11269900,107353,3714.51610000,7673281.55605700,0
2026-05-27 05:00:00,2072.21000000,2079.20000000,2071.62000000,2077.37000000,6758.56650000,2026-05-27 05:59:59.999,14024822.39953700,68451,3588.31420000,7447183.14298800,0
2026-05-27 06:00:00,2077.38000000,2081.46000000,2075.01000000,2079.62000000,5208.19620000,2026-05-27 06:59:59.999,10825914.33701500,63539,2454.24000000,5101835.36366300,0
2026-05-27 07:00:00,2079.62000000,2084.16000000,2076.07000000,2083.78000000,5639.43190000,2026-05-27 07:59:59.999,11728836.11447700,54895,3514.33200000,7308519.75910300,0
2026-05-27 08:00:00,2083.77000000,2096.71000000,2083.56000000,2085.05000000,10820.89540000,2026-05-27 08:59:59.999,22609594.86205900,96089,5702.45450000,11915155.43026200,0
2026-05-27 09:00:00,2085.06000000,2087.78000000,2078.26000000,2083.36000000,6725.06150000,2026-05-27 09:59:59.999,14006424.95843800,75193,3051.41850000,6356337.33568300,0
2026-05-27 10:00:00,2083.36000000,2087.90000000,2079.47000000,2079.50000000,5736.14980000,2026-05-27 10:59:59.999,11950246.38572600,54357,2282.78740000,4757400.13063500,0
2026-05-27 11:00:00,2079.51000000,2085.29000000,2078.88000000,2080.55000000,5464.44910000,2026-05-27 11:59:59.999,11378569.22732900,66206,2437.66680000,5076259.48695300,0
2026-05-27 12:00:00,2080.56000000,2097.40000000,2073.84000000,2078.76000000,16450.21590000,2026-05-27 12:59:59.999,34294448.87057700,172106,7485.67540000,15603335.38668300,0
2026-05-27 13:00:00,2078.76000000,2080.64000000,2051.96000000,2064.53000000,30449.57200000,2026-05-27 13:59:59.999,62808137.12404900,314718,11754.94290000,24244771.80179800,0
2026-05-27 14:00:00,2064.52000000,2071.86000000,2054.84000000,2062.62000000,14769.81580000,2026-05-27 14:59:59.999,30455643.96771300,236777,6738.78660000,13895612.77246500,0
2026-05-27 15:00:00,2062.62000000,2079.73000000,2061.21000000,2071.38000000,17352.51300000,2026-05-27 15:59:59.999,35949729.69055600,184807,8688.90010000,18000668.90676500,0
2026-05-27 16:00:00,2071.39000000,2074.50000000,2060.00000000,2070.15000000,9732.68730000,2026-05-27 16:59:59.999,20119440.77811400,128191,4121.61630000,8520803.30200400,0
2026-05-27 17:00:00,2070.14000000,2070.30000000,2044.08000000,2052.28000000,18451.10300000,2026-05-27 17:59:59.999,37934142.45076500,178186,8089.08040000,16627727.41004400,0
2026-05-27 18:00:00,2052.27000000,2056.92000000,2043.31000000,2056.71000000,9687.17110000,2026-05-27 18:59:59.999,19864836.75234000,151013,4718.66410000,9677115.93843900,0
2026-05-27 19:00:00,2056.72000000,2061.16000000,2054.42000000,2057.47000000,7524.50570000,2026-05-27 19:59:59.999,15484138.80987200,84584,4358.31700000,8969414.86221100,0
2026-05-27 20:00:00,2057.47000000,2066.14000000,2057.22000000,2063.29000000,6848.80960000,2026-05-27 20:59:59.999,14119578.72307000,72059,3775.85750000,7783412.86247500,0
2026-05-27 21:00:00,2063.30000000,2063.30000000,2016.00000000,2021.04000000,27264.09680000,2026-05-27 21:59:59.999,55394162.23606100,280759,9989.72480000,20313451.94470300,0
2026-05-27 22:00:00,2021.04000000,2035.00000000,2016.27000000,2025.34000000,18431.62400000,2026-05-27 22:59:59.999,37357918.03450500,245165,8634.22170000,17500073.87889600,0
2026-05-27 23:00:00,2025.34000000,2030.19000000,2018.17000000,2024.84000000,13071.78920000,2026-05-27 23:59:59.999,26455187.28211800,143175,5652.74000000,11437694.30381300,0
2026-05-28 00:00:00,2024.83000000,2029.20000000,2020.70000000,2028.23000000,7260.13740000,2026-05-28 00:59:59.999,14700940.65454300,110056,2999.24430000,6074744.85404300,0
2026-05-28 01:00:00,2028.23000000,2029.20000000,2012.70000000,2020.32000000,11652.52320000,2026-05-28 01:59:59.999,23540023.64345500,183659,5618.80280000,11352164.58745900,0
2026-05-28 02:00:00,2020.32000000,2021.99000000,2014.77000000,2017.75000000,6355.01110000,2026-05-28 02:59:59.999,12828147.70131100,107404,2648.68860000,5346516.71684000,0
2026-05-28 03:00:00,2017.75000000,2020.96000000,1972.00000000,1981.55000000,65339.90560000,2026-05-28 03:59:59.999,129964128.30557700,404466,26944.35660000,53551292.03258600,0
2026-05-28 04:00:00,1981.55000000,1986.39000000,1967.00000000,1982.33000000,29086.97190000,2026-05-28 04:59:59.999,57552451.10626900,241201,12513.89260000,24761450.20329800,0
2026-05-28 05:00:00,1982.33000000,1983.55000000,1975.66000000,1978.52000000,15129.26730000,2026-05-28 05:59:59.999,29939389.55103000,121126,6170.54570000,12210743.00168700,0
2026-05-28 06:00:00,1978.52000000,1984.83000000,1972.50000000,1984.07000000,13330.43580000,2026-05-28 06:59:59.999,26370977.39330100,107143,7774.21740000,15379835.02533900,0
2026-05-28 07:00:00,1984.07000000,1996.78000000,1982.41000000,1995.56000000,17213.75490000,2026-05-28 07:59:59.999,34289939.60150900,94450,12516.30510000,24935659.75211000,0
2026-05-28 08:00:00,1995.56000000,1996.23000000,1985.00000000,1988.26000000,10802.47240000,2026-05-28 08:59:59.999,21499703.54680500,69403,5852.63510000,11649588.47118200,0
2026-05-28 09:00:00,1988.27000000,1995.51000000,1984.85000000,1994.04000000,7182.52510000,2026-05-28 09:59:59.999,14302734.28137700,76364,3806.71700000,7580608.23763000,0
2026-05-28 10:00:00,1994.04000000,1998.40000000,1988.71000000,1990.32000000,8384.45700000,2026-05-28 10:59:59.999,16711884.16022500,76164,4861.42690000,9690946.14066800,0
2026-05-28 11:00:00,1990.32000000,1992.72000000,1986.53000000,1989.89000000,6584.48840000,2026-05-28 11:59:59.999,13101324.05716600,63700,2742.19950000,5456121.82470800,0
2026-05-28 12:00:00,1989.88000000,1994.58000000,1981.57000000,1991.89000000,8270.53120000,2026-05-28 12:59:59.999,16446145.47827600,104705,4172.49100000,8298281.89767400,0
2026-05-28 13:00:00,1991.88000000,1995.00000000,1975.35000000,1981.55000000,19736.37400000,2026-05-28 13:59:59.999,39128882.33517000,229382,9095.04640000,18032016.53402400,0
2026-05-28 14:00:00,1981.55000000,2002.50000000,1967.38000000,1993.62000000,35350.52050000,2026-05-28 14:59:59.999,70256303.33033800,436728,17516.96340000,34823640.48968700,0
2026-05-28 15:00:00,1993.61000000,1999.40000000,1983.84000000,1990.65000000,12630.76070000,2026-05-28 15:59:59.999,25154279.55111300,189945,6598.31060000,13141437.13136900,0
2026-05-28 16:00:00,1990.65000000,2015.00000000,1985.22000000,2013.19000000,21750.79470000,2026-05-28 16:59:59.999,43546173.90028400,233218,12572.01580000,25175416.03274900,0
2026-05-28 17:00:00,2013.18000000,2027.14000000,2009.26000000,2019.51000000,15166.12170000,2026-05-28 17:59:59.999,30605348.29634600,187631,7236.60240000,14604306.29653500,0
2026-05-28 18:00:00,2019.51000000,2030.00000000,2018.24000000,2025.00000000,12176.78970000,2026-05-28 18:59:59.999,24652327.93853000,143753,6350.01500000,12855352.20606800,0
2026-05-28 19:00:00,2025.00000000,2025.01000000,2014.04000000,2014.55000000,8204.67130000,2026-05-28 19:59:59.999,16574386.04635100,92860,3162.77610000,6389444.59317300,0
2026-05-28 20:00:00,2014.54000000,2020.03000000,2006.44000000,2014.11000000,8782.19700000,2026-05-28 20:59:59.999,17691676.19431200,102838,4275.09120000,8613095.96023700,0
2026-05-28 21:00:00,2014.12000000,2024.63000000,2013.42000000,2020.17000000,10806.26590000,2026-05-28 21:59:59.999,21843471.39910200,77377,5312.72270000,10736931.81691800,0
2026-05-28 22:00:00,2020.17000000,2022.90000000,2005.43000000,2005.60000000,6944.66990000,2026-05-28 22:59:59.999,13969757.00890100,94191,2964.45910000,5964854.40846500,0
2026-05-28 23:00:00,2005.60000000,2011.96000000,2005.60000000,2009.90000000,5693.27440000,2026-05-28 23:59:59.999,11434952.34209900,61267,2375.50400000,4771361.21464900,0
2026-05-29 00:00:00,2009.89000000,2017.17000000,2009.89000000,2012.46000000,6280.29710000,2026-05-29 00:59:59.999,12651978.76957900,87082,3256.08760000,6558692.46624700,0
2026-05-29 01:00:00,2012.45000000,2016.47000000,2005.90000000,2008.23000000,4986.04930000,2026-05-29 01:59:59.999,10022380.72696200,84667,2647.55490000,5322296.20068900,0
2026-05-29 02:00:00,2008.23000000,2010.62000000,1997.24000000,1999.22000000,9165.03500000,2026-05-29 02:59:59.999,18368278.94688700,103798,4404.26510000,8825581.84421900,0
2026-05-29 03:00:00,1999.23000000,2007.86000000,1999.23000000,2002.78000000,3879.19330000,2026-05-29 03:59:59.999,7773204.18270200,59544,2113.82500000,4235449.71405800,0
2026-05-29 04:00:00,2002.79000000,2008.51000000,1998.40000000,2008.51000000,5655.09470000,2026-05-29 04:59:59.999,11329068.59213800,65554,3094.68580000,6200249.03024700,0
2026-05-29 05:00:00,2008.51000000,2015.30000000,2008.00000000,2014.56000000,6780.81160000,2026-05-29 05:59:59.999,13640910.42311700,67057,3582.52530000,7207816.99299000,0
2026-05-29 06:00:00,2014.56000000,2021.51000000,2012.17000000,2018.09000000,6848.14420000,2026-05-29 06:59:59.999,13805789.85896400,62355,3468.60780000,6993740.35900200,0
2026-05-29 07:00:00,2018.09000000,2019.81000000,2003.46000000,2007.62000000,15125.86770000,2026-05-29 07:59:59.999,30384483.40604600,79063,8770.08460000,17611338.47802700,0
2026-05-29 08:00:00,2007.61000000,2013.91000000,2005.45000000,2006.11000000,12193.23020000,2026-05-29 08:59:59.999,24504458.31007600,60106,5611.87430000,11277697.73631200,0
2026-05-29 09:00:00,2006.11000000,2016.11000000,2006.11000000,2014.85000000,6224.13420000,2026-05-29 09:59:59.999,12525910.52334900,53063,4007.69280000,8064322.38818300,0
2026-05-29 10:00:00,2014.84000000,2014.85000000,2009.77000000,2011.10000000,4438.34050000,2026-05-29 10:59:59.999,8932678.80476600,41384,1459.64060000,2937813.37908300,0
2026-05-29 11:00:00,2011.11000000,2014.29000000,2002.35000000,2007.58000000,5868.37360000,2026-05-29 11:59:59.999,11786070.19875400,64535,2686.06640000,5395113.70747600,0
2026-05-29 12:00:00,2007.58000000,2007.58000000,1995.10000000,1999.78000000,9243.97800000,2026-05-29 12:59:59.999,18494853.30704500,110083,4153.61840000,8310220.08065900,0
2026-05-29 13:00:00,1999.78000000,2006.16000000,1988.14000000,1999.53000000,14117.28760000,2026-05-29 13:59:59.999,28171256.42415700,184535,6863.66490000,13694366.02706700,0
2026-05-29 14:00:00,1999.53000000,2004.31000000,1976.48000000,2001.84000000,25392.70960000,2026-05-29 14:59:59.999,50571854.27503100,330971,11092.06530000,22096700.30769200,0
2026-05-29 15:00:00,2001.85000000,2046.59000000,1999.45000000,2031.62000000,52313.77480000,2026-05-29 15:59:59.999,106120522.71677100,461017,27955.93340000,56694003.92038500,0
2026-05-29 16:00:00,2031.62000000,2043.00000000,2022.24000000,2040.45000000,21645.74370000,2026-05-29 16:59:59.999,44049185.82495700,251990,12937.96620000,26327942.48296000,0
2026-05-29 17:00:00,2040.46000000,2044.29000000,2026.21000000,2028.27000000,16364.82310000,2026-05-29 17:59:59.999,33352002.90468200,173178,8803.18720000,17944894.30652600,0
2026-05-29 18:00:00,2028.28000000,2031.64000000,2006.21000000,2011.41000000,20432.86400000,2026-05-29 18:59:59.999,41312006.36573500,194223,8468.70990000,17127258.12882300,0
2026-05-29 19:00:00,2011.41000000,2022.20000000,2005.00000000,2016.96000000,8916.98580000,2026-05-29 19:59:59.999,17970629.30074700,125623,4694.09380000,9462713.55224900,0
2026-05-29 20:00:00,2016.96000000,2023.84000000,2015.00000000,2018.17000000,4675.63810000,2026-05-29 20:59:59.999,9444887.36830800,69352,2579.38740000,5210570.89246500,0
2026-05-29 21:00:00,2018.17000000,2023.99000000,2008.23000000,2009.40000000,6797.63340000,2026-05-29 21:59:59.999,13693000.58342100,71481,2879.15930000,5799201.80903000,0
2026-05-29 22:00:00,2009.41000000,2017.24000000,2007.78000000,2013.83000000,7115.93810000,2026-05-29 22:59:59.999,14320920.73226900,61097,3882.92260000,7812983.33571100,0
2026-05-29 23:00:00,2013.83000000,2015.60000000,2007.00000000,2014.54000000,8683.74740000,2026-05-29 23:59:59.999,17463553.30241900,63612,2662.01350000,5354219.22341200,0
2026-05-30 00:00:00,2014.54000000,2016.18000000,2010.69000000,2014.74000000,3128.72830000,2026-05-30 00:59:59.999,6302113.13986400,50612,1552.75310000,3127424.53470200,0
2026-05-30 01:00:00,2014.75000000,2021.55000000,2013.67000000,2019.46000000,4722.86220000,2026-05-30 01:59:59.999,9534374.10992400,50558,2443.57300000,4933199.90301700,0
2026-05-30 02:00:00,2019.46000000,2021.34000000,2017.12000000,2021.34000000,2258.52710000,2026-05-30 02:59:59.999,4561957.88844900,29877,1190.53440000,2404707.33224200,0
2026-05-30 03:00:00,2021.34000000,2023.55000000,2014.74000000,2016.83000000,4535.17380000,2026-05-30 03:59:59.999,9156263.82851300,39002,1883.84380000,3803998.64299600,0
2026-05-30 04:00:00,2016.83000000,2018.44000000,2002.00000000,2010.80000000,8354.40330000,2026-05-30 04:59:59.999,16777188.44660400,81498,3213.28140000,6453396.99570800,0
2026-05-30 05:00:00,2010.81000000,2019.50000000,2008.02000000,2015.95000000,5706.84540000,2026-05-30 05:59:59.999,11496647.10305700,50140,3508.94540000,7068431.40503100,0
2026-05-30 06:00:00,2015.95000000,2020.56000000,2012.86000000,2016.98000000,6091.64750000,2026-05-30 06:59:59.999,12290739.56061100,40706,4054.17580000,8180602.98855000,0
2026-05-30 07:00:00,2016.99000000,2017.88000000,2013.62000000,2016.32000000,2597.75020000,2026-05-30 07:59:59.999,5235852.96770500,24673,1383.35430000,2788171.38747200,0
2026-05-30 08:00:00,2016.32000000,2016.32000000,2013.92000000,2014.16000000,1417.52620000,2026-05-30 08:59:59.999,2856159.68649000,16629,550.50050000,1109171.14112100,0
2026-05-30 09:00:00,2014.16000000,2017.27000000,2013.92000000,2016.79000000,1604.40060000,2026-05-30 09:59:59.999,3234008.69315100,26268,969.11670000,1953433.60366800,0
2026-05-30 10:00:00,2016.79000000,2022.00000000,2016.34000000,2017.98000000,4377.43830000,2026-05-30 10:59:59.999,8840628.76851300,28309,2627.70910000,5306728.79264400,0
2026-05-30 11:00:00,2017.99000000,2019.05000000,2015.19000000,2017.40000000,1929.94630000,2026-05-30 11:59:59.999,3892915.22373000,19127,739.63040000,1491967.44812700,0
2026-05-30 12:00:00,2017.40000000,2020.35000000,2017.14000000,2019.86000000,2239.17440000,2026-05-30 12:59:59.999,4519865.68430600,21515,1503.69100000,3035401.70710900,0
2026-05-30 13:00:00,2019.85000000,2022.77000000,2017.44000000,2020.73000000,3166.30200000,2026-05-30 13:59:59.999,6396355.37057500,27641,1616.09680000,3265222.16787300,0
2026-05-30 14:00:00,2020.73000000,2030.62000000,2020.61000000,2026.60000000,10041.35830000,2026-05-30 14:59:59.999,20353663.96640900,92627,6795.13380000,13773443.02096600,0
2026-05-30 15:00:00,2026.59000000,2032.00000000,2024.20000000,2026.61000000,7299.13170000,2026-05-30 15:59:59.999,14797419.77899300,67473,3335.02420000,6762265.81264400,0
2026-05-30 16:00:00,2026.63000000,2028.33000000,2024.35000000,2027.09000000,3401.62080000,2026-05-30 16:59:59.999,6892615.98596600,40134,1903.36260000,3856869.27194000,0
2026-05-30 17:00:00,2027.09000000,2029.01000000,2019.50000000,2027.17000000,5801.74210000,2026-05-30 17:59:59.999,11742584.59189400,59408,3028.73150000,6129842.15257300,0
2026-05-30 18:00:00,2027.17000000,2030.01000000,2024.56000000,2027.59000000,3796.48460000,2026-05-30 18:59:59.999,7697364.67838100,37925,2316.37500000,4696801.19141800,0
2026-05-30 19:00:00,2027.59000000,2029.12000000,2024.54000000,2028.76000000,2670.57390000,2026-05-30 19:59:59.999,5413057.35908200,28401,1537.71750000,3116992.36753500,0
2026-05-30 20:00:00,2028.77000000,2029.68000000,2025.70000000,2027.05000000,4267.55370000,2026-05-30 20:59:59.999,8650857.89566800,24669,1299.87600000,2635607.16575000,0
2026-05-30 21:00:00,2027.05000000,2031.41000000,2027.05000000,2028.15000000,2733.38250000,2026-05-30 21:59:59.999,5547924.39459200,24831,1471.48250000,2986524.60582400,0
2026-05-30 22:00:00,2028.15000000,2028.15000000,2020.94000000,2023.57000000,3637.01750000,2026-05-30 22:59:59.999,7361173.56525600,51169,1594.37580000,3226817.63567700,0
2026-05-30 23:00:00,2023.56000000,2026.10000000,2020.35000000,2022.44000000,2197.94420000,2026-05-30 23:59:59.999,4445392.17258600,36179,1045.97800000,2115698.32981100,0
2026-05-31 00:00:00,2022.44000000,2027.83000000,2020.83000000,2027.12000000,2548.32300000,2026-05-31 00:59:59.999,5158716.23020200,39944,1175.17330000,2379482.97341100,0
2026-05-31 01:00:00,2027.11000000,2034.23000000,2026.85000000,2029.11000000,4396.43450000,2026-05-31 01:59:59.999,8929165.07382400,55417,2793.67910000,5673781.21323000,0
2026-05-31 02:00:00,2029.11000000,2038.00000000,2027.81000000,2034.36000000,7789.87010000,2026-05-31 02:59:59.999,15830202.49694400,75805,4603.14660000,9354786.05569900,0
2026-05-31 03:00:00,2034.35000000,2036.88000000,2032.12000000,2033.41000000,2971.77980000,2026-05-31 03:59:59.999,6046636.14827400,40690,1952.67350000,3973362.42074300,0
2026-05-31 04:00:00,2033.41000000,2034.99000000,2031.27000000,2033.91000000,1965.26430000,2026-05-31 04:59:59.999,3995625.96998800,30111,954.12280000,1939839.49665300,0
2026-05-31 05:00:00,2033.90000000,2033.90000000,2029.29000000,2030.18000000,2805.88790000,2026-05-31 05:59:59.999,5698623.82606600,28399,1693.05240000,3438168.96689000,0
2026-05-31 06:00:00,2030.18000000,2030.93000000,2028.52000000,2029.87000000,2581.65600000,2026-05-31 06:59:59.999,5240230.87842800,24269,1270.30520000,2578561.82886700,0
2026-05-31 07:00:00,2029.87000000,2029.87000000,2022.78000000,2024.01000000,3809.26700000,2026-05-31 07:59:59.999,7715268.83147900,41641,1702.87950000,3449162.68503800,0
2026-05-31 08:00:00,2024.02000000,2029.11000000,2022.85000000,2027.63000000,6125.52000000,2026-05-31 08:59:59.999,12411955.29946100,40922,4268.25110000,8649737.27311700,0
2026-05-31 09:00:00,2027.64000000,2028.60000000,2018.35000000,2021.13000000,5318.30590000,2026-05-31 09:59:59.999,10768562.43506200,45428,2874.64540000,5822657.73047300,0
2026-05-31 10:00:00,2021.13000000,2021.65000000,2015.34000000,2021.05000000,6680.23470000,2026-05-31 10:59:59.999,13486039.98341700,58683,3608.92180000,7286330.61614000,0
2026-05-31 11:00:00,2021.05000000,2024.12000000,2021.04000000,2023.27000000,2875.07910000,2026-05-31 11:59:59.999,5815315.93317400,28198,1946.14680000,3936368.52572200,0
2026-05-31 12:00:00,2023.28000000,2025.16000000,2019.69000000,2022.35000000,3509.08870000,2026-05-31 12:59:59.999,7097840.41285300,33185,1983.75310000,4013365.11732500,0
2026-05-31 13:00:00,2022.35000000,2026.50000000,2019.78000000,2020.50000000,4097.65090000,2026-05-31 13:59:59.999,8290054.27233600,37657,2343.35680000,4741617.49167900,0
2026-05-31 14:00:00,2020.50000000,2021.69000000,2005.83000000,2008.06000000,14507.55030000,2026-05-31 14:59:59.999,29180686.72876100,144208,5605.49210000,11274606.19626400,0
2026-05-31 15:00:00,2008.06000000,2015.22000000,2007.57000000,2010.52000000,7019.63820000,2026-05-31 15:59:59.999,14118881.81738100,67595,3457.16220000,6953368.40401800,0
2026-05-31 16:00:00,2010.52000000,2012.42000000,1997.72000000,2002.09000000,14070.55460000,2026-05-31 16:59:59.999,28185934.58460500,117285,4227.27760000,8469768.40765700,0
2026-05-31 17:00:00,2002.09000000,2007.69000000,1996.21000000,2006.00000000,10508.25520000,2026-05-31 17:59:59.999,21046512.37497800,67674,3484.97720000,6979227.54002100,0
2026-05-31 18:00:00,2006.00000000,2006.07000000,1999.00000000,2000.68000000,7620.59110000,2026-05-31 18:59:59.999,15258407.45404700,45310,1523.22680000,3050080.69445400,0
2026-05-31 19:00:00,2000.69000000,2002.49000000,1993.75000000,1999.59000000,8445.08410000,2026-05-31 19:59:59.999,16872877.82428800,54074,2156.57470000,4308040.26666200,0
2026-05-31 20:00:00,1999.58000000,2008.25000000,1999.58000000,2007.09000000,7603.31290000,2026-05-31 20:59:59.999,15232530.61175000,47385,2597.11480000,5202917.44464600,0
2026-05-31 21:00:00,2007.09000000,2014.28000000,2005.00000000,2012.18000000,11255.73540000,2026-05-31 21:59:59.999,22618461.73733800,99847,4006.78950000,8053762.45490000,0
2026-05-31 22:00:00,2012.18000000,2014.42000000,2004.47000000,2012.43000000,10635.59120000,2026-05-31 22:59:59.999,21385306.31685300,101315,3542.73760000,7123983.25482600,0
2026-05-31 23:00:00,2012.43000000,2023.00000000,2000.11000000,2007.01000000,14594.82090000,2026-05-31 23:59:59.999,29338008.65464700,129277,6071.04340000,12206227.89596600,0
2026-06-01 00:00:00,2007.02000000,2021.50000000,1997.00000000,2015.44000000,31675.10390000,2026-06-01 00:59:59.999,63701857.89668300,176665,11839.41740000,23832780.18270900,0
2026-06-01 01:00:00,2015.44000000,2016.73000000,1994.12000000,1994.70000000,14652.21520000,2026-06-01 01:59:59.999,29371882.60534800,171993,5437.55530000,10898060.45115000,0
2026-06-01 02:00:00,1994.70000000,2017.89000000,1991.31000000,2011.47000000,14969.07540000,2026-06-01 02:59:59.999,30032626.06555700,157405,6491.89150000,13022901.81153500,0
2026-06-01 03:00:00,2011.47000000,2018.09000000,2008.66000000,2009.09000000,11862.72600000,2026-06-01 03:59:59.999,23892126.70507200,117798,3737.44320000,7528014.58778100,0
2026-06-01 04:00:00,2009.09000000,2011.97000000,1993.91000000,1999.99000000,10434.61350000,2026-06-01 04:59:59.999,20873192.53533100,129675,4903.01560000,9804759.22666500,0
2026-06-01 05:00:00,1999.98000000,2001.27000000,1991.65000000,1994.55000000,8636.34480000,2026-06-01 05:59:59.999,17232468.55414000,92690,4875.16720000,9725684.11160300,0
2026-06-01 06:00:00,1994.56000000,1995.34000000,1980.14000000,1988.07000000,11716.66630000,2026-06-01 06:59:59.999,23284542.09952900,181228,5702.78210000,11333212.37918700,0
2026-06-01 07:00:00,1988.08000000,1990.62000000,1971.70000000,1976.43000000,12802.47570000,2026-06-01 07:59:59.999,25366523.76639500,128537,5787.01790000,11468053.78810300,0
2026-06-01 08:00:00,1976.42000000,1985.07000000,1969.90000000,1983.96000000,24059.80120000,2026-06-01 08:59:59.999,47562916.42898900,135504,13335.95770000,26366859.92771900,0
2026-06-01 09:00:00,1983.96000000,1990.11000000,1983.94000000,1987.53000000,9286.27610000,2026-06-01 09:59:59.999,18455568.58327500,100412,4784.22230000,9508063.71872900,0
2026-06-01 10:00:00,1987.53000000,1988.92000000,1980.99000000,1984.49000000,8569.68150000,2026-06-01 10:59:59.999,17007651.41453800,88597,4798.32730000,9523662.21217100,0
2026-06-01 11:00:00,1984.49000000,1986.89000000,1977.07000000,1981.44000000,7214.72120000,2026-06-01 11:59:59.999,14301809.66248500,88961,2933.19040000,5816286.00476600,0
2026-06-01 12:00:00,1981.44000000,1994.39000000,1967.51000000,1989.55000000,16838.78130000,2026-06-01 12:59:59.999,33370757.47922500,240973,8936.10850000,17710750.13679000,0
2026-06-01 13:00:00,1989.55000000,1990.29000000,1956.04000000,1971.22000000,35385.20370000,2026-06-01 13:59:59.999,69799120.31861500,404406,17299.40270000,34117747.94275600,0
2026-06-01 14:00:00,1971.22000000,1977.34000000,1964.64000000,1968.63000000,21808.02980000,2026-06-01 14:59:59.999,42951686.50293300,273305,11299.11710000,22253283.49708600,0
2026-06-01 15:00:00,1968.64000000,1980.24000000,1960.25000000,1968.45000000,16914.15950000,2026-06-01 15:59:59.999,33317592.52281000,219022,9260.15910000,18242453.27458600,0
2026-06-01 16:00:00,1968.45000000,1978.97000000,1958.79000000,1978.15000000,19836.60470000,2026-06-01 16:59:59.999,39071447.85438000,208643,11491.04640000,22644146.56089800,0
2026-06-01 17:00:00,1978.14000000,1996.73000000,1977.72000000,1990.62000000,21987.45550000,2026-06-01 17:59:59.999,43706513.53877100,202188,14411.64740000,28642276.40031400,0
2026-06-01 18:00:00,1990.62000000,1996.00000000,1983.45000000,1992.72000000,12174.76120000,2026-06-01 18:59:59.999,24243994.45214800,110550,7876.77010000,15688379.31554200,0
2026-06-01 19:00:00,1992.72000000,2008.83000000,1992.21000000,2004.53000000,15909.71640000,2026-06-01 19:59:59.999,31813150.06770200,125641,9764.73020000,19517676.25206600,0
2026-06-01 20:00:00,2004.53000000,2008.70000000,2001.14000000,2005.57000000,7714.60410000,2026-06-01 20:59:59.999,15465755.93513900,65654,4215.47850000,8450931.01131500,0
2026-06-01 21:00:00,2005.56000000,2009.20000000,1992.59000000,1994.57000000,16258.54490000,2026-06-01 21:59:59.999,32507165.61739100,131395,7068.64500000,14127889.07706500,0
2026-06-01 22:00:00,1994.57000000,2006.00000000,1984.50000000,2004.43000000,12424.23800000,2026-06-01 22:59:59.999,24802754.80773400,139125,7362.62930000,14701985.54419500,0
2026-06-01 23:00:00,2004.42000000,2008.38000000,1998.13000000,2006.73000000,11296.48400000,2026-06-01 23:59:59.999,22641375.85223500,115855,6353.89950000,12736579.62183500,0
2026-06-02 00:00:00,2006.73000000,2006.78000000,1995.38000000,1996.44000000,6741.65880000,2026-06-02 00:59:59.999,13493222.15295600,112192,3004.21780000,6012587.33756500,0
2026-06-02 01:00:00,1996.43000000,1999.00000000,1979.49000000,1980.15000000,10093.15390000,2026-06-02 01:59:59.999,20073657.40982400,152366,5131.46390000,10204532.76207200,0
2026-06-02 02:00:00,1980.15000000,1997.08000000,1962.76000000,1997.07000000,19278.45490000,2026-06-02 02:59:59.999,38191262.88374200,242897,10055.30490000,19925784.04139200,0
2026-06-02 03:00:00,1997.08000000,2005.00000000,1995.14000000,2003.94000000,10578.97310000,2026-06-02 03:59:59.999,21169164.31329000,120227,5954.87030000,11914883.07809600,0
2026-06-02 04:00:00,2003.94000000,2006.44000000,1995.95000000,1996.85000000,9026.73990000,2026-06-02 04:59:59.999,18066793.33166700,88288,4017.85710000,8040915.88866400,0
2026-06-02 05:00:00,1996.86000000,2001.23000000,1985.00000000,1985.01000000,13413.30250000,2026-06-02 05:59:59.999,26713603.23510200,128803,5406.86970000,10772168.68004100,0
2026-06-02 06:00:00,1985.01000000,1988.88000000,1978.14000000,1982.38000000,12402.12030000,2026-06-02 06:59:59.999,24603468.95627700,131989,6432.69700000,12762466.19212900,0
2026-06-02 07:00:00,1982.39000000,1990.00000000,1973.88000000,1981.88000000,12690.78930000,2026-06-02 07:59:59.999,25166053.24791200,137526,6691.85400000,13270764.44155700,0
2026-06-02 08:00:00,1981.89000000,1989.00000000,1977.00000000,1979.21000000,8983.55780000,2026-06-02 08:59:59.999,17809700.29319100,143974,5137.17710000,10186031.92399100,0
2026-06-02 09:00:00,1979.22000000,1979.78000000,1966.69000000,1975.28000000,16271.77470000,2026-06-02 09:59:59.999,32109515.71481700,175171,7302.12320000,14411137.84090600,0
2026-06-02 10:00:00,1975.27000000,1983.88000000,1971.75000000,1983.49000000,16133.20950000,2026-06-02 10:59:59.999,31885362.43427000,109653,5646.75570000,11166084.76826800,0
2026-06-02 11:00:00,1983.49000000,1983.72000000,1975.80000000,1978.53000000,6228.93220000,2026-06-02 11:59:59.999,12328415.35320500,85975,3331.81840000,6594038.56260900,0
2026-06-02 12:00:00,1978.53000000,1982.75000000,1972.57000000,1976.27000000,14674.26340000,2026-06-02 12:59:59.999,29002497.70358200,130638,4019.00280000,7947842.19454600,0
2026-06-02 13:00:00,1976.28000000,1981.79000000,1970.50000000,1974.33000000,13782.88450000,2026-06-02 13:59:59.999,27243796.14518500,221990,6736.39330000,13316343.83320000,0
2026-06-02 14:00:00,1974.34000000,1975.22000000,1925.80000000,1941.36000000,56685.96330000,2026-06-02 14:59:59.999,110263495.67398100,549569,26256.29660000,51069869.32601200,0
2026-06-02 15:00:00,1941.35000000,1941.59000000,1890.00000000,1914.81000000,80076.17400000,2026-06-02 15:59:59.999,153376344.68006300,603249,39073.52020000,74867539.31728000,0
2026-06-02 16:00:00,1914.81000000,1943.87000000,1909.57000000,1920.59000000,32465.64500000,2026-06-02 16:59:59.999,62571472.92282000,360384,18952.52150000,36525915.49005800,0
2026-06-02 17:00:00,1920.59000000,1931.53000000,1919.59000000,1924.18000000,12294.37620000,2026-06-02 17:59:59.999,23666419.07901800,178183,6976.44430000,13428952.30030000,0
2026-06-02 18:00:00,1924.18000000,1928.00000000,1903.38000000,1913.11000000,13900.74560000,2026-06-02 18:59:59.999,26616996.14275400,201704,6624.88750000,12685063.39343800,0
2026-06-02 19:00:00,1913.11000000,1917.80000000,1881.01000000,1912.28000000,37361.63370000,2026-06-02 19:59:59.999,70998110.40707100,331201,16256.23770000,30886859.16752900,0
2026-06-02 20:00:00,1912.28000000,1919.01000000,1895.53000000,1906.74000000,18496.86290000,2026-06-02 20:59:59.999,35277263.67217100,251575,8730.52430000,16653335.44504400,0
2026-06-02 21:00:00,1906.75000000,1911.45000000,1897.23000000,1900.34000000,11944.15310000,2026-06-02 21:59:59.999,22763143.09553300,167354,5562.55080000,10603331.32929800,0
2026-06-02 22:00:00,1900.35000000,1909.59000000,1862.23000000,1868.77000000,53213.05510000,2026-06-02 22:59:59.999,100313263.85626800,532644,24616.55870000,46427428.57303600,0
2026-06-02 23:00:00,1868.78000000,1873.37000000,1839.02000000,1859.84000000,70147.11810000,2026-06-02 23:59:59.999,130105127.41716600,601759,30553.44990000,56651375.53774200,0
2026-06-03 00:00:00,1859.84000000,1874.11000000,1854.62000000,1867.35000000,26805.15750000,2026-06-03 00:59:59.999,50044670.08515900,254387,13077.66790000,24417505.68416600,0
2026-06-03 01:00:00,1867.35000000,1870.01000000,1850.00000000,1864.51000000,17229.50110000,2026-06-03 01:59:59.999,32056523.33001600,237259,7949.91900000,14795726.93079700,0
2026-06-03 02:00:00,1864.52000000,1864.94000000,1851.20000000,1854.09000000,25684.40900000,2026-06-03 02:59:59.999,47710773.78371100,176334,14433.01770000,26811982.63604500,0
2026-06-03 03:00:00,1854.09000000,1856.71000000,1816.92000000,1828.24000000,53071.35550000,2026-06-03 03:59:59.999,97416656.24617400,413622,23566.39330000,43238413.51121400,0
2026-06-03 04:00:00,1828.24000000,1852.00000000,1827.65000000,1850.84000000,24723.50330000,2026-06-03 04:59:59.999,45563388.85640400,249948,14667.48970000,27036853.54834600,0
2026-06-03 05:00:00,1850.84000000,1876.12000000,1849.99000000,1873.45000000,31617.55500000,2026-06-03 05:59:59.999,59025328.49817400,280022,17452.41420000,32580896.56176700,0
2026-06-03 06:00:00,1873.44000000,1884.41000000,1870.28000000,1871.87000000,20166.39120000,2026-06-03 06:59:59.999,37841963.18541500,193203,11587.40990000,21744829.59821600,0
2026-06-03 07:00:00,1871.87000000,1880.38000000,1867.97000000,1878.39000000,13929.20160000,2026-06-03 07:59:59.999,26138126.50993200,123613,8782.76990000,16479692.28277300,0
2026-06-03 08:00:00,1878.39000000,1883.43000000,1873.32000000,1880.02000000,11595.72040000,2026-06-03 08:59:59.999,21775390.15068700,128576,5690.86230000,10687483.69713200,0
2026-06-03 09:00:00,1880.01000000,1886.58000000,1869.95000000,1876.28000000,18298.05500000,2026-06-03 09:59:59.999,34362307.87110800,158234,9578.78770000,17990891.20413200,0
2026-06-03 10:00:00,1876.28000000,1893.07000000,1875.01000000,1884.79000000,13130.30990000,2026-06-03 10:59:59.999,24756785.89906800,160648,6970.56590000,13142509.63094400,0
2026-06-03 11:00:00,1884.79000000,1888.29000000,1876.12000000,1878.16000000,10219.95210000,2026-06-03 11:59:59.999,19239932.35244100,110554,4429.82950000,8339206.06013300,0
2026-06-03 12:00:00,1878.17000000,1880.00000000,1868.02000000,1876.40000000,14379.87920000,2026-06-03 12:59:59.999,26943231.13469800,176217,7619.01690000,14274501.05001900,0
2026-06-03 13:00:00,1876.41000000,1879.68000000,1861.35000000,1867.64000000,18775.49240000,2026-06-03 13:59:59.999,35114905.44519400,313511,8903.95160000,16655257.10603200,0
2026-06-03 14:00:00,1867.64000000,1868.72000000,1852.80000000,1858.51000000,15577.34300000,2026-06-03 14:59:59.999,28966401.83211900,320947,7101.13640000,13207770.36748400,0
2026-06-03 15:00:00,1858.51000000,1859.75000000,1836.21000000,1837.21000000,29759.54090000,2026-06-03 15:59:59.999,54931955.80076700,322052,16266.76330000,30029211.39531300,0
2026-06-03 16:00:00,1837.22000000,1844.08000000,1811.15000000,1832.68000000,38869.87310000,2026-06-03 16:59:59.999,71026966.95830200,459280,18233.76790000,33339421.01663100,0
2026-06-03 17:00:00,1832.68000000,1839.53000000,1818.14000000,1828.11000000,15349.43720000,2026-06-03 17:59:59.999,28059194.99896100,257669,7509.97440000,13726619.43442900,0
2026-06-03 18:00:00,1828.12000000,1834.41000000,1821.65000000,1832.25000000,10214.01690000,2026-06-03 18:59:59.999,18673406.40187600,179970,5388.59850000,9852203.32030400,0
2026-06-03 19:00:00,1832.25000000,1833.64000000,1795.23000000,1803.41000000,39961.41270000,2026-06-03 19:59:59.999,72369613.51455300,295109,14687.24200000,26619662.20494900,0
2026-06-03 20:00:00,1803.41000000,1813.11000000,1769.62000000,1781.44000000,48128.06540000,2026-06-03 20:59:59.999,86297929.24089300,444149,20409.90860000,36593676.89599000,0
2026-06-03 21:00:00,1781.44000000,1850.29000000,1777.67000000,1850.10000000,40851.55270000,2026-06-03 21:59:59.999,74380857.78290100,479810,23803.76530000,43343744.71769700,0
2026-06-03 22:00:00,1850.10000000,1852.20000000,1822.77000000,1829.00000000,26081.90600000,2026-06-03 22:59:59.999,47891596.87245200,429933,12975.59060000,23827469.56758100,0
2026-06-03 23:00:00,1829.01000000,1830.93000000,1812.84000000,1813.05000000,20340.85070000,2026-06-03 23:59:59.999,37023693.14766800,331209,10323.41520000,18789227.68450100,0
2026-06-04 00:00:00,1813.05000000,1820.50000000,1782.60000000,1793.85000000,36694.14840000,2026-06-04 00:59:59.999,65979951.99060500,555427,18196.08010000,32729968.21178300,0
2026-06-04 01:00:00,1793.86000000,1801.06000000,1755.00000000,1759.77000000,45394.29140000,2026-06-04 01:59:59.999,80513854.44596800,735560,19591.03500000,34766198.87601400,0
2026-06-04 02:00:00,1759.76000000,1778.93000000,1717.28000000,1766.82000000,84214.12130000,2026-06-04 02:59:59.999,147294895.08123800,610853,37268.82400000,65231324.61951200,0
2026-06-04 03:00:00,1766.83000000,1812.52000000,1766.60000000,1809.24000000,33743.49770000,2026-06-04 03:59:59.999,60672807.21128400,285504,20260.74000000,36426543.59523400,0
2026-06-04 04:00:00,1809.24000000,1818.00000000,1802.69000000,1805.49000000,16956.15640000,2026-06-04 04:59:59.999,30684875.08881100,193827,8820.33150000,15965964.72062300,0
2026-06-04 05:00:00,1805.49000000,1805.49000000,1780.59000000,1784.06000000,27581.12140000,2026-06-04 05:59:59.999,49374488.03856500,266999,12691.31150000,22716983.10758200,0
2026-06-04 06:00:00,1784.05000000,1802.06000000,1782.07000000,1789.95000000,18731.13950000,2026-06-04 06:59:59.999,33589193.89084900,221794,9524.87600000,17081266.42422100,0
2026-06-04 07:00:00,1789.96000000,1790.72000000,1773.52000000,1777.45000000,19717.13420000,2026-06-04 07:59:59.999,35108979.08491500,216483,9933.99800000,17692357.48342800,0
2026-06-04 08:00:00,1777.44000000,1783.27000000,1763.98000000,1773.63000000,21922.87410000,2026-06-04 08:59:59.999,38846500.79120200,318276,10155.71650000,17998394.51332100,0
2026-06-04 09:00:00,1773.63000000,1774.14000000,1744.53000000,1766.52000000,40911.80620000,2026-06-04 09:59:59.999,71847728.46908500,479894,19288.66440000,33878894.70602600,0
2026-06-04 10:00:00,1766.58000000,1767.22000000,1730.13000000,1736.86000000,43989.13150000,2026-06-04 10:59:59.999,76808324.69756100,464920,18323.13690000,32001462.94193500,0
2026-06-04 11:00:00,1736.86000000,1754.67000000,1732.53000000,1751.51000000,34563.04900000,2026-06-04 11:59:59.999,60267428.67172800,353980,14047.05570000,24494843.85005800,0
2026-06-04 12:00:00,1751.51000000,1782.91000000,1744.29000000,1778.16000000,36619.23360000,2026-06-04 12:59:59.999,64664393.09539800,487504,20880.51680000,36887034.13945600,0
2026-06-04 13:00:00,1778.17000000,1790.00000000,1755.65000000,1785.52000000,32434.39160000,2026-06-04 13:59:59.999,57580999.86324000,542330,16012.05550000,28438545.40345100,0
2026-06-04 14:00:00,1785.53000000,1794.43000000,1766.33000000,1774.38000000,24657.81690000,2026-06-04 14:59:59.999,43912692.42856500,360847,11770.66060000,20957283.91006900,0
2026-06-04 15:00:00,1774.37000000,1791.29000000,1770.64000000,1777.02000000,17792.95460000,2026-06-04 15:59:59.999,31662229.73209400,294810,9571.52570000,17036116.80386900,0
2026-06-04 16:00:00,1777.03000000,1781.25000000,1766.13000000,1772.20000000,13479.11200000,2026-06-04 16:59:59.999,23907017.02322400,244093,6771.94340000,12011751.40199800,0
2026-06-04 17:00:00,1772.20000000,1776.03000000,1754.00000000,1768.05000000,18286.18720000,2026-06-04 17:59:59.999,32269141.17129200,251607,9329.28260000,16463808.97314400,0
2026-06-04 18:00:00,1768.06000000,1783.64000000,1760.01000000,1776.28000000,16596.93340000,2026-06-04 18:59:59.999,29425959.13812800,233164,9943.98060000,17633234.57027200,0
2026-06-04 19:00:00,1776.27000000,1787.11000000,1771.00000000,1776.94000000,12182.34130000,2026-06-04 19:59:59.999,21674152.08394400,185784,6574.93890000,11699191.48923000,0
2026-06-04 20:00:00,1776.93000000,1777.52000000,1764.66000000,1774.88000000,8739.77790000,2026-06-04 20:59:59.999,15480076.04427600,156387,4183.68930000,7410105.38671400,0
2026-06-04 21:00:00,1774.87000000,1783.02000000,1757.11000000,1761.20000000,14740.52500000,2026-06-04 21:59:59.999,26095894.01526900,194139,6633.85470000,11751149.98407800,0
2026-06-04 22:00:00,1761.20000000,1770.26000000,1752.46000000,1768.73000000,17189.29270000,2026-06-04 22:59:59.999,30255298.90952300,369493,7611.71300000,13402044.04071200,0
2026-06-04 23:00:00,1768.74000000,1777.02000000,1757.35000000,1770.77000000,11169.06780000,2026-06-04 23:59:59.999,19744812.37445900,199076,5734.70980000,10137688.64778200,0
2026-06-05 00:00:00,1770.76000000,1774.99000000,1758.51000000,1759.42000000,11334.25800000,2026-06-05 00:59:59.999,20030689.26942200,244137,5420.54300000,9581164.61351400,0
2026-06-05 01:00:00,1759.43000000,1764.07000000,1746.52000000,1753.33000000,18021.46050000,2026-06-05 01:59:59.999,31611868.53364300,318807,8079.70320000,14175092.62399700,0
2026-06-05 02:00:00,1753.34000000,1754.90000000,1727.65000000,1730.24000000,35131.51600000,2026-06-05 02:59:59.999,61163079.98560400,417591,17431.76070000,30356383.17275700,0
2026-06-05 03:00:00,1730.24000000,1739.50000000,1722.36000000,1729.71000000,23683.96270000,2026-06-05 03:59:59.999,40989623.06663800,360269,10071.90170000,17433240.76378100,0
2026-06-05 04:00:00,1729.72000000,1746.05000000,1718.25000000,1744.64000000,29566.10430000,2026-06-05 04:59:59.999,51093271.99367400,375173,12686.17480000,21944407.70535200,0
2026-06-05 05:00:00,1744.64000000,1747.80000000,1681.29000000,1684.16000000,80235.85930000,2026-06-05 05:59:59.999,136850023.11311200,606785,35439.27230000,60397725.67050500,0
2026-06-05 06:00:00,1684.16000000,1689.50000000,1625.78000000,1656.52000000,128261.03020000,2026-06-05 06:59:59.999,212738887.09634300,1152148,62480.30000000,103599270.55567200,0
2026-06-05 07:00:00,1656.52000000,1680.00000000,1633.45000000,1679.21000000,75612.23370000,2026-06-05 07:59:59.999,125499114.68175200,775869,41135.23750000,68307503.24221000,0
2026-06-05 08:00:00,1679.22000000,1679.64000000,1659.43000000,1663.87000000,38257.51350000,2026-06-05 08:59:59.999,63857793.78459400,415370,17609.44630000,29394274.99440800,0
2026-06-05 09:00:00,1663.88000000,1690.07000000,1662.85000000,1682.72000000,32616.27790000,2026-06-05 09:59:59.999,54773266.66667900,381341,18338.74430000,30794285.23005400,0
2026-06-05 10:00:00,1682.73000000,1685.03000000,1672.05000000,1676.87000000,22741.50960000,2026-06-05 10:59:59.999,38126887.29293500,259659,9459.20930000,15860939.06216300,0
2026-06-05 11:00:00,1676.86000000,1681.80000000,1663.00000000,1663.44000000,25803.36930000,2026-06-05 11:59:59.999,43154086.45106600,299044,11645.38900000,19471553.23519500,0
2026-06-05 12:00:00,1663.43000000,1671.47000000,1646.10000000,1657.28000000,40610.03970000,2026-06-05 12:59:59.999,67352843.40214400,559773,18382.22970000,30491584.11168000,0
2026-06-05 13:00:00,1657.28000000,1677.70000000,1612.35000000,1615.04000000,67988.58310000,2026-06-05 13:59:59.999,112109758.52860200,694209,29318.42710000,48346730.78090000,0
2026-06-05 14:00:00,1615.05000000,1624.56000000,1590.80000000,1600.96000000,118217.60460000,2026-06-05 14:59:59.999,190088324.58811600,1054857,52064.76150000,83767964.00447300,0
2026-06-05 15:00:00,1600.96000000,1604.60000000,1572.22000000,1583.29000000,77516.79360000,2026-06-05 15:59:59.999,123104303.16258700,791194,34483.33580000,54774533.11273700,0
2026-06-05 16:00:00,1583.29000000,1612.44000000,1547.01000000,1608.49000000,100794.17260000,2026-06-05 16:59:59.999,159475208.38087400,921262,49907.39140000,79078353.29250800,0
2026-06-05 17:00:00,1608.48000000,1612.89000000,1588.00000000,1594.28000000,35170.71110000,2026-06-05 17:59:59.999,56168291.79274200,458926,18289.88130000,29215251.22864400,0
2026-06-05 18:00:00,1594.28000000,1598.66000000,1544.68000000,1553.26000000,65573.29690000,2026-06-05 18:59:59.999,102741740.45945300,614473,33023.48060000,51758984.93672600,0
2026-06-05 19:00:00,1553.26000000,1580.30000000,1540.19000000,1574.06000000,65869.89840000,2026-06-05 19:59:59.999,102548992.97846000,708625,33583.69630000,52291638.11708000,0
2026-06-05 20:00:00,1574.07000000,1608.50000000,1557.36000000,1603.38000000,56901.99520000,2026-06-05 20:59:59.999,90539868.71133200,518130,30765.17270000,48956003.93413900,0
2026-06-05 21:00:00,1603.38000000,1619.30000000,1602.45000000,1609.80000000,40414.30080000,2026-06-05 21:59:59.999,65123071.77396800,323506,21167.72550000,34112913.56461900,0
2026-06-05 22:00:00,1609.81000000,1610.25000000,1589.68000000,1597.14000000,33048.59830000,2026-06-05 22:59:59.999,52796887.30578400,448946,17078.44650000,27283196.60546500,0
2026-06-05 23:00:00,1597.14000000,1603.89000000,1561.07000000,1583.40000000,33642.07150000,2026-06-05 23:59:59.999,53182012.15725800,317685,17546.22380000,27727630.94399600,0
2026-06-06 00:00:00,1583.40000000,1601.22000000,1582.71000000,1593.03000000,17320.73330000,2026-06-06 00:59:59.999,27622417.99936300,234913,7899.94640000,12601660.73179700,0
2026-06-06 01:00:00,1593.04000000,1596.77000000,1578.15000000,1583.16000000,12688.55620000,2026-06-06 01:59:59.999,20130038.86057100,194160,5773.93010000,9158345.18766800,0
2026-06-06 02:00:00,1583.16000000,1585.84000000,1566.66000000,1576.20000000,19596.91680000,2026-06-06 02:59:59.999,30897600.51107800,258952,9025.23990000,14229787.93195000,0
2026-06-06 03:00:00,1576.20000000,1576.73000000,1555.28000000,1563.34000000,18998.19080000,2026-06-06 03:59:59.999,29742756.01408500,282687,8338.38360000,13052887.69552100,0
2026-06-06 04:00:00,1563.34000000,1569.57000000,1510.43000000,1522.56000000,53383.62050000,2026-06-06 04:59:59.999,81898823.73404700,619434,23233.04520000,35626763.01869100,0
2026-06-06 05:00:00,1522.57000000,1569.17000000,1505.68000000,1566.71000000,60261.82100000,2026-06-06 05:59:59.999,92890793.60450000,581437,27928.24260000,43047897.35943700,0
2026-06-06 06:00:00,1566.72000000,1581.62000000,1556.01000000,1560.16000000,38270.18540000,2026-06-06 06:59:59.999,60066188.34744000,364634,16864.60270000,26482933.94929000,0
2026-06-06 07:00:00,1560.10000000,1580.22000000,1556.07000000,1575.14000000,30120.16760000,2026-06-06 07:59:59.999,47302376.10339400,267263,16011.07060000,25146941.99463900,0
2026-06-06 08:00:00,1575.14000000,1593.04000000,1570.01000000,1582.57000000,17466.53490000,2026-06-06 08:59:59.999,27652829.73297300,254083,9538.35810000,15102364.98763700,0
2026-06-06 09:00:00,1582.56000000,1588.53000000,1565.97000000,1570.69000000,18081.36020000,2026-06-06 09:59:59.999,28533590.39340300,247099,8557.55980000,13512449.21370000,0
2026-06-06 10:00:00,1570.70000000,1570.70000000,1535.68000000,1548.27000000,39259.35620000,2026-06-06 10:59:59.999,60854060.08929300,432854,18421.35270000,28550898.26828000,0
2026-06-06 11:00:00,1548.26000000,1567.40000000,1547.24000000,1558.89000000,21927.47880000,2026-06-06 11:59:59.999,34192365.54174000,273371,12479.95130000,19456484.10870700,0
2026-06-06 12:00:00,1558.90000000,1575.82000000,1551.56000000,1571.32000000,25985.71500000,2026-06-06 12:59:59.999,40626176.02160300,250387,14456.79970000,22600800.81435900,0
2026-06-06 13:00:00,1571.32000000,1573.36000000,1553.92000000,1557.03000000,32529.21890000,2026-06-06 13:59:59.999,50763104.65795900,252696,14819.92640000,23127032.67231500,0
2026-06-06 14:00:00,1557.04000000,1566.96000000,1556.09000000,1557.70000000,26981.82390000,2026-06-06 14:59:59.999,42148565.18156400,254673,11007.66830000,17194070.07960000,0
2026-06-06 15:00:00,1557.71000000,1565.84000000,1544.87000000,1560.45000000,22450.93110000,2026-06-06 15:59:59.999,34919514.28202400,286378,11101.30190000,17271047.88469400,0
2026-06-06 16:00:00,1560.45000000,1566.00000000,1553.36000000,1563.57000000,15251.34660000,2026-06-06 16:59:59.999,23789634.93862900,209040,9003.31310000,14046168.68503100,0
2026-06-06 17:00:00,1563.58000000,1566.51000000,1547.05000000,1553.54000000,20604.72770000,2026-06-06 17:59:59.999,32079876.01408900,192723,9553.50840000,14874230.89229200,0
2026-06-06 18:00:00,1553.53000000,1566.25000000,1550.01000000,1556.58000000,16596.35150000,2026-06-06 18:59:59.999,25825328.90421600,169257,7659.68860000,11921285.04867500,0
2026-06-06 19:00:00,1556.59000000,1563.51000000,1553.52000000,1554.56000000,8402.48890000,2026-06-06 19:59:59.999,13085197.18892300,126395,4775.21480000,7437140.23491700,0
2026-06-06 20:00:00,1554.55000000,1559.99000000,1550.85000000,1557.61000000,11168.95040000,2026-06-06 20:59:59.999,17359342.95428300,128172,4272.31820000,6641228.35552000,0
2026-06-06 21:00:00,1557.62000000,1565.21000000,1557.62000000,1558.20000000,8365.80310000,2026-06-06 21:59:59.999,13060877.06947600,90292,4485.52330000,7002768.78915000,0
2026-06-06 22:00:00,1558.20000000,1561.93000000,1551.57000000,1558.33000000,10059.27970000,2026-06-06 22:59:59.999,15658930.73328300,167113,5264.69470000,8194621.56873300,0
2026-06-06 23:00:00,1558.33000000,1570.06000000,1556.86000000,1569.69000000,12686.80870000,2026-06-06 23:59:59.999,19846022.22231600,116940,7129.18540000,11152045.08083900,0
2026-06-07 00:00:00,1569.68000000,1572.42000000,1564.10000000,1565.03000000,8353.92290000,2026-06-07 00:59:59.999,13102017.00972600,108512,4353.84240000,6827890.71539000,0
2026-06-07 01:00:00,1565.03000000,1596.54000000,1564.16000000,1590.12000000,23011.92460000,2026-06-07 01:59:59.999,36522395.57125400,296114,12843.21260000,20377028.69015600,0
2026-06-07 02:00:00,1590.12000000,1594.92000000,1582.39000000,1592.67000000,12782.36550000,2026-06-07 02:59:59.999,20313991.86163700,166729,6714.28740000,10670324.88378000,0
2026-06-07 03:00:00,1592.67000000,1600.51000000,1589.72000000,1595.01000000,12634.90400000,2026-06-07 03:59:59.999,20141770.19299500,150919,6902.36130000,11003067.31891400,0
2026-06-07 04:00:00,1595.00000000,1599.10000000,1585.00000000,1597.00000000,12510.22470000,2026-06-07 04:59:59.999,19922463.12713800,140890,6575.44960000,10471759.63440200,0
2026-06-07 05:00:00,1597.00000000,1609.96000000,1593.25000000,1604.02000000,18551.54940000,2026-06-07 05:59:59.999,29746350.30491500,201255,10075.22830000,16153449.24673500,0
2026-06-07 06:00:00,1604.02000000,1623.52000000,1598.54000000,1612.01000000,35177.92620000,2026-06-07 06:59:59.999,56752589.85310500,245640,17300.03350000,27904777.89596300,0
2026-06-07 07:00:00,1612.01000000,1616.46000000,1606.99000000,1615.18000000,22232.50600000,2026-06-07 07:59:59.999,35820822.49157100,120925,13302.29670000,21429890.34408100,0
2026-06-07 08:00:00,1615.18000000,1642.27000000,1608.39000000,1641.35000000,27061.40960000,2026-06-07 08:59:59.999,44024455.68636700,226731,16186.95770000,26334635.50036600,0
2026-06-07 09:00:00,1641.35000000,1648.70000000,1627.90000000,1633.52000000,23602.68750000,2026-06-07 09:59:59.999,38676502.46043300,216735,11323.43130000,18562766.69680800,0
2026-06-07 10:00:00,1633.53000000,1635.73000000,1624.78000000,1625.70000000,16264.24580000,2026-06-07 10:59:59.999,26495261.26906200,169459,5483.31840000,8933843.96854200,0
2026-06-07 11:00:00,1625.70000000,1633.99000000,1622.22000000,1630.12000000,12876.94960000,2026-06-07 11:59:59.999,20963723.51388900,158312,5751.03750000,9364627.48177800,0
2026-06-07 12:00:00,1630.12000000,1631.24000000,1607.00000000,1620.17000000,25613.36590000,2026-06-07 12:59:59.999,41365789.93932400,369595,11741.98770000,18960897.22535900,0
2026-06-07 13:00:00,1620.17000000,1623.00000000,1613.36000000,1617.46000000,10211.52770000,2026-06-07 13:59:59.999,16522006.51760900,164649,4445.78050000,7192901.26251900,0
2026-06-07 14:00:00,1617.46000000,1640.00000000,1616.91000000,1628.13000000,23273.76800000,2026-06-07 14:59:59.999,37878380.03308100,272473,9691.25260000,15778749.06961000,0
2026-06-07 15:00:00,1628.12000000,1636.12000000,1620.85000000,1630.07000000,13937.12810000,2026-06-07 15:59:59.999,22709538.72901600,201194,6595.56100000,10747053.73861200,0
2026-06-07 16:00:00,1630.07000000,1633.52000000,1623.37000000,1628.52000000,13451.87180000,2026-06-07 16:59:59.999,21914869.35383900,182102,5933.95640000,9667030.63071800,0
2026-06-07 17:00:00,1628.52000000,1638.00000000,1627.65000000,1631.35000000,16797.32910000,2026-06-07 17:59:59.999,27455665.18227600,171801,8495.83120000,13886917.91294700,0
2026-06-07 18:00:00,1631.34000000,1636.74000000,1629.00000000,1630.36000000,6104.76660000,2026-06-07 18:59:59.999,9968503.92908000,104359,2852.64550000,4657888.05039800,0
2026-06-07 19:00:00,1630.37000000,1630.56000000,1604.00000000,1613.11000000,23850.47890000,2026-06-07 19:59:59.999,38474260.16396100,280504,10332.14700000,16663192.80241100,0
2026-06-07 20:00:00,1613.10000000,1631.65000000,1609.43000000,1628.14000000,10940.16690000,2026-06-07 20:59:59.999,17764561.90512700,169070,5430.74910000,8820099.87305200,0
2026-06-07 21:00:00,1628.14000000,1634.57000000,1623.72000000,1634.53000000,7293.24850000,2026-06-07 21:59:59.999,11880051.61075100,109044,4074.75680000,6637837.91863800,0
2026-06-07 22:00:00,1634.53000000,1721.93000000,1629.05000000,1672.56000000,60333.99380000,2026-06-07 22:59:59.999,101271636.81423300,587030,30604.24000000,51348564.71983800,0
2026-06-07 23:00:00,1672.55000000,1691.93000000,1670.76000000,1690.51000000,21412.32980000,2026-06-07 23:59:59.999,35988594.36363400,281633,11923.48950000,20044083.20337800,0
2026-06-08 00:00:00,1690.50000000,1711.58000000,1683.24000000,1697.59000000,28454.88850000,2026-06-08 00:59:59.999,48299887.24419800,357233,13715.56440000,23286577.89250900,0
2026-06-08 01:00:00,1697.60000000,1700.20000000,1670.94000000,1687.34000000,23391.14580000,2026-06-08 01:59:59.999,39387883.07759000,373648,10561.13380000,17780594.78567400,0
2026-06-08 02:00:00,1687.34000000,1689.50000000,1678.07000000,1683.90000000,12316.92540000,2026-06-08 02:59:59.999,20735577.15367100,199903,5791.53320000,9750068.36048400,0
2026-06-08 03:00:00,1683.91000000,1692.62000000,1677.00000000,1680.01000000,10307.07880000,2026-06-08 03:59:59.999,17348018.37564900,151880,4532.24300000,7630833.07578300,0
2026-06-08 04:00:00,1680.02000000,1681.00000000,1655.95000000,1657.05000000,19001.86090000,2026-06-08 04:59:59.999,31631307.44282300,211434,7712.14880000,12835087.27027700,0
2026-06-08 05:00:00,1657.05000000,1659.87000000,1645.00000000,1653.68000000,17369.88580000,2026-06-08 05:59:59.999,28702058.46156900,229612,7064.21130000,11671392.01085800,0
2026-06-08 06:00:00,1653.68000000,1669.99000000,1652.78000000,1666.53000000,13339.65700000,2026-06-08 06:59:59.999,22200017.24512300,192802,7211.54750000,11997233.54740700,0
2026-06-08 07:00:00,1666.54000000,1683.49000000,1661.63000000,1673.47000000,23970.61560000,2026-06-08 07:59:59.999,40114164.54093200,183438,13342.41840000,22335754.31948900,0
2026-06-08 08:00:00,1673.46000000,1673.46000000,1658.76000000,1661.17000000,18124.42710000,2026-06-08 08:59:59.999,30192190.83703000,179746,7791.59470000,12979121.12293900,0
2026-06-08 09:00:00,1661.17000000,1672.00000000,1657.21000000,1671.10000000,18578.46030000,2026-06-08 09:59:59.999,30923475.23379600,203092,7920.46660000,13188288.50736100,0
2026-06-08 10:00:00,1671.09000000,1676.95000000,1663.32000000,1672.36000000,11779.20150000,2026-06-08 10:59:59.999,19671748.74847800,147949,5513.32250000,9208034.91709100,0
2026-06-08 11:00:00,1672.37000000,1696.77000000,1667.81000000,1683.76000000,25263.31300000,2026-06-08 11:59:59.999,42561873.66320300,286692,13668.05520000,23034230.78577900,0
2026-06-08 12:00:00,1683.77000000,1698.90000000,1667.46000000,1695.61000000,30493.88630000,2026-06-08 12:59:59.999,51268780.81906400,349324,17145.44160000,28828231.03444100,0
2026-06-08 13:00:00,1695.60000000,1696.82000000,1678.44000000,1681.59000000,36905.21830000,2026-06-08 13:59:59.999,62263262.83033900,449031,24252.41680000,40917452.70715400,0
2026-06-08 14:00:00,1681.59000000,1694.46000000,1676.55000000,1691.25000000,35379.94670000,2026-06-08 14:59:59.999,59673920.56195600,372277,21600.52080000,36442047.66394500,0
2026-06-08 15:00:00,1691.24000000,1706.22000000,1688.69000000,1691.59000000,26426.24710000,2026-06-08 15:59:59.999,44838514.26773800,372528,13825.35840000,23461180.56823400,0
2026-06-08 16:00:00,1691.59000000,1703.88000000,1682.69000000,1682.70000000,21935.62510000,2026-06-08 16:59:59.999,37164592.38983900,254708,9854.77490000,16694967.24249700,0
2026-06-08 17:00:00,1682.70000000,1687.86000000,1675.80000000,1686.80000000,18300.37670000,2026-06-08 17:59:59.999,30776085.28750000,217073,9676.63460000,16273273.23618900,0
2026-06-08 18:00:00,1686.81000000,1692.54000000,1678.69000000,1684.71000000,12223.92360000,2026-06-08 18:59:59.999,20608802.00980200,153761,5911.46610000,9967307.73761000,0
2026-06-08 19:00:00,1684.71000000,1691.76000000,1681.14000000,1684.78000000,20181.14620000,2026-06-08 19:59:59.999,34043625.68231000,182949,9616.24410000,16222262.44351800,0
2026-06-08 20:00:00,1684.78000000,1689.71000000,1679.25000000,1689.71000000,10762.77910000,2026-06-08 20:59:59.999,18133333.58976900,133224,5639.34610000,9501470.23315700,0
2026-06-08 21:00:00,1689.71000000,1714.50000000,1689.71000000,1703.52000000,19220.65990000,2026-06-08 21:59:59.999,32802769.71650900,183614,10999.50450000,18761142.48070200,0
2026-06-08 22:00:00,1703.51000000,1704.19000000,1688.36000000,1703.22000000,10883.86580000,2026-06-08 22:59:59.999,18458062.50313500,176044,5102.01410000,8652466.90180800,0
2026-06-08 23:00:00,1703.21000000,1714.45000000,1686.72000000,1690.49000000,15416.17760000,2026-06-08 23:59:59.999,26159951.10595100,197659,7173.26580000,12172176.48524100,0
2026-06-09 00:00:00,1690.48000000,1696.88000000,1660.00000000,1663.26000000,28703.45820000,2026-06-09 00:59:59.999,48083676.50506000,360670,11017.85310000,18457075.43731300,0
2026-06-09 01:00:00,1663.26000000,1674.27000000,1658.80000000,1669.02000000,11633.80820000,2026-06-09 01:59:59.999,19396209.63863200,211920,5557.33280000,9265570.07637300,0
2026-06-09 02:00:00,1669.01000000,1672.19000000,1654.63000000,1667.89000000,16612.09730000,2026-06-09 02:59:59.999,27631246.00873800,178137,4615.76750000,7678097.88745300,0
2026-06-09 03:00:00,1667.88000000,1671.68000000,1663.83000000,1669.44000000,8667.14470000,2026-06-09 03:59:59.999,14452673.98858100,130771,3591.95020000,5990110.85729000,0
2026-06-09 04:00:00,1669.44000000,1696.41000000,1664.33000000,1686.35000000,17666.92910000,2026-06-09 04:59:59.999,29688355.28302300,181563,9902.60090000,16652221.59569500,0
2026-06-09 05:00:00,1686.36000000,1695.23000000,1681.53000000,1688.25000000,10451.01910000,2026-06-09 05:59:59.999,17654324.68423200,151152,5906.17330000,9977772.27001300,0
2026-06-09 06:00:00,1688.25000000,1695.49000000,1684.06000000,1685.98000000,12296.15880000,2026-06-09 06:59:59.999,20775600.87125100,132661,6158.12750000,10404154.37228600,0
2026-06-09 07:00:00,1685.99000000,1691.59000000,1675.20000000,1679.86000000,15280.92400000,2026-06-09 07:59:59.999,25690383.09118900,124697,5257.96890000,8843315.99574900,0
2026-06-09 08:00:00,1679.86000000,1680.64000000,1668.16000000,1675.28000000,13033.67050000,2026-06-09 08:59:59.999,21827008.10268600,122595,5607.76180000,9391683.45900500,0
2026-06-09 09:00:00,1675.28000000,1680.16000000,1665.00000000,1670.61000000,9977.74650000,2026-06-09 09:59:59.999,16684006.80507000,103098,4562.95660000,7631275.18580300,0
2026-06-09 10:00:00,1670.60000000,1676.41000000,1667.11000000,1674.72000000,8285.71830000,2026-06-09 10:59:59.999,13851766.63440500,95885,4387.15670000,7334798.27134000,0
2026-06-09 11:00:00,1674.72000000,1675.46000000,1666.12000000,1671.96000000,7742.42690000,2026-06-09 11:59:59.999,12936135.28670700,99813,3146.88700000,5257486.88743400,0
2026-06-09 12:00:00,1671.96000000,1683.32000000,1671.04000000,1676.90000000,15615.63140000,2026-06-09 12:59:59.999,26186116.70854100,124136,7608.65240000,12759022.84999900,0
2026-06-09 13:00:00,1676.90000000,1680.63000000,1664.05000000,1666.71000000,22526.17050000,2026-06-09 13:59:59.999,37665706.88224700,219312,9116.88880000,15244616.44570300,0
2026-06-09 14:00:00,1666.71000000,1670.84000000,1633.84000000,1645.90000000,43940.31850000,2026-06-09 14:59:59.999,72410069.59011000,493922,20018.23740000,32982549.29895100,0
2026-06-09 15:00:00,1645.90000000,1653.89000000,1634.45000000,1636.40000000,27668.78110000,2026-06-09 15:59:59.999,45470655.93213700,318207,12610.91440000,20729164.36651500,0
2026-06-09 16:00:00,1636.40000000,1639.35000000,1614.02000000,1632.27000000,36381.07010000,2026-06-09 16:59:59.999,59226013.03124700,449383,17346.08460000,28234055.73438600,0
2026-06-09 17:00:00,1632.28000000,1649.76000000,1632.18000000,1643.04000000,19699.23700000,2026-06-09 17:59:59.999,32363601.72102900,256472,10032.45030000,16480378.49631200,0
2026-06-09 18:00:00,1643.03000000,1655.49000000,1639.87000000,1652.28000000,11940.11950000,2026-06-09 18:59:59.999,19686316.96438300,166296,6097.13270000,10053360.20772800,0
2026-06-09 19:00:00,1652.27000000,1658.64000000,1647.82000000,1657.33000000,13801.80960000,2026-06-09 19:59:59.999,22814218.28081000,171496,6588.62050000,10891411.01508800,0
2026-06-09 20:00:00,1657.33000000,1663.77000000,1655.34000000,1660.59000000,7896.36840000,2026-06-09 20:59:59.999,13099951.27823200,101360,4700.39430000,7797800.92592900,0
2026-06-09 21:00:00,1660.59000000,1661.69000000,1647.29000000,1650.33000000,6653.73300000,2026-06-09 21:59:59.999,11003412.69046300,72812,2897.77850000,4791580.19738400,0
2026-06-09 22:00:00,1650.32000000,1655.00000000,1639.52000000,1640.00000000,6633.87670000,2026-06-09 22:59:59.999,10925187.84625000,106539,2951.36950000,4862544.31266600,0
2026-06-09 23:00:00,1640.01000000,1642.87000000,1630.36000000,1639.52000000,11039.01750000,2026-06-09 23:59:59.999,18077834.59617800,128619,4780.48520000,7829346.39050300,0
2026-06-10 00:00:00,1639.52000000,1646.83000000,1629.52000000,1645.74000000,8118.21280000,2026-06-10 00:59:59.999,13307262.00679400,141468,4096.43440000,6717248.13566700,0
2026-06-10 01:00:00,1645.75000000,1646.91000000,1633.55000000,1638.98000000,7176.75700000,2026-06-10 01:59:59.999,11779395.86423500,159653,3598.53000000,5907999.29854900,0
2026-06-10 02:00:00,1638.99000000,1642.50000000,1621.77000000,1624.22000000,8216.53850000,2026-06-10 02:59:59.999,13382165.88836100,156299,3500.52610000,5700912.64598600,0
2026-06-10 03:00:00,1624.21000000,1636.53000000,1623.52000000,1630.82000000,4424.32580000,2026-06-10 03:59:59.999,7213115.14371200,97892,2442.39180000,3982062.98391300,0
2026-06-10 04:00:00,1630.82000000,1632.92000000,1622.45000000,1625.98000000,4591.32800000,2026-06-10 04:59:59.999,7470362.71674500,100926,2149.53220000,3497591.09387700,0
2026-06-10 05:00:00,1625.99000000,1630.00000000,1616.33000000,1627.99000000,8002.80750000,2026-06-10 05:59:59.999,12991399.34591000,124377,2941.05590000,4776609.70912900,0
2026-06-10 06:00:00,1628.00000000,1634.41000000,1622.76000000,1632.08000000,8041.79260000,2026-06-10 06:59:59.999,13100681.40957300,99560,4805.99330000,7829889.49368000,0
2026-06-10 07:00:00,1632.08000000,1643.58000000,1630.73000000,1640.09000000,8126.55660000,2026-06-10 07:59:59.999,13310219.23128600,106670,4123.79730000,6755849.47223900,0
2026-06-10 08:00:00,1640.10000000,1640.89000000,1618.18000000,1621.34000000,14750.54670000,2026-06-10 08:59:59.999,24001825.50089600,154487,6489.49570000,10548868.40687000,0
2026-06-10 09:00:00,1621.35000000,1626.44000000,1606.01000000,1623.67000000,12606.99160000,2026-06-10 09:59:59.999,20390133.42825300,201200,6419.20640000,10386364.85924400,0
2026-06-10 10:00:00,1623.67000000,1629.99000000,1618.10000000,1628.23000000,5500.82610000,2026-06-10 10:59:59.999,8933958.23786900,118263,2754.70140000,4475099.54956900,0
2026-06-10 11:00:00,1628.23000000,1630.22000000,1612.00000000,1620.05000000,17819.15980000,2026-06-10 11:59:59.999,28853503.01200900,248595,8510.43560000,13778411.65026600,0
2026-06-10 12:00:00,1620.06000000,1645.46000000,1615.91000000,1635.40000000,20732.89350000,2026-06-10 12:59:59.999,33847661.00182000,281728,11800.66910000,19260400.94048200,0
2026-06-10 13:00:00,1635.40000000,1667.96000000,1632.00000000,1651.81000000,21809.46490000,2026-06-10 13:59:59.999,36017602.79761400,362518,12178.55500000,20117311.93275200,0
2026-06-10 14:00:00,1651.82000000,1655.64000000,1637.27000000,1646.72000000,15637.52510000,2026-06-10 14:59:59.999,25750229.75843600,309348,8103.28250000,13350446.44507700,0
2026-06-10 15:00:00,1646.72000000,1665.05000000,1635.85000000,1657.97000000,20813.25300000,2026-06-10 15:59:59.999,34323342.11604600,373857,10569.26300000,17438498.59182100,0
2026-06-10 16:00:00,1657.98000000,1658.73000000,1632.50000000,1641.99000000,17206.21150000,2026-06-10 16:59:59.999,28334650.93507800,300999,8752.06460000,14411451.73691500,0
2026-06-10 17:00:00,1641.99000000,1647.59000000,1622.51000000,1632.32000000,19894.07120000,2026-06-10 17:59:59.999,32478553.73872700,290152,9353.49680000,15269453.56818900,0
2026-06-10 18:00:00,1632.32000000,1636.88000000,1622.52000000,1631.13000000,10584.20280000,2026-06-10 18:59:59.999,17251568.61797300,196575,5514.83810000,8989311.55943500,0
2026-06-10 19:00:00,1631.13000000,1633.69000000,1623.13000000,1630.15000000,7568.51950000,2026-06-10 19:59:59.999,12330054.51918300,164796,3611.44890000,5884875.75252500,0
2026-06-10 20:00:00,1630.15000000,1636.21000000,1623.15000000,1630.65000000,8748.52400000,2026-06-10 20:59:59.999,14256055.01510100,147752,4441.19000000,7237337.15151800,0
2026-06-10 21:00:00,1630.64000000,1630.64000000,1603.44000000,1611.44000000,15299.01850000,2026-06-10 21:59:59.999,24743220.52812600,194811,6068.89770000,9812449.71146900,0
2026-06-10 22:00:00,1611.45000000,1622.38000000,1604.62000000,1616.52000000,13595.35750000,2026-06-10 22:59:59.999,21934396.90382300,210315,6489.34900000,10472267.17758000,0
2026-06-10 23:00:00,1616.52000000,1625.09000000,1609.39000000,1621.59000000,11526.39740000,2026-06-10 23:59:59.999,18640840.81088800,137789,5765.70390000,9326340.13368200,0
2026-06-11 00:00:00,1621.60000000,1634.72000000,1621.60000000,1628.64000000,7724.42950000,2026-06-11 00:59:59.999,12584055.39871000,136750,4588.97350000,7475029.37348200,0
2026-06-11 01:00:00,1628.63000000,1647.88000000,1628.57000000,1642.83000000,7074.66380000,2026-06-11 01:59:59.999,11608790.08447800,131091,3999.44270000,6560917.44825300,0
2026-06-11 02:00:00,1642.83000000,1645.50000000,1630.90000000,1641.07000000,5910.63330000,2026-06-11 02:59:59.999,9684674.07271300,107000,3182.07900000,5214286.11219600,0
2026-06-11 03:00:00,1641.06000000,1661.30000000,1636.09000000,1653.95000000,15578.30700000,2026-06-11 03:59:59.999,25690581.99498700,147586,8907.53920000,14688441.64701600,0
2026-06-11 04:00:00,1653.94000000,1659.72000000,1650.00000000,1656.89000000,6886.65930000,2026-06-11 04:59:59.999,11391383.81935600,98880,3276.33790000,5419497.38311400,0
2026-06-11 05:00:00,1656.89000000,1656.90000000,1647.63000000,1647.95000000,7974.19310000,2026-06-11 05:59:59.999,13165173.78666400,85948,4029.24650000,6652071.56705100,0
2026-06-11 06:00:00,1647.96000000,1663.14000000,1646.20000000,1654.82000000,16221.97280000,2026-06-11 06:59:59.999,26893659.90468400,120566,8222.08350000,13629467.47191700,0
2026-06-11 07:00:00,1654.81000000,1658.30000000,1651.70000000,1654.41000000,5480.14140000,2026-06-11 07:59:59.999,9066488.35669200,67218,2594.06330000,4291695.74751500,0
2026-06-11 08:00:00,1654.40000000,1664.14000000,1654.33000000,1659.96000000,7619.28710000,2026-06-11 08:59:59.999,12647529.01290600,72598,3709.80790000,6158688.01467100,0
2026-06-11 09:00:00,1659.97000000,1662.00000000,1656.47000000,1658.98000000,4916.57930000,2026-06-11 09:59:59.999,8155703.23427500,67244,2368.24580000,3928791.59439400,0
2026-06-11 10:00:00,1658.97000000,1661.58000000,1654.28000000,1658.85000000,6620.76960000,2026-06-11 10:59:59.999,10978841.03792800,77181,3308.55830000,5487589.85555100,0
2026-06-11 11:00:00,1658.85000000,1673.50000000,1656.43000000,1666.84000000,11246.06650000,2026-06-11 11:59:59.999,18723565.53571100,123872,6851.75320000,11404593.34594500,0
2026-06-11 12:00:00,1666.84000000,1666.88000000,1642.12000000,1651.84000000,20236.87970000,2026-06-11 12:59:59.999,33445585.74563400,234583,10153.13430000,16777094.31441300,0
2026-06-11 13:00:00,1651.85000000,1659.52000000,1644.45000000,1653.24000000,11181.15210000,2026-06-11 13:59:59.999,18472959.10568900,200624,5198.00450000,8588539.44462700,0
2026-06-11 14:00:00,1653.24000000,1655.40000000,1638.95000000,1643.04000000,13211.53860000,2026-06-11 14:59:59.999,21773052.59758000,246256,6789.49720000,11191531.93343800,0
2026-06-11 15:00:00,1643.04000000,1650.83000000,1636.19000000,1645.55000000,11179.53170000,2026-06-11 15:59:59.999,18377979.01296300,196201,5728.01560000,9417897.52957100,0
2026-06-11 16:00:00,1645.56000000,1649.50000000,1638.35000000,1639.75000000,7669.88540000,2026-06-11 16:59:59.999,12607598.84886600,135595,3833.75820000,6301727.74644300,0
2026-06-11 17:00:00,1639.74000000,1693.59000000,1632.71000000,1688.66000000,45791.85730000,2026-06-11 17:59:59.999,76387578.75725200,404313,24177.96590000,40321737.28295900,0
2026-06-11 18:00:00,1688.65000000,1691.85000000,1676.98000000,1683.98000000,17473.63640000,2026-06-11 18:59:59.999,29424371.76627000,225060,9355.50690000,15757256.32001000,0
2026-06-11 19:00:00,1683.97000000,1693.55000000,1675.98000000,1681.26000000,14280.26740000,2026-06-11 19:59:59.999,24051360.81636000,181500,7195.08630000,12118001.29154900,0
2026-06-11 20:00:00,1681.26000000,1683.01000000,1667.18000000,1672.37000000,11476.22530000,2026-06-11 20:59:59.999,19204885.32948300,86452,5467.55540000,9151200.47162300,0
2026-06-11 21:00:00,1672.37000000,1683.29000000,1672.14000000,1677.00000000,8304.80250000,2026-06-11 21:59:59.999,13944507.85684200,81005,5119.68000000,8596702.23589800,0
2026-06-11 22:00:00,1676.99000000,1683.21000000,1675.43000000,1676.17000000,7951.56600000,2026-06-11 22:59:59.999,13350912.47875600,100369,5224.50340000,8772115.68797500,0
2026-06-11 23:00:00,1676.16000000,1679.25000000,1670.19000000,1673.46000000,6496.67530000,2026-06-11 23:59:59.999,10874575.73495000,82371,3474.99040000,5816814.95225000,0
2026-06-12 00:00:00,1673.46000000,1677.74000000,1669.86000000,1672.74000000,4281.84560000,2026-06-12 00:59:59.999,7167471.72644200,88913,2364.07840000,3957694.60214700,0
2026-06-12 01:00:00,1672.74000000,1672.74000000,1660.93000000,1667.09000000,7875.92610000,2026-06-12 01:59:59.999,13124836.25651200,113254,3636.71820000,6061678.64829200,0
2026-06-12 02:00:00,1667.08000000,1678.42000000,1666.87000000,1675.59000000,4970.85460000,2026-06-12 02:59:59.999,8322334.87754100,76396,2912.41960000,4875420.45845000,0
2026-06-12 03:00:00,1675.60000000,1676.60000000,1668.81000000,1673.25000000,3530.82340000,2026-06-12 03:59:59.999,5907392.20475300,53416,2198.33560000,3678537.73838400,0
2026-06-12 04:00:00,1673.25000000,1682.00000000,1669.29000000,1677.47000000,5441.51550000,2026-06-12 04:59:59.999,9124939.86426000,75044,3312.78290000,5555104.45280000,0
2026-06-12 05:00:00,1677.48000000,1677.86000000,1662.31000000,1664.23000000,7801.15970000,2026-06-12 05:59:59.999,13012810.45181300,93120,3718.43240000,6201389.30031900,0
2026-06-12 06:00:00,1664.23000000,1666.82000000,1652.09000000,1657.34000000,8649.46470000,2026-06-12 06:59:59.999,14343186.28703700,116036,3848.56300000,6383084.89167300,0
2026-06-12 07:00:00,1657.35000000,1664.99000000,1656.23000000,1662.12000000,8331.43530000,2026-06-12 07:59:59.999,13833722.83462500,76546,4767.43260000,7916863.44994600,0
2026-06-12 08:00:00,1662.12000000,1678.22000000,1662.12000000,1673.53000000,15418.70170000,2026-06-12 08:59:59.999,25771109.91601500,131424,10538.57020000,17612140.40619500,0
2026-06-12 09:00:00,1673.53000000,1685.65000000,1671.48000000,1680.16000000,8197.00230000,2026-06-12 09:59:59.999,13769912.36544000,114796,4363.30820000,7329799.34969700,0
2026-06-12 10:00:00,1680.16000000,1683.35000000,1671.91000000,1674.85000000,6173.98750000,2026-06-12 10:59:59.999,10353261.69977400,98037,2711.65300000,4548142.41561200,0
2026-06-12 11:00:00,1674.85000000,1678.51000000,1672.10000000,1673.89000000,3363.21930000,2026-06-12 11:59:59.999,5635365.30036800,77631,1531.04840000,2565469.65353200,0
2026-06-12 12:00:00,1673.88000000,1673.88000000,1663.07000000,1666.54000000,6467.20570000,2026-06-12 12:59:59.999,10786555.29163400,112130,3204.30490000,5344229.41800300,0
2026-06-12 13:00:00,1666.55000000,1668.91000000,1653.74000000,1657.60000000,11710.15440000,2026-06-12 13:59:59.999,19447418.77262900,208190,5619.50810000,9329387.81390500,0
2026-06-12 14:00:00,1657.60000000,1685.93000000,1656.26000000,1685.64000000,16504.34850000,2026-06-12 14:59:59.999,27596940.84874500,319148,9399.80990000,15715870.52586300,0
2026-06-12 15:00:00,1685.65000000,1691.07000000,1658.75000000,1660.08000000,28712.92870000,2026-06-12 15:59:59.999,48218267.57677400,350202,13273.80560000,22304427.35992300,0
2026-06-12 16:00:00,1660.08000000,1675.81000000,1657.38000000,1672.90000000,16259.72090000,2026-06-12 16:59:59.999,27134174.65808800,237025,10189.87270000,17007550.72176100,0
2026-06-12 17:00:00,1672.91000000,1678.10000000,1667.37000000,1668.84000000,9374.84960000,2026-06-12 17:59:59.999,15668068.42820600,129671,4160.97270000,6957550.74296400,0
2026-06-12 18:00:00,1668.84000000,1673.57000000,1663.60000000,1666.87000000,7832.52320000,2026-06-12 18:59:59.999,13069259.88305500,112309,3289.89350000,5488657.18136000,0
2026-06-12 19:00:00,1666.86000000,1672.47000000,1664.90000000,1665.92000000,8724.77370000,2026-06-12 19:59:59.999,14555122.81461500,103229,3248.96020000,5420527.31118900,0
2026-06-12 20:00:00,1665.92000000,1667.85000000,1662.02000000,1664.92000000,3958.86590000,2026-06-12 20:59:59.999,6594497.07780200,59251,1688.54360000,2812377.21694800,0
2026-06-12 21:00:00,1664.93000000,1668.01000000,1663.21000000,1664.19000000,3024.20870000,2026-06-12 21:59:59.999,5037423.22104000,43137,1419.84270000,2364898.79191200,0
2026-06-12 22:00:00,1664.18000000,1667.49000000,1661.46000000,1662.60000000,2376.05630000,2026-06-12 22:59:59.999,3953019.31061100,51975,1161.43880000,1932199.56779600,0
2026-06-12 23:00:00,1662.60000000,1666.41000000,1659.02000000,1666.41000000,2906.43890000,2026-06-12 23:59:59.999,4831069.99121200,47637,1275.35010000,2120223.37890900,0
2026-06-13 00:00:00,1666.42000000,1669.34000000,1665.31000000,1667.47000000,2920.12540000,2026-06-13 00:59:59.999,4868944.67087800,44694,1684.13360000,2808011.37484000,0
2026-06-13 01:00:00,1667.47000000,1675.90000000,1666.53000000,1674.03000000,5623.27010000,2026-06-13 01:59:59.999,9401124.96779900,58159,3500.13540000,5850834.65137800,0
2026-06-13 02:00:00,1674.03000000,1674.52000000,1665.69000000,1668.02000000,4867.99170000,2026-06-13 02:59:59.999,8128852.68004700,50971,1944.49490000,3247778.20235800,0
2026-06-13 03:00:00,1668.03000000,1669.57000000,1663.36000000,1665.25000000,2988.20570000,2026-06-13 03:59:59.999,4977312.84377600,40911,1388.91890000,2313486.66717600,0
2026-06-13 04:00:00,1665.25000000,1668.28000000,1663.52000000,1664.51000000,2235.54650000,2026-06-13 04:59:59.999,3723982.98595100,31942,1328.37950000,2212626.69073500,0
2026-06-13 05:00:00,1664.52000000,1665.61000000,1662.20000000,1665.22000000,3000.82410000,2026-06-13 05:59:59.999,4994273.22558900,38507,1632.81330000,2717458.76559500,0
2026-06-13 06:00:00,1665.22000000,1670.25000000,1663.88000000,1669.70000000,3290.87760000,2026-06-13 06:59:59.999,5484038.83932400,37774,2286.21850000,3809822.27850300,0
2026-06-13 07:00:00,1669.71000000,1677.74000000,1668.47000000,1676.38000000,7516.47970000,2026-06-13 07:59:59.999,12583495.38757600,50644,4666.18180000,7811113.80052600,0
2026-06-13 08:00:00,1676.38000000,1679.92000000,1673.63000000,1674.57000000,7578.62820000,2026-06-13 08:59:59.999,12702697.72928000,57120,4213.03740000,7061196.15458500,0
2026-06-13 09:00:00,1674.57000000,1676.30000000,1672.93000000,1673.70000000,3898.67500000,2026-06-13 09:59:59.999,6528131.86460600,40620,2340.89620000,3919719.29528300,0
2026-06-13 10:00:00,1673.70000000,1676.37000000,1672.80000000,1674.18000000,3139.32270000,2026-06-13 10:59:59.999,5256164.41141900,38920,1863.19140000,3119424.93194900,0
2026-06-13 11:00:00,1674.19000000,1678.96000000,1673.55000000,1678.34000000,3875.39020000,2026-06-13 11:59:59.999,6499114.97788100,41266,2299.78840000,3856891.03621000,0
2026-06-13 12:00:00,1678.33000000,1683.77000000,1676.99000000,1680.53000000,4637.80320000,2026-06-13 12:59:59.999,7789337.01359000,49564,2775.18940000,4661318.96413100,0
2026-06-13 13:00:00,1680.52000000,1681.58000000,1676.69000000,1678.02000000,4422.23720000,2026-06-13 13:59:59.999,7426246.74974700,54845,2345.49400000,3938984.22847100,0
2026-06-13 14:00:00,1678.02000000,1681.47000000,1677.82000000,1679.97000000,3196.09560000,2026-06-13 14:59:59.999,5368830.06457500,47178,1782.48880000,2994345.00150500,0
2026-06-13 15:00:00,1679.98000000,1686.56000000,1678.50000000,1682.15000000,7674.30140000,2026-06-13 15:59:59.999,12911508.17286400,84201,4160.91180000,7001395.82041200,0
2026-06-13 16:00:00,1682.14000000,1682.48000000,1671.44000000,1676.74000000,12322.16860000,2026-06-13 16:59:59.999,20640541.58244800,107360,5127.39120000,8590034.70410300,0
2026-06-13 17:00:00,1676.74000000,1678.40000000,1673.23000000,1674.31000000,3585.25800000,2026-06-13 17:59:59.999,6009063.62724900,56233,1634.29900000,2739184.50419000,0
2026-06-13 18:00:00,1674.31000000,1682.63000000,1674.20000000,1678.53000000,2724.58490000,2026-06-13 18:59:59.999,4575675.46520700,39695,1144.36700000,1921701.90598800,0
2026-06-13 19:00:00,1678.53000000,1680.00000000,1675.86000000,1678.29000000,2737.34280000,2026-06-13 19:59:59.999,4593800.14939300,32428,1316.35450000,2208926.78051500,0
2026-06-13 20:00:00,1678.30000000,1678.30000000,1675.11000000,1676.53000000,2067.66270000,2026-06-13 20:59:59.999,3466894.16337800,33259,1303.69490000,2185842.45332500,0
2026-06-13 21:00:00,1676.53000000,1697.28000000,1674.91000000,1686.44000000,6677.29330000,2026-06-13 21:59:59.999,11257676.38244700,92778,3759.72100000,6337814.00665200,0
2026-06-13 22:00:00,1686.44000000,1686.65000000,1681.62000000,1681.63000000,3324.16240000,2026-06-13 22:59:59.999,5598041.64706900,51455,1868.06900000,3146024.71109600,0
2026-06-13 23:00:00,1681.62000000,1684.20000000,1678.10000000,1681.18000000,2447.36070000,2026-06-13 23:59:59.999,4113433.10129400,42455,1360.82580000,2287272.22222600,0
2026-06-14 00:00:00,1681.19000000,1683.52000000,1678.83000000,1681.91000000,2635.51970000,2026-06-14 00:59:59.999,4431260.56024700,42689,1643.70660000,2763680.58973300,0
2026-06-14 01:00:00,1681.90000000,1690.36000000,1680.30000000,1683.99000000,3518.04140000,2026-06-14 01:59:59.999,5931085.37083500,52127,2207.68120000,3721644.50858200,0
2026-06-14 02:00:00,1683.98000000,1685.70000000,1681.59000000,1682.47000000,1929.40390000,2026-06-14 02:59:59.999,3248085.70682400,30144,1096.06090000,1845216.26506900,0
2026-06-14 03:00:00,1682.46000000,1683.28000000,1679.85000000,1681.73000000,2324.93530000,2026-06-14 03:59:59.999,3909588.27320800,32885,1297.15710000,2181040.88728200,0
2026-06-14 04:00:00,1681.74000000,1682.66000000,1676.35000000,1677.95000000,3535.00600000,2026-06-14 04:59:59.999,5935190.51166200,38134,2191.63840000,3679828.92734200,0
2026-06-14 05:00:00,1677.95000000,1679.14000000,1674.00000000,1678.13000000,4061.95160000,2026-06-14 05:59:59.999,6811751.11262600,39876,2436.10740000,4085729.62583800,0
2026-06-14 06:00:00,1678.13000000,1682.50000000,1675.30000000,1676.39000000,5066.56320000,2026-06-14 06:59:59.999,8502274.04063400,48948,2949.80680000,4950227.62315500,0
2026-06-14 07:00:00,1676.40000000,1677.55000000,1673.72000000,1675.91000000,2927.68360000,2026-06-14 07:59:59.999,4905534.40732800,28804,2112.42180000,3539592.63802700,0
2026-06-14 08:00:00,1675.91000000,1678.92000000,1674.73000000,1675.58000000,3088.94480000,2026-06-14 08:59:59.999,5180461.19148400,27604,2246.88610000,3768459.74583700,0
2026-06-14 09:00:00,1675.58000000,1679.00000000,1669.15000000,1678.49000000,7430.34400000,2026-06-14 09:59:59.999,12430280.30625700,63055,2730.88810000,4570301.08382300,0
2026-06-14 10:00:00,1678.48000000,1678.55000000,1673.13000000,1673.13000000,1896.07130000,2026-06-14 10:59:59.999,3178519.52430200,32334,759.44110000,1273157.99645400,0
2026-06-14 11:00:00,1673.13000000,1677.15000000,1672.36000000,1673.73000000,2400.91290000,2026-06-14 11:59:59.999,4020907.69547400,29591,1125.99290000,1885913.14916600,0
2026-06-14 12:00:00,1673.73000000,1674.58000000,1665.35000000,1666.90000000,4560.24960000,2026-06-14 12:59:59.999,7615198.86577100,50424,1911.70680000,3192473.61752500,0
2026-06-14 13:00:00,1666.90000000,1669.15000000,1664.50000000,1666.54000000,4290.08890000,2026-06-14 13:59:59.999,7150249.61674700,54969,1804.08770000,3007088.70776800,0
2026-06-14 14:00:00,1666.53000000,1670.20000000,1654.90000000,1659.76000000,10746.81890000,2026-06-14 14:59:59.999,17847662.80616500,120414,4743.79180000,7878863.62915600,0
2026-06-14 15:00:00,1659.76000000,1664.67000000,1659.60000000,1662.95000000,4335.40700000,2026-06-14 15:59:59.999,7209154.21618800,60421,2625.97280000,4366504.00826000,0
2026-06-14 16:00:00,1662.95000000,1668.57000000,1659.36000000,1661.38000000,6515.36900000,2026-06-14 16:59:59.999,10842205.57169600,59467,2823.47520000,4700420.55568600,0
2026-06-14 17:00:00,1661.37000000,1666.52000000,1660.92000000,1662.09000000,5151.40480000,2026-06-14 17:59:59.999,8571157.00942200,59141,2884.34170000,4798978.50029300,0
2026-06-14 18:00:00,1662.09000000,1663.27000000,1658.95000000,1662.08000000,3057.11030000,2026-06-14 18:59:59.999,5077998.83549200,41537,1590.47310000,2641854.13715900,0
2026-06-14 19:00:00,1662.07000000,1667.93000000,1661.13000000,1665.43000000,3219.09460000,2026-06-14 19:59:59.999,5362142.07995600,37371,1641.61310000,2733952.98503000,0
2026-06-14 20:00:00,1665.44000000,1673.72000000,1662.67000000,1670.48000000,4358.51030000,2026-06-14 20:59:59.999,7272281.95325800,49102,2444.86580000,4079737.25430400,0
2026-06-14 21:00:00,1670.48000000,1732.28000000,1669.97000000,1718.67000000,48781.25160000,2026-06-14 21:59:59.999,83337486.91477600,451737,25289.78940000,43179067.00702800,0
2026-06-14 22:00:00,1718.68000000,1729.10000000,1712.34000000,1722.62000000,28043.47970000,2026-06-14 22:59:59.999,48281070.55055000,332205,13297.81030000,22895532.38709600,0
2026-06-14 23:00:00,1722.62000000,1726.43000000,1716.79000000,1725.62000000,14135.79170000,2026-06-14 23:59:59.999,24352755.64984700,153012,7067.06940000,12175285.02547200,0
2026-06-15 00:00:00,1725.63000000,1733.04000000,1719.78000000,1720.83000000,14570.98120000,2026-06-15 00:59:59.999,25144573.06202200,107105,6592.58150000,11381136.27312400,0
2026-06-15 01:00:00,1720.83000000,1721.91000000,1709.66000000,1715.79000000,12097.97980000,2026-06-15 01:59:59.999,20757631.16130500,110675,4913.68150000,8432415.66907100,0
2026-06-15 02:00:00,1715.80000000,1726.96000000,1714.23000000,1716.78000000,8966.25820000,2026-06-15 02:59:59.999,15424769.76296500,85682,3764.69280000,6475855.74404000,0
2026-06-15 03:00:00,1716.78000000,1724.17000000,1715.55000000,1720.78000000,11155.86510000,2026-06-15 03:59:59.999,19198392.57136700,82092,4369.51570000,7520252.02560900,0
2026-06-15 04:00:00,1720.78000000,1720.78000000,1716.00000000,1717.04000000,11426.77490000,2026-06-15 04:59:59.999,19636190.12490900,71286,4030.62850000,6926301.97971800,0
2026-06-15 05:00:00,1717.05000000,1722.63000000,1715.95000000,1720.66000000,6961.62590000,2026-06-15 05:59:59.999,11966522.21728100,48199,3108.11790000,5343048.19903400,0
2026-06-15 06:00:00,1720.67000000,1723.29000000,1718.25000000,1719.82000000,6607.70470000,2026-06-15 06:59:59.999,11371680.26841500,51277,2508.41320000,4316958.38674800,0
2026-06-15 07:00:00,1719.82000000,1723.80000000,1716.49000000,1716.59000000,8177.27790000,2026-06-15 07:59:59.999,14062876.18081000,58777,3186.04170000,5479733.42670600,0
2026-06-15 08:00:00,1716.60000000,1721.91000000,1715.60000000,1720.36000000,6027.92860000,2026-06-15 08:59:59.999,10364436.72433900,51334,2617.32360000,4499783.64217300,0
2026-06-15 09:00:00,1720.35000000,1726.94000000,1712.17000000,1718.65000000,14597.51070000,2026-06-15 09:59:59.999,25091409.65416600,73210,6461.77000000,11106953.96045300,0
2026-06-15 10:00:00,1718.65000000,1748.60000000,1718.27000000,1737.77000000,26756.96620000,2026-06-15 10:59:59.999,46335032.90461600,131529,16267.16840000,28164137.39541900,0
2026-06-15 11:00:00,1737.77000000,1769.00000000,1734.11000000,1764.67000000,38954.89020000,2026-06-15 11:59:59.999,68344785.47517300,299356,21645.61480000,37966933.86349500,0
2026-06-15 12:00:00,1764.67000000,1777.77000000,1760.28000000,1777.48000000,27438.19800000,2026-06-15 12:59:59.999,48562984.92525600,141252,13340.37160000,23611903.29979400,0
2026-06-15 13:00:00,1777.48000000,1827.67000000,1774.60000000,1814.12000000,70367.20040000,2026-06-15 13:59:59.999,127230062.29495600,348250,35815.26510000,64676798.29073000,0
2026-06-15 14:00:00,1814.12000000,1818.58000000,1804.71000000,1814.55000000,25775.38320000,2026-06-15 14:59:59.999,46698702.56117600,168485,12504.97100000,22660088.67563900,0
2026-06-15 15:00:00,1814.55000000,1849.54000000,1813.15000000,1845.53000000,47178.98020000,2026-06-15 15:59:59.999,86475848.89353800,244407,24794.74220000,45453725.29658500,0
2026-06-15 16:00:00,1845.53000000,1847.13000000,1837.48000000,1842.85000000,28115.05900000,2026-06-15 16:59:59.999,51789038.00695000,189202,12504.26210000,23037582.41654300,0
2026-06-15 17:00:00,1842.85000000,1842.86000000,1823.58000000,1829.19000000,23706.47930000,2026-06-15 17:59:59.999,43391823.29471600,153619,10938.68150000,20016245.57961100,0
2026-06-15 18:00:00,1829.19000000,1835.58000000,1825.85000000,1828.13000000,9996.57350000,2026-06-15 18:59:59.999,18294410.87573000,98714,5405.78960000,9892851.16985300,0
2026-06-15 19:00:00,1828.12000000,1834.44000000,1811.66000000,1821.89000000,16646.39000000,2026-06-15 19:59:59.999,30348914.34538100,149205,7912.04270000,14433788.21087200,0
2026-06-15 20:00:00,1821.88000000,1826.62000000,1815.33000000,1816.95000000,8446.38840000,2026-06-15 20:59:59.999,15379231.98417800,92932,4412.57100000,8035388.30123400,0
2026-06-15 21:00:00,1816.94000000,1822.15000000,1809.53000000,1811.35000000,8869.85900000,2026-06-15 21:59:59.999,16107422.92429700,90677,3988.59270000,7244791.69954800,0
2026-06-15 22:00:00,1811.36000000,1813.55000000,1787.00000000,1789.68000000,16216.32540000,2026-06-15 22:59:59.999,29133547.92396300,168905,6882.05220000,12364569.31129700,0
2026-06-15 23:00:00,1789.69000000,1797.58000000,1782.82000000,1796.13000000,15076.65550000,2026-06-15 23:59:59.999,26995213.83780000,119946,8943.55770000,16019399.93977200,0
2026-06-16 00:00:00,1796.14000000,1802.09000000,1789.00000000,1789.60000000,9861.76390000,2026-06-16 00:59:59.999,17708314.74890600,93946,4712.91620000,8465369.92958800,0
2026-06-16 01:00:00,1789.59000000,1797.42000000,1789.13000000,1792.27000000,5337.86990000,2026-06-16 01:59:59.999,9576121.48878400,69791,2894.58200000,5193257.19366200,0
2026-06-16 02:00:00,1792.26000000,1794.10000000,1767.40000000,1770.13000000,20732.52930000,2026-06-16 02:59:59.999,36825580.79492400,136234,9028.63520000,16032627.43253600,0
2026-06-16 03:00:00,1770.13000000,1780.73000000,1764.84000000,1779.16000000,14600.46490000,2026-06-16 03:59:59.999,25907702.48660100,84884,7729.60020000,13717130.43008400,0
2026-06-16 04:00:00,1779.16000000,1783.32000000,1758.00000000,1760.64000000,17722.51480000,2026-06-16 04:59:59.999,31327255.00213200,98447,6365.66320000,11253192.95124400,0
2026-06-16 05:00:00,1760.65000000,1766.00000000,1760.57000000,1762.05000000,11474.85320000,2026-06-16 05:59:59.999,20234352.81726400,72608,4604.17170000,8118866.81426600,0
2026-06-16 06:00:00,1762.06000000,1774.17000000,1762.06000000,1771.40000000,11200.05730000,2026-06-16 06:59:59.999,19808328.39589600,68287,5170.67090000,9145877.93004100,0
2026-06-16 07:00:00,1771.41000000,1776.47000000,1769.02000000,1774.24000000,10004.50980000,2026-06-16 07:59:59.999,17736699.81369200,65144,4525.32780000,8023037.91232000,0
2026-06-16 08:00:00,1774.25000000,1807.97000000,1773.25000000,1803.23000000,22080.50050000,2026-06-16 08:59:59.999,39479897.46911100,207654,13202.87770000,23611471.12532700,0
2026-06-16 09:00:00,1803.23000000,1805.79000000,1787.07000000,1789.63000000,13315.74170000,2026-06-16 09:59:59.999,23898614.27921400,157358,6312.65590000,11333165.67591200,0
2026-06-16 10:00:00,1789.63000000,1800.00000000,1788.61000000,1793.95000000,13040.38440000,2026-06-16 10:59:59.999,23408410.58129100,120096,7545.25160000,13547060.69926800,0
2026-06-16 11:00:00,1793.95000000,1800.00000000,1790.70000000,1799.59000000,8788.32910000,2026-06-16 11:59:59.999,15779031.85306900,109669,4683.68670000,8411905.21019200,0
2026-06-16 12:00:00,1799.60000000,1839.77000000,1796.71000000,1814.88000000,38221.06140000,2026-06-16 12:59:59.999,69542151.81820800,378561,21340.71940000,38827237.01945500,0
2026-06-16 13:00:00,1814.89000000,1817.10000000,1791.57000000,1797.88000000,32836.35530000,2026-06-16 13:59:59.999,59216986.80497100,380259,15275.93670000,27557322.18333700,0
2026-06-16 14:00:00,1797.86000000,1805.57000000,1763.36000000,1780.56000000,37636.96850000,2026-06-16 14:59:59.999,67095594.34273700,432145,17353.44520000,30932170.34936100,0
2026-06-16 15:00:00,1780.56000000,1788.32000000,1774.52000000,1782.44000000,15292.77150000,2026-06-16 15:59:59.999,27243692.21892300,231397,8521.63340000,15183159.66901900,0
2026-06-16 16:00:00,1782.43000000,1785.58000000,1773.03000000,1777.89000000,10107.19780000,2026-06-16 16:59:59.999,17972251.78010900,160896,4598.13260000,8176335.61937500,0
2026-06-16 17:00:00,1777.90000000,1799.45000000,1777.38000000,1795.10000000,11225.17370000,2026-06-16 17:59:59.999,20082386.32277700,160317,6426.36710000,11498662.52544100,0
2026-06-16 18:00:00,1795.10000000,1808.44000000,1792.58000000,1799.21000000,14940.94380000,2026-06-16 18:59:59.999,26898907.69842900,173210,8005.20860000,14414545.67350000,0
2026-06-16 19:00:00,1799.20000000,1801.04000000,1790.14000000,1795.41000000,11864.48250000,2026-06-16 19:59:59.999,21306393.38481200,151718,5565.34470000,9994605.54487300,0
2026-06-16 20:00:00,1795.41000000,1798.50000000,1789.53000000,1797.82000000,7360.84830000,2026-06-16 20:59:59.999,13208097.45457100,91762,4013.68390000,7203056.32109600,0
2026-06-16 21:00:00,1797.82000000,1800.48000000,1790.57000000,1796.52000000,6138.19350000,2026-06-16 21:59:59.999,11022433.24268600,78353,3386.06780000,6080705.01763900,0
2026-06-16 22:00:00,1796.53000000,1799.49000000,1791.03000000,1796.21000000,5783.04830000,2026-06-16 22:59:59.999,10378046.67120200,72776,2841.13580000,5099037.99578300,0
2026-06-16 23:00:00,1796.22000000,1798.89000000,1791.26000000,1792.99000000,4010.98560000,2026-06-16 23:59:59.999,7198613.12303100,55688,1831.53970000,3286601.85388200,0
2026-06-17 00:00:00,1793.00000000,1799.01000000,1791.95000000,1794.22000000,3837.35140000,2026-06-17 00:59:59.999,6889069.83882000,73967,2130.52110000,3824830.69767100,0
2026-06-17 01:00:00,1794.22000000,1799.12000000,1778.99000000,1797.76000000,9518.83190000,2026-06-17 01:59:59.999,17025410.74058200,145091,4791.85520000,8573002.81354400,0
2026-06-17 02:00:00,1797.76000000,1810.21000000,1788.78000000,1795.59000000,11539.61860000,2026-06-17 02:59:59.999,20756075.17065200,150043,5932.15300000,10674237.18729100,0
2026-06-17 03:00:00,1795.59000000,1797.36000000,1787.65000000,1793.58000000,6278.70110000,2026-06-17 03:59:59.999,11253327.06611600,86739,3879.31520000,6953378.74596200,0
2026-06-17 04:00:00,1793.58000000,1801.79000000,1792.00000000,1794.30000000,4566.94980000,2026-06-17 04:59:59.999,8202773.99918500,63224,2806.26020000,5040838.64932100,0
2026-06-17 05:00:00,1794.30000000,1799.45000000,1789.13000000,1793.98000000,6224.91790000,2026-06-17 05:59:59.999,11167017.42279700,80915,3248.51550000,5827352.73411500,0
2026-06-17 06:00:00,1793.98000000,1797.20000000,1786.44000000,1790.38000000,5350.77830000,2026-06-17 06:59:59.999,9583330.18222500,89937,2783.18640000,4985008.06424900,0
2026-06-17 07:00:00,1790.38000000,1792.34000000,1778.71000000,1785.08000000,7467.65360000,2026-06-17 07:59:59.999,13337539.82517000,111666,3473.71160000,6205526.65881800,0
2026-06-17 08:00:00,1785.09000000,1786.15000000,1760.40000000,1765.31000000,15038.46960000,2026-06-17 08:59:59.999,26609494.81110100,188398,5586.32180000,9884354.44796300,0
2026-06-17 09:00:00,1765.30000000,1777.78000000,1765.00000000,1773.07000000,6492.48680000,2026-06-17 09:59:59.999,11502331.56257000,107452,3183.26210000,5640184.38758300,0
2026-06-17 10:00:00,1773.08000000,1776.05000000,1767.14000000,1768.38000000,4720.79500000,2026-06-17 10:59:59.999,8362629.87233400,101987,2069.73370000,3666706.89542300,0
2026-06-17 11:00:00,1768.39000000,1770.77000000,1759.35000000,1763.92000000,8865.85410000,2026-06-17 11:59:59.999,15650017.83749900,150988,3755.27280000,6629526.43386900,0
2026-06-17 12:00:00,1763.93000000,1765.99000000,1742.94000000,1759.44000000,22647.94940000,2026-06-17 12:59:59.999,39685399.50005900,243198,10329.10110000,18095427.91008000,0
2026-06-17 13:00:00,1759.42000000,1771.91000000,1754.72000000,1761.25000000,20823.44390000,2026-06-17 13:59:59.999,36727694.67414400,245376,8765.90750000,15458383.10228600,0
2026-06-17 14:00:00,1761.24000000,1765.52000000,1741.05000000,1754.96000000,21946.52890000,2026-06-17 14:59:59.999,38507648.19052500,303653,9172.01620000,16099847.10696700,0
2026-06-17 15:00:00,1754.97000000,1776.94000000,1751.21000000,1773.41000000,16711.54990000,2026-06-17 15:59:59.999,29490397.29725600,217521,7223.67590000,12757016.75756900,0
2026-06-17 16:00:00,1773.42000000,1791.73000000,1769.52000000,1772.02000000,20521.21250000,2026-06-17 16:59:59.999,36490909.44163300,233325,9964.96000000,17723115.49362300,0
2026-06-17 17:00:00,1772.03000000,1796.08000000,1767.54000000,1789.27000000,12709.61910000,2026-06-17 17:59:59.999,22626817.23923700,163029,5983.20120000,10653468.41132100,0
2026-06-17 18:00:00,1789.27000000,1789.40000000,1746.42000000,1770.32000000,45097.91030000,2026-06-17 18:59:59.999,79807171.30168500,547194,21423.99230000,37902727.08402500,0
2026-06-17 19:00:00,1770.31000000,1775.85000000,1729.26000000,1734.72000000,48044.22290000,2026-06-17 19:59:59.999,83844508.50936000,482616,19753.89070000,34512287.96645700,0
2026-06-17 20:00:00,1734.73000000,1747.92000000,1732.97000000,1747.36000000,12478.29460000,2026-06-17 20:59:59.999,21717531.90082700,132213,6914.61890000,12034441.65266700,0
2026-06-17 21:00:00,1747.37000000,1748.01000000,1736.39000000,1738.90000000,6882.81130000,2026-06-17 21:59:59.999,11991747.16562400,83297,3386.78290000,5900527.90617600,0
2026-06-17 22:00:00,1738.91000000,1746.60000000,1725.34000000,1740.31000000,10769.20640000,2026-06-17 22:59:59.999,18705374.10251400,106297,5463.34220000,9491210.62540900,0
2026-06-17 23:00:00,1740.31000000,1751.66000000,1740.10000000,1750.60000000,5962.90020000,2026-06-17 23:59:59.999,10417878.69066600,67337,4001.47640000,6990609.10239700,0
2026-06-18 00:00:00,1750.61000000,1759.49000000,1749.98000000,1752.97000000,8434.46260000,2026-06-18 00:59:59.999,14799965.62484600,89917,4166.66270000,7310961.12182400,0
2026-06-18 01:00:00,1752.97000000,1762.99000000,1752.64000000,1754.92000000,6736.30830000,2026-06-18 01:59:59.999,11843825.28432500,83695,3266.86830000,5744861.72731900,0
2026-06-18 02:00:00,1754.93000000,1759.00000000,1750.34000000,1755.85000000,5941.18090000,2026-06-18 02:59:59.999,10433311.38522900,71078,3654.25580000,6417348.08565900,0
2026-06-18 03:00:00,1755.86000000,1756.26000000,1741.46000000,1744.17000000,9869.85150000,2026-06-18 03:59:59.999,17251515.48506100,98305,5368.69350000,9385501.15822200,0
2026-06-18 04:00:00,1744.17000000,1745.92000000,1730.00000000,1730.64000000,10827.01060000,2026-06-18 04:59:59.999,18789579.76903900,121564,3976.51640000,6901798.91488400,0
2026-06-18 05:00:00,1730.63000000,1733.00000000,1722.24000000,1730.97000000,9504.60660000,2026-06-18 05:59:59.999,16424218.31528900,119528,4166.47130000,7199836.44861100,0
2026-06-18 06:00:00,1730.97000000,1736.79000000,1725.53000000,1735.56000000,9171.88360000,2026-06-18 06:59:59.999,15884488.97633200,83853,4213.00390000,7297103.28946200,0
2026-06-18 07:00:00,1735.56000000,1753.29000000,1732.91000000,1749.79000000,14499.70600000,2026-06-18 07:59:59.999,25291296.49438700,90689,8104.08160000,14142157.81852500,0
2026-06-18 08:00:00,1749.80000000,1753.61000000,1743.70000000,1747.67000000,16995.32590000,2026-06-18 08:59:59.999,29716359.19634500,96127,5133.55310000,8981117.54858700,0
2026-06-18 09:00:00,1747.67000000,1751.87000000,1742.53000000,1746.07000000,9188.07660000,2026-06-18 09:59:59.999,16044751.32752700,89741,2861.78010000,4999443.64779000,0
2026-06-18 10:00:00,1746.07000000,1752.84000000,1739.46000000,1746.90000000,10293.21990000,2026-06-18 10:59:59.999,17950138.65072800,117077,5552.46160000,9684400.36692000,0
2026-06-18 11:00:00,1746.90000000,1749.39000000,1739.11000000,1743.31000000,10599.35060000,2026-06-18 11:59:59.999,18483386.17667100,118296,5736.81400000,10005663.06879800,0
2026-06-18 12:00:00,1743.31000000,1753.06000000,1741.88000000,1750.41000000,9678.60030000,2026-06-18 12:59:59.999,16920474.41338200,123622,5457.73720000,9540385.46755700,0
2026-06-18 13:00:00,1750.41000000,1752.51000000,1729.08000000,1736.78000000,14466.24320000,2026-06-18 13:59:59.999,25164496.69576900,219882,6752.53840000,11750771.84572300,0
2026-06-18 14:00:00,1736.78000000,1745.46000000,1729.66000000,1739.79000000,15628.51690000,2026-06-18 14:59:59.999,27152232.30876900,272082,7537.49450000,13097564.59897000,0
2026-06-18 15:00:00,1739.78000000,1740.09000000,1680.00000000,1682.23000000,54756.23730000,2026-06-18 15:59:59.999,93411884.05680100,516039,24778.19340000,42281443.29495500,0
2026-06-18 16:00:00,1682.23000000,1692.95000000,1680.39000000,1686.93000000,23218.72470000,2026-06-18 16:59:59.999,39176948.30472800,280168,12592.53890000,21248284.68996100,0
2026-06-18 17:00:00,1686.96000000,1687.68000000,1671.79000000,1679.42000000,18337.10740000,2026-06-18 17:59:59.999,30819484.38353800,200570,8282.59950000,13920438.35611100,0
2026-06-18 18:00:00,1679.41000000,1689.40000000,1676.35000000,1685.38000000,11493.09570000,2026-06-18 18:59:59.999,19344660.25625900,152625,6200.05810000,10435981.74453200,0
2026-06-18 19:00:00,1685.38000000,1707.48000000,1682.78000000,1705.39000000,12972.02300000,2026-06-18 19:59:59.999,22014527.50958000,131475,8041.85050000,13648047.19765200,0
2026-06-18 20:00:00,1705.40000000,1717.23000000,1705.40000000,1710.47000000,10803.47290000,2026-06-18 20:59:59.999,18499246.80845300,125190,5714.41840000,9784330.89246400,0
2026-06-18 21:00:00,1710.47000000,1711.96000000,1701.64000000,1708.39000000,8309.85330000,2026-06-18 21:59:59.999,14181773.01453000,79019,3750.50450000,6400572.16098700,0
2026-06-18 22:00:00,1708.39000000,1708.56000000,1700.19000000,1706.81000000,5388.02620000,2026-06-18 22:59:59.999,9187192.32337200,60357,2759.95220000,4706198.37443500,0
2026-06-18 23:00:00,1706.81000000,1712.38000000,1702.96000000,1711.11000000,5368.08160000,2026-06-18 23:59:59.999,9169743.23007600,64067,2856.40410000,4879095.40879600,0
2026-06-19 00:00:00,1711.11000000,1716.30000000,1708.64000000,1713.84000000,5697.95990000,2026-06-19 00:59:59.999,9760041.79640300,68311,3190.71780000,5466960.67939300,0
2026-06-19 01:00:00,1713.85000000,1719.51000000,1706.19000000,1713.50000000,4979.29320000,2026-06-19 01:59:59.999,8527804.65835200,82762,2854.80400000,4890219.70849300,0
2026-06-19 02:00:00,1713.50000000,1715.21000000,1701.29000000,1707.15000000,7104.62480000,2026-06-19 02:59:59.999,12128873.40214600,82199,2974.70530000,5078014.50821700,0
2026-06-19 03:00:00,1707.15000000,1708.28000000,1682.35000000,1697.69000000,19909.14550000,2026-06-19 03:59:59.999,33714201.32192800,188243,8959.62130000,15164153.31385500,0
2026-06-19 04:00:00,1697.70000000,1702.97000000,1686.00000000,1689.72000000,9047.71310000,2026-06-19 04:59:59.999,15319157.99305400,121080,3970.13080000,6728674.37067500,0
2026-06-19 05:00:00,1689.72000000,1697.75000000,1689.39000000,1697.51000000,6751.56110000,2026-06-19 05:59:59.999,11443872.05247700,90767,3911.36350000,6631073.34058500,0
2026-06-19 06:00:00,1697.51000000,1703.40000000,1696.18000000,1700.26000000,5912.18870000,2026-06-19 06:59:59.999,10046560.76831000,82853,3796.16540000,6451250.89341600,0
2026-06-19 07:00:00,1700.27000000,1700.98000000,1690.09000000,1695.82000000,10871.05750000,2026-06-19 07:59:59.999,18423735.68302700,94374,6263.32680000,10614284.02453500,0
2026-06-19 08:00:00,1695.82000000,1699.11000000,1693.66000000,1697.94000000,4871.77740000,2026-06-19 08:59:59.999,8264563.00117400,76750,2752.42900000,4669144.80553100,0
2026-06-19 09:00:00,1697.94000000,1699.82000000,1688.72000000,1689.20000000,5546.97360000,2026-06-19 09:59:59.999,9387395.20245100,99120,2619.30680000,4432783.19134600,0
2026-06-19 10:00:00,1689.21000000,1694.67000000,1687.05000000,1692.61000000,5996.38390000,2026-06-19 10:59:59.999,10132585.84002400,93881,2956.50860000,4996145.55910900,0
2026-06-19 11:00:00,1692.60000000,1694.24000000,1688.84000000,1691.74000000,3329.07390000,2026-06-19 11:59:59.999,5632946.29595200,66330,1663.12330000,2814268.57060100,0
2026-06-19 12:00:00,1691.74000000,1696.12000000,1679.11000000,1695.36000000,9586.95100000,2026-06-19 12:59:59.999,16178266.56762800,153335,4559.09860000,7697665.56366900,0
2026-06-19 13:00:00,1695.37000000,1711.59000000,1687.75000000,1703.47000000,11636.31770000,2026-06-19 13:59:59.999,19781732.53669900,202225,7126.80310000,12117158.35473500,0
2026-06-19 14:00:00,1703.46000000,1709.98000000,1696.51000000,1706.97000000,8226.39520000,2026-06-19 14:59:59.999,14017748.18476700,142190,4595.82870000,7831391.20843900,0
2026-06-19 15:00:00,1706.96000000,1712.06000000,1698.37000000,1707.86000000,9090.81570000,2026-06-19 15:59:59.999,15500701.69573500,134982,4586.46780000,7822824.47367100,0
2026-06-19 16:00:00,1707.87000000,1711.76000000,1695.09000000,1696.80000000,7276.02520000,2026-06-19 16:59:59.999,12407132.79224400,122864,3863.88970000,6591199.86418400,0
2026-06-19 17:00:00,1696.80000000,1706.25000000,1693.70000000,1704.85000000,7369.58480000,2026-06-19 17:59:59.999,12528894.50964300,118544,4103.43250000,6975892.70607000,0
2026-06-19 18:00:00,1704.85000000,1705.45000000,1698.30000000,1702.70000000,3812.16930000,2026-06-19 18:59:59.999,6491356.05840300,66088,2080.46740000,3543038.40602900,0
2026-06-19 19:00:00,1702.69000000,1704.61000000,1698.15000000,1701.20000000,3987.74580000,2026-06-19 19:59:59.999,6784502.56662900,52091,1864.36700000,3171671.45467200,0
2026-06-19 20:00:00,1701.21000000,1709.37000000,1698.89000000,1708.96000000,3414.00820000,2026-06-19 20:59:59.999,5818968.67686800,55121,1945.11330000,3315643.38367000,0
2026-06-19 21:00:00,1708.97000000,1708.97000000,1701.52000000,1702.03000000,2847.93890000,2026-06-19 21:59:59.999,4856177.20141400,51187,1440.35390000,2456343.97378900,0
2026-06-19 22:00:00,1702.02000000,1710.38000000,1700.45000000,1707.61000000,4493.57100000,2026-06-19 22:59:59.999,7668373.62294100,48942,2567.65250000,4382209.54915000,0
2026-06-19 23:00:00,1707.61000000,1715.00000000,1704.88000000,1711.19000000,3318.92300000,2026-06-19 23:59:59.999,5674779.96638000,45529,1895.78990000,3241993.29067300,0
2026-06-20 00:00:00,1711.18000000,1718.00000000,1708.41000000,1708.80000000,6468.23010000,2026-06-20 00:59:59.999,11073743.85580000,88822,3275.52440000,5608810.20004400,0
2026-06-20 01:00:00,1708.80000000,1713.36000000,1706.62000000,1709.89000000,2947.07580000,2026-06-20 01:59:59.999,5038058.83487500,53780,1451.29430000,2481083.12509500,0
2026-06-20 02:00:00,1709.89000000,1710.52000000,1704.06000000,1704.85000000,3058.59580000,2026-06-20 02:59:59.999,5219663.66647000,56549,1314.92260000,2244019.59540700,0
2026-06-20 03:00:00,1704.85000000,1709.33000000,1704.56000000,1708.17000000,2012.50220000,2026-06-20 03:59:59.999,3435478.38230800,33636,952.43800000,1626093.89599900,0
2026-06-20 04:00:00,1708.18000000,1715.47000000,1706.51000000,1713.52000000,4256.56010000,2026-06-20 04:59:59.999,7287996.55531000,51210,2427.22830000,4155379.34532400,0
2026-06-20 05:00:00,1713.52000000,1733.89000000,1712.25000000,1726.10000000,15425.56810000,2026-06-20 05:59:59.999,26621359.23294800,141099,9449.64740000,16305679.74148900,0
2026-06-20 06:00:00,1726.11000000,1729.84000000,1723.98000000,1727.67000000,4389.74010000,2026-06-20 06:59:59.999,7579622.65127300,59418,2668.35260000,4607704.05235600,0
2026-06-20 07:00:00,1727.66000000,1729.56000000,1723.05000000,1725.82000000,4567.47720000,2026-06-20 07:59:59.999,7886750.71583700,44896,2567.18060000,4432862.79843500,0
2026-06-20 08:00:00,1725.81000000,1726.90000000,1721.25000000,1722.83000000,4169.44260000,2026-06-20 08:59:59.999,7187464.55624700,46440,2173.12580000,3745925.08563900,0
2026-06-20 09:00:00,1722.83000000,1730.00000000,1722.83000000,1728.47000000,3920.34100000,2026-06-20 09:59:59.999,6770562.14868600,52475,2374.78550000,4101113.24602800,0
2026-06-20 10:00:00,1728.46000000,1729.53000000,1725.26000000,1727.62000000,2117.89500000,2026-06-20 10:59:59.999,3658189.35766200,35169,1009.77980000,1744222.19523400,0
2026-06-20 11:00:00,1727.63000000,1731.76000000,1725.84000000,1727.18000000,3102.37400000,2026-06-20 11:59:59.999,5361988.91077800,33507,2102.17080000,3633579.56550800,0
2026-06-20 12:00:00,1727.18000000,1730.35000000,1723.61000000,1726.86000000,3168.53930000,2026-06-20 12:59:59.999,5472635.77335200,49587,1473.52540000,2544991.40701000,0
2026-06-20 13:00:00,1726.86000000,1727.21000000,1712.81000000,1717.56000000,7508.83060000,2026-06-20 13:59:59.999,12908144.94401700,105274,3200.72160000,5500806.98346600,0
2026-06-20 14:00:00,1717.56000000,1746.67000000,1708.11000000,1733.48000000,17301.39760000,2026-06-20 14:59:59.999,29883906.47005300,235092,7861.69160000,13589281.40969300,0
2026-06-20 15:00:00,1733.49000000,1749.55000000,1729.44000000,1740.63000000,17584.99230000,2026-06-20 15:59:59.999,30594681.06194100,194091,10355.05490000,18014372.77538400,0
2026-06-20 16:00:00,1740.63000000,1740.91000000,1730.90000000,1733.92000000,4672.24340000,2026-06-20 16:59:59.999,8105391.67789900,93018,2260.92460000,3921512.53727400,0
2026-06-20 17:00:00,1733.92000000,1733.93000000,1721.03000000,1726.86000000,4887.24090000,2026-06-20 17:59:59.999,8439621.87762900,99409,2290.85580000,3956044.14823700,0
2026-06-20 18:00:00,1726.87000000,1732.00000000,1726.00000000,1726.63000000,4045.85040000,2026-06-20 18:59:59.999,6992677.65154700,46222,2664.03330000,4604606.80508700,0
2026-06-20 19:00:00,1726.62000000,1730.18000000,1725.24000000,1729.27000000,9864.41560000,2026-06-20 19:59:59.999,17037248.87377300,55101,4339.54820000,7494800.56526400,0
2026-06-20 20:00:00,1729.27000000,1731.34000000,1726.53000000,1730.98000000,2561.06200000,2026-06-20 20:59:59.999,4429783.36154500,35000,1217.11420000,2105292.77867500,0
2026-06-20 21:00:00,1730.98000000,1738.01000000,1730.38000000,1735.33000000,10038.60890000,2026-06-20 21:59:59.999,17415319.72381300,65372,7225.96270000,12535478.61705100,0
2026-06-20 22:00:00,1735.33000000,1746.17000000,1732.96000000,1743.32000000,13257.52900000,2026-06-20 22:59:59.999,23066115.81398800,116656,8504.05530000,14791582.09247600,0
2026-06-20 23:00:00,1743.32000000,1743.76000000,1740.52000000,1741.08000000,8465.30910000,2026-06-20 23:59:59.999,14746252.95427500,50765,2281.45010000,3973959.48014000,0
2026-06-21 00:00:00,1741.08000000,1741.09000000,1736.19000000,1737.92000000,3498.05100000,2026-06-21 00:59:59.999,6080734.96760900,45764,1782.19520000,3097333.09672800,0
2026-06-21 01:00:00,1737.92000000,1740.00000000,1734.50000000,1737.01000000,2282.04420000,2026-06-21 01:59:59.999,3963359.31705900,39462,1167.14850000,2027078.88557100,0
2026-06-21 02:00:00,1737.00000000,1738.18000000,1735.66000000,1736.09000000,1633.64970000,2026-06-21 02:59:59.999,2837485.39071900,30178,760.68030000,1321172.79399800,0
2026-06-21 03:00:00,1736.08000000,1741.45000000,1733.51000000,1737.87000000,4072.18390000,2026-06-21 03:59:59.999,7074483.95192400,58932,1562.33110000,2715363.79466800,0
2026-06-21 04:00:00,1737.88000000,1741.41000000,1731.63000000,1732.85000000,3580.85940000,2026-06-21 04:59:59.999,6217540.70855900,53599,1439.45060000,2499740.18466800,0
2026-06-21 05:00:00,1732.85000000,1736.27000000,1729.80000000,1733.47000000,3450.49940000,2026-06-21 05:59:59.999,5979932.33427800,49000,1578.27240000,2735469.71677400,0
2026-06-21 06:00:00,1733.46000000,1738.66000000,1732.52000000,1736.14000000,8991.48450000,2026-06-21 06:59:59.999,15594655.11240900,48476,7287.05420000,12637911.08001400,0
2026-06-21 07:00:00,1736.14000000,1736.44000000,1731.79000000,1732.36000000,3125.81220000,2026-06-21 07:59:59.999,5420636.14275300,27253,1078.50040000,1870228.36711700,0
2026-06-21 08:00:00,1732.36000000,1733.22000000,1724.00000000,1729.10000000,4507.56800000,2026-06-21 08:59:59.999,7790969.27670400,51280,1516.33920000,2620776.82323000,0
2026-06-21 09:00:00,1729.11000000,1734.37000000,1725.89000000,1732.78000000,3081.64770000,2026-06-21 09:59:59.999,5332901.64096000,45914,1504.81540000,2604323.74167000,0
2026-06-21 10:00:00,1732.77000000,1737.02000000,1731.03000000,1731.38000000,3584.34820000,2026-06-21 10:59:59.999,6214185.16708600,42717,1427.51010000,2474960.29310900,0
2026-06-21 11:00:00,1731.39000000,1734.81000000,1718.56000000,1725.36000000,8436.54160000,2026-06-21 11:59:59.999,14563074.35699900,90458,3085.86420000,5324218.44621000,0
2026-06-21 12:00:00,1725.37000000,1726.93000000,1717.14000000,1726.00000000,8012.72320000,2026-06-21 12:59:59.999,13797195.52531700,90302,3731.10870000,6424858.14865200,0
2026-06-21 13:00:00,1725.99000000,1728.14000000,1722.12000000,1725.15000000,3705.30060000,2026-06-21 13:59:59.999,6393205.41284900,67021,2030.58620000,3504023.32443300,0
2026-06-21 14:00:00,1725.15000000,1728.46000000,1721.78000000,1728.44000000,3406.01890000,2026-06-21 14:59:59.999,5871641.91552100,45323,1668.19100000,2876133.80741500,0
2026-06-21 15:00:00,1728.45000000,1732.57000000,1727.12000000,1730.72000000,3875.81920000,2026-06-21 15:59:59.999,6707119.26521600,61289,1875.03310000,3244791.56842700,0
2026-06-21 16:00:00,1730.71000000,1730.71000000,1722.21000000,1728.15000000,5613.96790000,2026-06-21 16:59:59.999,9697499.36030200,69390,2946.60520000,5090955.71602300,0
2026-06-21 17:00:00,1728.16000000,1731.54000000,1725.97000000,1727.36000000,4651.97460000,2026-06-21 17:59:59.999,8040194.84888600,42560,2405.42490000,4157818.44584300,0
2026-06-21 18:00:00,1727.37000000,1737.81000000,1721.67000000,1735.39000000,7082.16540000,2026-06-21 18:59:59.999,12269300.66675800,97607,3772.59400000,6535941.71192000,0
2026-06-21 19:00:00,1735.40000000,1739.32000000,1733.59000000,1734.14000000,2837.26960000,2026-06-21 19:59:59.999,4925614.28782300,50890,1552.50840000,2695406.05551900,0
2026-06-21 20:00:00,1734.14000000,1735.34000000,1717.30000000,1721.30000000,5585.80710000,2026-06-21 20:59:59.999,9633688.28069900,83545,2003.73130000,3456175.88813500,0
2026-06-21 21:00:00,1721.32000000,1724.19000000,1702.00000000,1718.60000000,13883.61980000,2026-06-21 21:59:59.999,23784274.20061700,171722,6572.63300000,11260064.68077400,0
2026-06-21 22:00:00,1718.59000000,1721.38000000,1708.57000000,1717.65000000,6845.10930000,2026-06-21 22:59:59.999,11741204.19330600,132215,3585.13660000,6150315.24163000,0
2026-06-21 23:00:00,1717.64000000,1717.64000000,1704.25000000,1706.94000000,8018.00350000,2026-06-21 23:59:59.999,13708688.73217200,163702,3812.09410000,6517317.82054800,0
2026-06-22 00:00:00,1706.94000000,1732.20000000,1706.94000000,1726.95000000,10130.38050000,2026-06-22 00:59:59.999,17437982.17941100,200186,5895.57360000,10147280.25992600,0
2026-06-22 01:00:00,1726.95000000,1759.84000000,1724.56000000,1743.82000000,22702.97130000,2026-06-22 01:59:59.999,39584462.23075200,298475,12263.56010000,21393979.16180000,0
2026-06-22 02:00:00,1743.83000000,1745.28000000,1737.28000000,1737.28000000,6300.05910000,2026-06-22 02:59:59.999,10968981.66085300,124365,3122.39190000,5437247.13239600,0
2026-06-22 03:00:00,1737.27000000,1740.98000000,1726.54000000,1730.00000000,9112.57990000,2026-06-22 03:59:59.999,15799170.47504800,136645,4405.13230000,7640979.43644600,0
2026-06-22 04:00:00,1730.00000000,1735.96000000,1727.69000000,1735.31000000,6465.28010000,2026-06-22 04:59:59.999,11204224.58477400,85084,3711.00570000,6431177.07705100,0
2026-06-22 05:00:00,1735.30000000,1739.83000000,1734.20000000,1736.85000000,5508.66240000,2026-06-22 05:59:59.999,9569461.53223500,77339,3102.66060000,5389880.64044800,0
2026-06-22 06:00:00,1736.85000000,1740.21000000,1733.21000000,1735.06000000,6815.16640000,2026-06-22 06:59:59.999,11833287.82619600,67423,3402.77050000,5908639.11487600,0
2026-06-22 07:00:00,1735.07000000,1751.58000000,1734.76000000,1746.34000000,12767.32670000,2026-06-22 07:59:59.999,22284057.28884800,97472,6158.18920000,10749076.64841800,0
2026-06-22 08:00:00,1746.34000000,1752.23000000,1743.56000000,1747.79000000,6440.11790000,2026-06-22 08:59:59.999,11255902.61542200,94623,3346.23860000,5848925.18208400,0
2026-06-22 09:00:00,1747.80000000,1750.38000000,1743.75000000,1746.20000000,7565.42430000,2026-06-22 09:59:59.999,13219745.39141900,72225,2669.37920000,4664272.59397100,0
2026-06-22 10:00:00,1746.19000000,1751.58000000,1745.23000000,1748.81000000,3656.44250000,2026-06-22 10:59:59.999,6394832.65675100,56979,1925.31400000,3367321.23285300,0
2026-06-22 11:00:00,1748.81000000,1774.70000000,1747.48000000,1767.68000000,22291.96650000,2026-06-22 11:59:59.999,39257501.96963100,200411,12280.95390000,21622722.48434900,0
2026-06-22 12:00:00,1767.68000000,1772.00000000,1761.29000000,1764.00000000,13529.96720000,2026-06-22 12:59:59.999,23892091.39417600,155915,7207.12710000,12727823.62013100,0
2026-06-22 13:00:00,1764.00000000,1779.90000000,1762.06000000,1777.51000000,20616.35900000,2026-06-22 13:59:59.999,36529613.17139100,230460,10976.68000000,19452458.08689900,0
2026-06-22 14:00:00,1777.52000000,1778.00000000,1749.85000000,1754.61000000,17137.59040000,2026-06-22 14:59:59.999,30172868.16280200,248815,7640.27790000,13450554.57048400,0
2026-06-22 15:00:00,1754.62000000,1758.06000000,1742.41000000,1744.74000000,13111.68860000,2026-06-22 15:59:59.999,22968301.81006100,192411,5054.71970000,8855478.15546200,0
2026-06-22 16:00:00,1744.75000000,1746.29000000,1733.71000000,1740.10000000,17031.01080000,2026-06-22 16:59:59.999,29628296.56674500,200778,7867.15560000,13686017.01534100,0
2026-06-22 17:00:00,1740.10000000,1743.12000000,1731.32000000,1740.93000000,9084.94340000,2026-06-22 17:59:59.999,15779884.23167800,115330,5401.00210000,9380595.72297300,0
2026-06-22 18:00:00,1740.92000000,1747.70000000,1729.42000000,1733.51000000,12571.19350000,2026-06-22 18:59:59.999,21854992.77098100,120938,5391.79850000,9372556.63062400,0
2026-06-22 19:00:00,1733.51000000,1736.82000000,1729.15000000,1734.59000000,10968.99430000,2026-06-22 19:59:59.999,19008158.89073600,124652,5129.48940000,8888899.60919300,0
2026-06-22 20:00:00,1734.59000000,1740.07000000,1731.14000000,1734.61000000,5535.29970000,2026-06-22 20:59:59.999,9606203.29742300,68106,3039.93390000,5276043.72327100,0
2026-06-22 21:00:00,1734.61000000,1737.53000000,1726.83000000,1732.74000000,5705.29220000,2026-06-22 21:59:59.999,9884344.41920700,78839,3255.73080000,5640593.32276400,0
2026-06-22 22:00:00,1732.74000000,1735.93000000,1717.02000000,1724.15000000,11341.67320000,2026-06-22 22:59:59.999,19549191.31884100,164426,5169.09540000,8911443.33030800,0
2026-06-22 23:00:00,1724.16000000,1730.60000000,1721.38000000,1728.19000000,6266.79210000,2026-06-22 23:59:59.999,10817362.34387800,91146,3636.85620000,6277861.99323600,0
2026-06-23 00:00:00,1728.19000000,1731.74000000,1719.75000000,1731.27000000,5627.00990000,2026-06-23 00:59:59.999,9712868.07877300,109838,2956.94630000,5105891.37702800,0
2026-06-23 01:00:00,1731.26000000,1736.25000000,1721.22000000,1730.61000000,5962.02360000,2026-06-23 01:59:59.999,10311293.35905000,117194,3414.95190000,5907568.66270800,0
2026-06-23 02:00:00,1730.61000000,1735.04000000,1726.36000000,1732.65000000,3137.14250000,2026-06-23 02:59:59.999,5432562.81924000,79368,1851.98700000,3207846.67541500,0
2026-06-23 03:00:00,1732.65000000,1733.11000000,1725.98000000,1729.90000000,4003.49960000,2026-06-23 03:59:59.999,6920648.24472900,63764,1838.81250000,3178873.59182400,0
2026-06-23 04:00:00,1729.91000000,1731.25000000,1717.75000000,1719.07000000,5982.79410000,2026-06-23 04:59:59.999,10314170.35826000,79456,1953.28300000,3367262.92430100,0
2026-06-23 05:00:00,1719.07000000,1721.38000000,1710.50000000,1713.44000000,9724.82990000,2026-06-23 05:59:59.999,16680591.03317600,157876,4375.28340000,7505920.40249900,0
2026-06-23 06:00:00,1713.51000000,1713.70000000,1680.52000000,1692.29000000,25365.44130000,2026-06-23 06:59:59.999,42959622.80273700,304222,11157.40310000,18883133.18590100,0
2026-06-23 07:00:00,1692.30000000,1696.47000000,1682.34000000,1683.01000000,10843.58500000,2026-06-23 07:59:59.999,18328852.74573500,127090,5979.07600000,10107731.31979100,0
2026-06-23 08:00:00,1683.02000000,1684.80000000,1635.65000000,1648.48000000,45421.57850000,2026-06-23 08:59:59.999,75231015.10722300,445780,22042.36970000,36481311.62796400,0
2026-06-23 09:00:00,1648.47000000,1654.39000000,1648.15000000,1650.97000000,9665.83990000,2026-06-23 09:59:59.999,15963634.26729800,100464,3729.73310000,6159599.40360900,0
2026-06-23 10:00:00,1650.97000000,1658.91000000,1649.37000000,1652.65000000,7703.62160000,2026-06-23 10:59:59.999,12742028.05806500,101588,3637.35960000,6017018.57212400,0
2026-06-23 11:00:00,1652.65000000,1663.90000000,1652.65000000,1660.90000000,8465.12000000,2026-06-23 11:59:59.999,14046778.01220500,100270,4917.39870000,8158685.21272000,0
2026-06-23 12:00:00,1660.90000000,1662.59000000,1653.60000000,1654.53000000,8770.32730000,2026-06-23 12:59:59.999,14537900.52859900,117010,3619.19390000,5999714.68575300,0
2026-06-23 13:00:00,1654.54000000,1664.13000000,1645.52000000,1662.83000000,18188.63960000,2026-06-23 13:59:59.999,30083812.08373700,293756,7760.92200000,12843397.20828900,0
2026-06-23 14:00:00,1662.82000000,1672.00000000,1658.04000000,1662.10000000,11900.43810000,2026-06-23 14:59:59.999,19808136.87935100,262968,6037.78350000,10050535.70277600,0
2026-06-23 15:00:00,1662.10000000,1663.39000000,1651.39000000,1659.78000000,9981.54950000,2026-06-23 15:59:59.999,16534937.64612200,161564,4807.36290000,7964410.82555900,0
2026-06-23 16:00:00,1659.78000000,1673.89000000,1656.99000000,1659.35000000,16753.28700000,2026-06-23 16:59:59.999,27882412.39785600,154903,8766.92200000,14590271.49226100,0
2026-06-23 17:00:00,1659.34000000,1664.87000000,1654.67000000,1656.85000000,5433.17620000,2026-06-23 17:59:59.999,9015194.02348400,105920,2699.50320000,4479107.85986200,0
2026-06-23 18:00:00,1656.86000000,1660.64000000,1650.00000000,1655.53000000,9237.57860000,2026-06-23 18:59:59.999,15293802.98548000,118813,5068.29060000,8393065.08707100,0
2026-06-23 19:00:00,1655.53000000,1663.97000000,1655.47000000,1662.58000000,7258.07500000,2026-06-23 19:59:59.999,12048293.59948800,124349,3721.06790000,6176807.07345900,0
2026-06-23 20:00:00,1662.57000000,1667.64000000,1661.42000000,1664.13000000,5425.23130000,2026-06-23 20:59:59.999,9029075.19232500,75904,3014.46980000,5017208.78326000,0
2026-06-23 21:00:00,1664.12000000,1668.37000000,1663.52000000,1666.75000000,3885.27370000,2026-06-23 21:59:59.999,6473660.76234900,62024,2135.27120000,3557713.11712700,0
2026-06-23 22:00:00,1666.74000000,1672.92000000,1663.00000000,1664.67000000,4377.06300000,2026-06-23 22:59:59.999,7298017.73974800,68780,2400.85410000,4003433.58283100,0
2026-06-23 23:00:00,1664.67000000,1669.55000000,1660.27000000,1667.13000000,5148.88680000,2026-06-23 23:59:59.999,8567779.31893600,82378,2747.28440000,4571757.99249600,0
2026-06-24 00:00:00,1667.13000000,1674.72000000,1666.75000000,1671.37000000,4670.74780000,2026-06-24 00:59:59.999,7802184.90904400,127052,2448.29060000,4089894.42019600,0
2026-06-24 01:00:00,1671.37000000,1680.46000000,1666.12000000,1672.71000000,6893.08070000,2026-06-24 01:59:59.999,11536959.42167300,141873,3687.37620000,6173042.35500800,0
2026-06-24 02:00:00,1672.71000000,1673.62000000,1663.53000000,1664.03000000,4564.50590000,2026-06-24 02:59:59.999,7612749.89046200,98631,2104.89380000,3510683.56556400,0
2026-06-24 03:00:00,1664.03000000,1670.09000000,1658.18000000,1666.67000000,6262.17000000,2026-06-24 03:59:59.999,10420911.50523700,58133,3053.35260000,5081961.69990800,0
2026-06-24 04:00:00,1666.67000000,1671.01000000,1658.22000000,1669.00000000,6413.20870000,2026-06-24 04:59:59.999,10679701.83038100,52435,2614.01130000,4353336.62175300,0
2026-06-24 05:00:00,1669.00000000,1679.57000000,1667.80000000,1674.48000000,6618.85950000,2026-06-24 05:59:59.999,11083008.86267500,46833,3657.15550000,6122801.40671100,0
2026-06-24 06:00:00,1674.48000000,1677.00000000,1670.54000000,1674.89000000,5038.46810000,2026-06-24 06:59:59.999,8437786.69085700,44041,2588.22600000,4334969.70044200,0
2026-06-24 07:00:00,1674.89000000,1678.53000000,1670.94000000,1673.12000000,6333.96310000,2026-06-24 07:59:59.999,10602410.52625600,92098,3335.78870000,5583936.93921700,0
2026-06-24 08:00:00,1673.13000000,1675.20000000,1669.23000000,1673.28000000,5571.62040000,2026-06-24 08:59:59.999,9319037.20159900,70359,3317.15730000,5548416.91381800,0
2026-06-24 09:00:00,1673.28000000,1673.38000000,1665.29000000,1667.15000000,6153.86320000,2026-06-24 09:59:59.999,10267309.92312400,82763,3245.22280000,5413849.67702900,0
2026-06-24 10:00:00,1667.14000000,1668.00000000,1662.88000000,1663.69000000,7390.63950000,2026-06-24 10:59:59.999,12310679.37205700,100311,4321.85970000,7199137.40436000,0
2026-06-24 11:00:00,1663.68000000,1693.67000000,1655.76000000,1679.57000000,14579.93120000,2026-06-24 11:59:59.999,24386813.15068000,196962,7886.42140000,13194742.81755500,0
2026-06-24 12:00:00,1679.57000000,1681.29000000,1670.52000000,1671.53000000,8195.69480000,2026-06-24 12:59:59.999,13742797.52949300,144530,4005.35140000,6717711.14280600,0
2026-06-24 13:00:00,1671.53000000,1672.17000000,1641.44000000,1645.43000000,27387.75470000,2026-06-24 13:59:59.999,45259783.65102300,511529,13117.73400000,21674417.66046300,0
2026-06-24 14:00:00,1645.42000000,1657.40000000,1638.14000000,1647.26000000,23273.28980000,2026-06-24 14:59:59.999,38333094.30540600,397358,11379.47200000,18747491.78806400,0
2026-06-24 15:00:00,1647.27000000,1651.24000000,1616.80000000,1618.08000000,29543.95690000,2026-06-24 15:59:59.999,48219204.54698700,429657,11936.38870000,19484808.27394600,0
2026-06-24 16:00:00,1618.08000000,1636.08000000,1585.20000000,1589.87000000,48596.78810000,2026-06-24 16:59:59.999,78254187.83027000,539206,22971.32360000,37010266.94831200,0
2026-06-24 17:00:00,1589.86000000,1597.83000000,1552.95000000,1560.66000000,44350.58320000,2026-06-24 17:59:59.999,69808503.64853400,694121,20049.07140000,31561347.85079400,0
2026-06-24 18:00:00,1560.66000000,1585.11000000,1556.86000000,1572.26000000,27727.02150000,2026-06-24 18:59:59.999,43596798.46903600,412201,14079.68830000,22140262.59981000,0
2026-06-24 19:00:00,1572.27000000,1585.39000000,1567.12000000,1584.58000000,14632.35020000,2026-06-24 19:59:59.999,23069890.18036200,232394,8906.56940000,14045934.18604500,0
2026-06-24 20:00:00,1584.59000000,1622.12000000,1580.00000000,1613.63000000,23963.58710000,2026-06-24 20:59:59.999,38537884.74424400,399980,13697.61110000,22023502.51343200,0
2026-06-24 21:00:00,1613.63000000,1621.81000000,1606.09000000,1621.37000000,10321.27570000,2026-06-24 21:59:59.999,16654218.72628200,141364,6017.20620000,9710919.57697900,0
2026-06-24 22:00:00,1621.37000000,1629.82000000,1613.65000000,1615.46000000,11234.91870000,2026-06-24 22:59:59.999,18200425.96446000,144983,5296.77250000,8583017.84037700,0
2026-06-24 23:00:00,1615.45000000,1623.46000000,1613.75000000,1622.17000000,6010.06150000,2026-06-24 23:59:59.999,9729965.06500300,95285,3475.29510000,5626402.30659400,0
2026-06-25 00:00:00,1622.18000000,1626.51000000,1616.56000000,1619.12000000,10082.82770000,2026-06-25 00:59:59.999,16343599.41534200,141681,5030.74570000,8154311.71059800,0
2026-06-25 01:00:00,1619.12000000,1624.24000000,1614.69000000,1620.72000000,5059.82550000,2026-06-25 01:59:59.999,8194012.82372600,109141,2508.00680000,4061852.06660400,0
2026-06-25 02:00:00,1620.73000000,1621.47000000,1615.04000000,1621.00000000,3603.67970000,2026-06-25 02:59:59.999,5832603.97560100,76255,1875.70600000,3036024.34405900,0
2026-06-25 03:00:00,1621.01000000,1624.12000000,1616.23000000,1619.60000000,5190.76250000,2026-06-25 03:59:59.999,8407364.21253300,82614,2266.11250000,3670529.15854900,0
2026-06-25 04:00:00,1619.61000000,1636.52000000,1617.12000000,1635.03000000,10616.03130000,2026-06-25 04:59:59.999,17267857.60380500,117483,6259.40470000,10184611.81282400,0
2026-06-25 05:00:00,1635.04000000,1652.23000000,1633.58000000,1645.89000000,29374.74630000,2026-06-25 05:59:59.999,48336952.15208800,226731,17447.00960000,28707066.37244300,0
2026-06-25 06:00:00,1645.89000000,1660.54000000,1644.15000000,1653.95000000,13089.77780000,2026-06-25 06:59:59.999,21616653.58787000,135861,8186.26780000,13518878.98126500,0
2026-06-25 07:00:00,1653.95000000,1659.89000000,1651.22000000,1657.19000000,10508.24790000,2026-06-25 07:59:59.999,17394718.63008000,118583,5818.30980000,9631499.86935800,0
2026-06-25 08:00:00,1657.20000000,1658.98000000,1651.03000000,1652.92000000,5137.72570000,2026-06-25 08:59:59.999,8495559.05366600,71450,2427.80020000,4014338.83711100,0
2026-06-25 09:00:00,1652.93000000,1655.41000000,1646.62000000,1648.88000000,5291.91710000,2026-06-25 09:59:59.999,8731909.07911100,64493,2916.49480000,4813081.78078600,0
2026-06-25 10:00:00,1648.89000000,1649.83000000,1633.60000000,1636.58000000,12280.27740000,2026-06-25 10:59:59.999,20159810.13888100,97898,6522.94880000,10711530.89135100,0
2026-06-25 11:00:00,1636.58000000,1639.17000000,1628.05000000,1633.27000000,21315.38000000,2026-06-25 11:59:59.999,34789632.19778100,182482,13413.39530000,21892852.12214600,0
2026-06-25 12:00:00,1633.28000000,1650.38000000,1624.71000000,1635.81000000,14082.14110000,2026-06-25 12:59:59.999,23049970.48229300,134433,6998.42490000,11452798.66695200,0
2026-06-25 13:00:00,1635.82000000,1640.98000000,1532.90000000,1538.15000000,69978.66100000,2026-06-25 13:59:59.999,110126262.38279000,603953,31572.74830000,49674977.20816200,0
2026-06-25 14:00:00,1538.15000000,1593.07000000,1538.15000000,1568.37000000,74239.25850000,2026-06-25 14:59:59.999,116265526.44435700,793058,39541.20660000,61937832.95566500,0
2026-06-25 15:00:00,1568.37000000,1573.55000000,1544.68000000,1570.01000000,40193.96890000,2026-06-25 15:59:59.999,62716373.45756200,349757,21219.88060000,33119135.16848000,0
2026-06-25 16:00:00,1570.01000000,1587.70000000,1558.17000000,1562.04000000,27455.60570000,2026-06-25 16:59:59.999,43189238.43777100,245000,16353.42160000,25735463.93893300,0
2026-06-25 17:00:00,1562.04000000,1575.43000000,1557.56000000,1574.92000000,16173.20730000,2026-06-25 17:59:59.999,25377763.04131600,197128,9191.48700000,14423608.54013200,0
2026-06-25 18:00:00,1574.92000000,1577.49000000,1560.00000000,1567.56000000,15081.15500000,2026-06-25 18:59:59.999,23657584.11251900,152109,8456.42040000,13266289.24917100,0
2026-06-25 19:00:00,1567.56000000,1567.83000000,1554.60000000,1559.42000000,11610.44840000,2026-06-25 19:59:59.999,18109434.28557600,119693,5546.10600000,8649800.05474900,0
2026-06-25 20:00:00,1559.41000000,1570.74000000,1556.73000000,1560.33000000,9081.72740000,2026-06-25 20:59:59.999,14203307.62696000,91234,5113.88750000,7996229.97693200,0
2026-06-25 21:00:00,1560.33000000,1583.09000000,1560.14000000,1580.77000000,11363.35880000,2026-06-25 21:59:59.999,17855485.97891000,122961,6789.32670000,10665025.63751800,0
2026-06-25 22:00:00,1580.76000000,1583.65000000,1566.62000000,1570.30000000,10594.80860000,2026-06-25 22:59:59.999,16660815.73633500,129542,5673.28290000,8921667.62147200,0
2026-06-25 23:00:00,1570.29000000,1579.82000000,1564.57000000,1567.84000000,9265.46540000,2026-06-25 23:59:59.999,14582523.69402100,91040,5118.63410000,8057586.12705200,0
2026-06-26 00:00:00,1567.86000000,1571.78000000,1563.69000000,1564.72000000,4929.46350000,2026-06-26 00:59:59.999,7732219.97370400,102203,2445.93180000,3837162.15084900,0
2026-06-26 01:00:00,1564.73000000,1568.65000000,1555.33000000,1560.13000000,7050.36910000,2026-06-26 01:59:59.999,11002931.76497300,120243,2955.44560000,4612567.28259600,0
2026-06-26 02:00:00,1560.13000000,1560.94000000,1520.00000000,1524.70000000,35180.37390000,2026-06-26 02:59:59.999,53920183.49041700,350291,15735.00810000,24108573.45586400,0
2026-06-26 03:00:00,1524.70000000,1563.65000000,1512.00000000,1557.93000000,36405.79420000,2026-06-26 03:59:59.999,55833164.78089000,311444,19035.75600000,29240145.08181000,0
2026-06-26 04:00:00,1557.93000000,1560.70000000,1547.41000000,1549.79000000,8921.68470000,2026-06-26 04:59:59.999,13860407.05877200,125804,4776.78690000,7423167.04383900,0
2026-06-26 05:00:00,1549.80000000,1559.22000000,1548.40000000,1555.69000000,11399.79600000,2026-06-26 05:59:59.999,17717694.47313900,88504,6058.17810000,9413655.36474600,0
2026-06-26 06:00:00,1555.68000000,1574.02000000,1543.43000000,1570.99000000,15077.44820000,2026-06-26 06:59:59.999,23491105.69002900,142793,7245.93410000,11294088.23649300,0
2026-06-26 07:00:00,1571.00000000,1586.50000000,1570.65000000,1581.12000000,33337.55740000,2026-06-26 07:59:59.999,52696883.07856200,164019,20980.85120000,33161224.91530400,0
2026-06-26 08:00:00,1581.12000000,1582.43000000,1563.55000000,1566.43000000,27853.25570000,2026-06-26 08:59:59.999,43777939.32111000,159295,13798.31390000,21692475.54158700,0
2026-06-26 09:00:00,1566.44000000,1567.28000000,1549.33000000,1552.99000000,16726.18380000,2026-06-26 09:59:59.999,26098137.09405700,180031,7169.80140000,11189232.40403300,0
2026-06-26 10:00:00,1552.99000000,1556.15000000,1545.00000000,1548.37000000,10405.97140000,2026-06-26 10:59:59.999,16139792.50657400,124521,5233.47920000,8116871.27161300,0
2026-06-26 11:00:00,1548.36000000,1555.20000000,1541.01000000,1545.14000000,15853.29160000,2026-06-26 11:59:59.999,24540006.38568000,163091,6026.53840000,9329446.28511900,0
2026-06-26 12:00:00,1545.15000000,1560.61000000,1527.81000000,1536.28000000,20616.55010000,2026-06-26 12:59:59.999,31781848.69511700,276002,10714.00510000,16516236.97503800,0
2026-06-26 13:00:00,1536.29000000,1571.40000000,1521.54000000,1569.40000000,35433.13840000,2026-06-26 13:59:59.999,54726559.14536000,315613,19166.32700000,29608820.35898700,0
2026-06-26 14:00:00,1569.40000000,1575.36000000,1553.66000000,1559.98000000,33128.11140000,2026-06-26 14:59:59.999,51815499.48589600,353398,17557.14810000,27462827.55319300,0
2026-06-26 15:00:00,1559.98000000,1588.23000000,1559.56000000,1580.14000000,30928.05750000,2026-06-26 15:59:59.999,48810366.69097300,288175,16380.17170000,25841535.55113700,0
2026-06-26 16:00:00,1580.13000000,1594.70000000,1572.44000000,1577.84000000,19277.14590000,2026-06-26 16:59:59.999,30502898.49313000,186783,10235.67300000,16199138.00223900,0
2026-06-26 17:00:00,1577.83000000,1589.03000000,1576.59000000,1581.92000000,14613.13950000,2026-06-26 17:59:59.999,23146163.17290100,127260,8030.58510000,12719817.10082100,0
2026-06-26 18:00:00,1581.91000000,1585.51000000,1570.32000000,1573.34000000,9649.54200000,2026-06-26 18:59:59.999,15219034.56884500,97202,5001.18530000,7886445.84238800,0
2026-06-26 19:00:00,1573.35000000,1584.20000000,1570.50000000,1574.51000000,10709.88940000,2026-06-26 19:59:59.999,16909320.86501300,109728,5419.54380000,8554830.62519700,0
2026-06-26 20:00:00,1574.51000000,1583.40000000,1568.00000000,1571.03000000,12801.70660000,2026-06-26 20:59:59.999,20149949.64744300,107073,7345.25560000,11563064.05914800,0
2026-06-26 21:00:00,1571.02000000,1579.40000000,1568.43000000,1575.18000000,5129.51890000,2026-06-26 21:59:59.999,8073385.09906100,46022,3043.09970000,4789338.37666300,0
2026-06-26 22:00:00,1575.17000000,1579.45000000,1569.44000000,1577.95000000,4444.57290000,2026-06-26 22:59:59.999,6997929.30743500,43482,2393.85010000,3769573.38960900,0
2026-06-26 23:00:00,1577.94000000,1580.76000000,1574.44000000,1578.68000000,3818.87720000,2026-06-26 23:59:59.999,6026653.06149100,27605,2385.40030000,3764701.01893200,0
2026-06-27 00:00:00,1578.68000000,1582.07000000,1571.55000000,1576.82000000,3878.24380000,2026-06-27 00:59:59.999,6113073.30843800,44994,1791.62130000,2824772.09801200,0
2026-06-27 01:00:00,1576.83000000,1577.70000000,1574.00000000,1576.01000000,1579.79640000,2026-06-27 01:59:59.999,2489634.04565400,33257,810.08640000,1276727.47698600,0
2026-06-27 02:00:00,1576.00000000,1587.17000000,1574.64000000,1583.13000000,5372.92760000,2026-06-27 02:59:59.999,8506992.83120800,71791,3396.66380000,5377303.98496000,0
2026-06-27 03:00:00,1583.13000000,1585.09000000,1578.41000000,1580.62000000,8297.57490000,2026-06-27 03:59:59.999,13122287.66567700,54522,2311.93990000,3655874.23542600,0
2026-06-27 04:00:00,1580.62000000,1585.22000000,1579.00000000,1579.48000000,3722.08110000,2026-06-27 04:59:59.999,5890313.95784600,39256,1634.18090000,2586625.12013100,0
2026-06-27 05:00:00,1579.48000000,1581.12000000,1577.00000000,1578.65000000,4219.36900000,2026-06-27 05:59:59.999,6663587.31897100,30181,1587.29670000,2506813.78603900,0
2026-06-27 06:00:00,1578.66000000,1584.61000000,1575.20000000,1582.71000000,3621.24670000,2026-06-27 06:59:59.999,5722785.84721900,32595,1917.34970000,3030759.33178800,0
2026-06-27 07:00:00,1582.71000000,1586.38000000,1580.39000000,1585.71000000,3657.58860000,2026-06-27 07:59:59.999,5791102.90338500,36508,1976.59150000,3129722.44171100,0
2026-06-27 08:00:00,1585.72000000,1585.95000000,1582.05000000,1584.18000000,5115.61150000,2026-06-27 08:59:59.999,8102064.51789700,43737,1857.04810000,2940899.93544600,0
2026-06-27 09:00:00,1584.18000000,1584.91000000,1579.39000000,1582.93000000,3278.63790000,2026-06-27 09:59:59.999,5186230.79328100,36439,1289.48510000,2039865.22216600,0
2026-06-27 10:00:00,1582.93000000,1584.97000000,1582.18000000,1584.31000000,2292.32540000,2026-06-27 10:59:59.999,3630344.14859500,20654,1268.24060000,2008581.25662600,0
2026-06-27 11:00:00,1584.31000000,1585.12000000,1579.00000000,1584.00000000,2769.01680000,2026-06-27 11:59:59.999,4380765.25665200,25031,1556.56030000,2462561.37954800,0
2026-06-27 12:00:00,1584.00000000,1586.49000000,1581.42000000,1585.95000000,3471.42360000,2026-06-27 12:59:59.999,5498753.06353700,25937,2156.84580000,3416796.88570100,0
2026-06-27 13:00:00,1585.95000000,1593.23000000,1584.98000000,1592.30000000,8300.54950000,2026-06-27 13:59:59.999,13186144.61347800,74114,5341.64810000,8484877.33058700,0
2026-06-27 14:00:00,1592.31000000,1598.88000000,1589.49000000,1594.68000000,7439.29540000,2026-06-27 14:59:59.999,11861726.53504000,82371,4366.62420000,6962663.84762700,0
2026-06-27 15:00:00,1594.68000000,1611.02000000,1594.09000000,1605.68000000,14977.09370000,2026-06-27 15:59:59.999,24027135.08083000,101056,9681.68730000,15529888.92032000,0
2026-06-27 16:00:00,1605.68000000,1607.92000000,1601.70000000,1606.97000000,4657.14130000,2026-06-27 16:59:59.999,7472609.00664300,63897,2315.74440000,3716010.94908200,0
2026-06-27 17:00:00,1606.98000000,1607.10000000,1588.60000000,1591.42000000,10759.71530000,2026-06-27 17:59:59.999,17155505.40807900,87328,4657.78070000,7425794.26724600,0
2026-06-27 18:00:00,1591.42000000,1594.70000000,1589.20000000,1593.92000000,2775.85770000,2026-06-27 18:59:59.999,4419335.15737100,48362,1251.59010000,1992918.72227400,0
2026-06-27 19:00:00,1593.91000000,1595.25000000,1573.36000000,1578.51000000,11430.89180000,2026-06-27 19:59:59.999,18060519.36137100,108565,6146.66450000,9706957.00502000,0
2026-06-27 20:00:00,1578.51000000,1583.24000000,1578.48000000,1581.48000000,2379.69340000,2026-06-27 20:59:59.999,3762895.76568700,26294,1295.05330000,2047728.49958100,0
2026-06-27 21:00:00,1581.48000000,1585.69000000,1573.93000000,1575.38000000,5770.04740000,2026-06-27 21:59:59.999,9117952.33459800,39498,3203.09910000,5063039.86146300,0
2026-06-27 22:00:00,1575.38000000,1579.56000000,1562.86000000,1578.98000000,7609.19670000,2026-06-27 22:59:59.999,11961164.85258200,88917,3622.13240000,5693312.89539900,0
2026-06-27 23:00:00,1578.98000000,1581.58000000,1570.55000000,1573.99000000,4217.03430000,2026-06-27 23:59:59.999,6644715.87869100,66520,1950.25150000,3073994.76264300,0
2026-06-28 00:00:00,1574.00000000,1578.08000000,1572.71000000,1574.75000000,2955.01910000,2026-06-28 00:59:59.999,4655738.34357100,31312,1257.93520000,1981996.92812900,0
2026-06-28 01:00:00,1574.74000000,1576.95000000,1570.00000000,1575.11000000,3504.18950000,2026-06-28 01:59:59.999,5515996.78518200,31449,1558.02140000,2451804.19648100,0
2026-06-28 02:00:00,1575.11000000,1580.05000000,1569.07000000,1572.00000000,4027.30510000,2026-06-28 02:59:59.999,6339079.37752900,50084,1566.88460000,2467242.22546100,0
2026-06-28 03:00:00,1572.01000000,1576.11000000,1572.01000000,1575.08000000,1672.75400000,2026-06-28 03:59:59.999,2633274.87949300,28751,761.67520000,1199058.63638200,0
2026-06-28 04:00:00,1575.08000000,1577.34000000,1570.64000000,1574.32000000,3089.36360000,2026-06-28 04:59:59.999,4864161.61092900,41056,1566.82440000,2466616.09208400,0
2026-06-28 05:00:00,1574.32000000,1574.33000000,1564.33000000,1569.17000000,6581.55220000,2026-06-28 05:59:59.999,10322598.37572500,84188,2895.08990000,4540689.75933200,0
2026-06-28 06:00:00,1569.18000000,1570.65000000,1562.41000000,1567.84000000,5839.15720000,2026-06-28 06:59:59.999,9147895.07442200,72967,3355.23070000,5256600.62291000,0
2026-06-28 07:00:00,1567.85000000,1577.13000000,1567.84000000,1575.96000000,5527.18520000,2026-06-28 07:59:59.999,8694687.81668600,46043,4084.71870000,6424790.43805800,0
2026-06-28 08:00:00,1575.96000000,1585.32000000,1573.75000000,1581.58000000,8339.70960000,2026-06-28 08:59:59.999,13180926.35396500,70481,4375.07320000,6917067.99906500,0
2026-06-28 09:00:00,1581.58000000,1586.35000000,1578.37000000,1579.09000000,6148.27540000,2026-06-28 09:59:59.999,9726242.94060700,50064,3613.83600000,5717422.81409700,0
2026-06-28 10:00:00,1579.08000000,1581.42000000,1572.23000000,1577.16000000,5257.72190000,2026-06-28 10:59:59.999,8290294.90481300,35607,1968.07490000,3103964.24938600,0
2026-06-28 11:00:00,1577.16000000,1584.00000000,1575.90000000,1582.87000000,4122.22340000,2026-06-28 11:59:59.999,6515638.89290700,39752,1990.05270000,3145311.82736000,0
2026-06-28 12:00:00,1582.86000000,1588.82000000,1578.21000000,1583.56000000,8975.49820000,2026-06-28 12:59:59.999,14203474.26638200,70298,5133.13670000,8124345.83067500,0
2026-06-28 13:00:00,1583.56000000,1583.85000000,1575.04000000,1579.68000000,4303.25260000,2026-06-28 13:59:59.999,6798912.73157600,52976,2072.62220000,3274825.91207900,0
2026-06-28 14:00:00,1579.68000000,1586.36000000,1577.92000000,1581.56000000,4893.54910000,2026-06-28 14:59:59.999,7744239.13950100,58961,2651.37300000,4196647.61519100,0
2026-06-28 15:00:00,1581.55000000,1585.36000000,1577.20000000,1580.89000000,5502.25540000,2026-06-28 15:59:59.999,8701478.17512900,61003,2287.90370000,3618313.79083400,0
2026-06-28 16:00:00,1580.90000000,1581.94000000,1566.62000000,1572.85000000,9393.46850000,2026-06-28 16:59:59.999,14774481.81934500,102552,4569.37900000,7191048.35120300,0
2026-06-28 17:00:00,1572.84000000,1577.36000000,1563.53000000,1572.35000000,6830.07240000,2026-06-28 17:59:59.999,10720563.11263300,76312,3733.67550000,5862565.46652100,0
2026-06-28 18:00:00,1572.34000000,1575.15000000,1569.08000000,1571.78000000,3637.05340000,2026-06-28 18:59:59.999,5717451.42424000,38487,1803.43980000,2834873.55736100,0
2026-06-28 19:00:00,1571.79000000,1574.55000000,1556.81000000,1564.62000000,6915.10440000,2026-06-28 19:59:59.999,10816457.18120600,59355,2791.03310000,4365269.87177300,0
2026-06-28 20:00:00,1564.61000000,1576.42000000,1564.30000000,1573.20000000,4705.05870000,2026-06-28 20:59:59.999,7393128.97646400,65604,2712.96340000,4261102.90475300,0
2026-06-28 21:00:00,1573.20000000,1573.87000000,1559.21000000,1563.62000000,4084.21400000,2026-06-28 21:59:59.999,6400653.88074300,46124,1743.00710000,2731487.71259700,0
2026-06-28 22:00:00,1563.63000000,1582.29000000,1548.37000000,1557.09000000,15493.94960000,2026-06-28 22:59:59.999,24232808.60506000,192279,6804.64890000,10645756.32154100,0
2026-06-28 23:00:00,1557.08000000,1580.10000000,1555.35000000,1571.96000000,8383.20920000,2026-06-28 23:59:59.999,13154448.85479600,100923,4764.39630000,7474788.17943800,0
2026-06-29 00:00:00,1571.96000000,1574.69000000,1552.21000000,1573.53000000,9360.72040000,2026-06-29 00:59:59.999,14630040.81905100,181745,4187.37090000,6547271.28055900,0
2026-06-29 01:00:00,1573.53000000,1574.28000000,1560.19000000,1568.70000000,5801.24280000,2026-06-29 01:59:59.999,9096889.58404200,117933,2898.12160000,4544314.75681800,0
2026-06-29 02:00:00,1568.71000000,1579.15000000,1550.43000000,1576.60000000,12263.51630000,2026-06-29 02:59:59.999,19239110.15535200,156675,6392.89320000,10029367.86043300,0
2026-06-29 03:00:00,1576.60000000,1589.75000000,1576.60000000,1584.78000000,9914.29310000,2026-06-29 03:59:59.999,15698498.05332200,99217,5630.61230000,8916479.01051200,0
2026-06-29 04:00:00,1584.77000000,1585.05000000,1574.65000000,1575.50000000,4238.93360000,2026-06-29 04:59:59.999,6696362.65353800,57861,1749.00200000,2762767.47029600,0
2026-06-29 05:00:00,1575.50000000,1583.10000000,1562.26000000,1583.10000000,8554.54540000,2026-06-29 05:59:59.999,13442506.90567500,115515,4641.98350000,7296193.90524100,0
2026-06-29 06:00:00,1583.10000000,1589.08000000,1579.81000000,1582.82000000,5429.16520000,2026-06-29 06:59:59.999,8601161.19338900,55980,2679.24610000,4245444.24108000,0
2026-06-29 07:00:00,1582.82000000,1584.90000000,1577.92000000,1580.16000000,5938.94800000,2026-06-29 07:59:59.999,9388664.93592500,74630,2660.70910000,4206493.29006500,0
2026-06-29 08:00:00,1580.17000000,1582.33000000,1569.85000000,1572.98000000,7152.08860000,2026-06-29 08:59:59.999,11269050.84917700,87586,2584.67720000,4073289.53214700,0
2026-06-29 09:00:00,1572.98000000,1580.44000000,1570.49000000,1576.20000000,7628.97280000,2026-06-29 09:59:59.999,12016895.53921300,69447,3685.08650000,5803711.00164800,0
2026-06-29 10:00:00,1576.20000000,1587.00000000,1576.20000000,1578.60000000,7670.00290000,2026-06-29 10:59:59.999,12126076.23103600,80173,3622.32050000,5726731.49242500,0
2026-06-29 11:00:00,1578.60000000,1582.54000000,1570.32000000,1574.93000000,10782.30570000,2026-06-29 11:59:59.999,16974404.38312500,90971,5518.24790000,8687545.81447600,0
2026-06-29 12:00:00,1574.93000000,1597.28000000,1566.60000000,1576.11000000,29333.74110000,2026-06-29 12:59:59.999,46456083.57757000,245357,15111.77490000,23918975.77028000,0
2026-06-29 13:00:00,1576.12000000,1588.82000000,1564.85000000,1572.74000000,22887.33890000,2026-06-29 13:59:59.999,36049227.22536700,220733,10336.97900000,16282876.75439000,0
2026-06-29 14:00:00,1572.74000000,1579.34000000,1557.35000000,1572.90000000,25528.26160000,2026-06-29 14:59:59.999,40018353.76582900,239462,14444.63920000,22642786.78850900,0
2026-06-29 15:00:00,1572.90000000,1585.41000000,1561.70000000,1580.26000000,22851.74100000,2026-06-29 15:59:59.999,35982313.54683000,185248,12770.91330000,20117949.59606800,0
2026-06-29 16:00:00,1580.26000000,1587.71000000,1574.06000000,1585.37000000,13677.84500000,2026-06-29 16:59:59.999,21628527.11607300,106341,7495.13570000,11854200.61252500,0
2026-06-29 17:00:00,1585.37000000,1637.58000000,1585.37000000,1628.03000000,47576.48520000,2026-06-29 17:59:59.999,77085161.79891600,347669,24270.24650000,39296231.09335600,0
2026-06-29 18:00:00,1628.04000000,1628.61000000,1618.37000000,1621.10000000,11128.55180000,2026-06-29 18:59:59.999,18068573.11942700,98416,5084.76980000,8254224.02027400,0
2026-06-29 19:00:00,1621.10000000,1627.36000000,1616.23000000,1625.60000000,8541.61030000,2026-06-29 19:59:59.999,13858707.67596500,88182,3803.04930000,6170433.54734700,0
2026-06-29 20:00:00,1625.60000000,1626.65000000,1617.37000000,1617.66000000,11491.59880000,2026-06-29 20:59:59.999,18653984.19656600,62736,5860.20540000,9511789.73417400,0
2026-06-29 21:00:00,1617.66000000,1623.00000000,1611.50000000,1619.99000000,8484.76180000,2026-06-29 21:59:59.999,13724870.01059300,63775,4199.61490000,6794071.12814300,0
2026-06-29 22:00:00,1620.00000000,1622.11000000,1610.36000000,1612.90000000,7654.41770000,2026-06-29 22:59:59.999,12369207.31893400,54039,2654.87400000,4292597.82360500,0
2026-06-29 23:00:00,1612.90000000,1613.98000000,1607.41000000,1613.07000000,6077.88680000,2026-06-29 23:59:59.999,9792799.88226700,60037,2731.03020000,4400133.26818400,0
2026-06-30 00:00:00,1613.07000000,1614.41000000,1592.71000000,1594.41000000,14031.36700000,2026-06-30 00:59:59.999,22459234.26484300,93557,7889.89610000,12621687.17050400,0
2026-06-30 01:00:00,1594.42000000,1599.83000000,1589.00000000,1593.92000000,9136.29580000,2026-06-30 01:59:59.999,14559091.01543200,66186,4193.83020000,6683616.10391700,0
2026-06-30 02:00:00,1593.92000000,1593.93000000,1586.49000000,1590.57000000,6252.36130000,2026-06-30 02:59:59.999,9945222.07847400,57681,2523.70470000,4014329.41041300,0
2026-06-30 03:00:00,1590.57000000,1596.18000000,1586.58000000,1587.18000000,5380.68590000,2026-06-30 03:59:59.999,8563505.03364200,51663,2783.28120000,4430815.99948300,0
2026-06-30 04:00:00,1587.18000000,1590.99000000,1579.79000000,1588.11000000,8118.73240000,2026-06-30 04:59:59.999,12875520.30042500,56401,3023.11220000,4795251.04685700,0
2026-06-30 05:00:00,1588.10000000,1592.02000000,1585.22000000,1591.60000000,6208.86480000,2026-06-30 05:59:59.999,9865144.27937300,44916,3051.64550000,4848573.28542400,0
2026-06-30 06:00:00,1591.61000000,1594.65000000,1589.00000000,1593.72000000,4198.23530000,2026-06-30 06:59:59.999,6682125.69428600,42074,2461.46840000,3917665.42933300,0
2026-06-30 07:00:00,1593.72000000,1596.25000000,1590.07000000,1592.51000000,6659.25530000,2026-06-30 07:59:59.999,10606140.51856300,56908,3233.86250000,5150619.03710700,0
2026-06-30 08:00:00,1592.51000000,1594.28000000,1579.54000000,1583.98000000,12844.08510000,2026-06-30 08:59:59.999,20359459.27968500,90887,6526.81630000,10344774.99818700,0
2026-06-30 09:00:00,1583.97000000,1587.03000000,1581.49000000,1585.35000000,6708.23190000,2026-06-30 09:59:59.999,10628279.65430100,54306,2910.54480000,4611946.27816400,0
2026-06-30 10:00:00,1585.35000000,1586.93000000,1582.23000000,1584.51000000,5569.30340000,2026-06-30 10:59:59.999,8825365.74054000,54885,1997.89410000,3165869.35545900,0
2026-06-30 11:00:00,1584.52000000,1586.15000000,1575.85000000,1578.58000000,8676.24580000,2026-06-30 11:59:59.999,13715629.29498300,76082,3284.31340000,5191606.14244200,0
2026-06-30 12:00:00,1578.57000000,1578.58000000,1551.33000000,1552.79000000,21763.48640000,2026-06-30 12:59:59.999,34043917.76245800,210282,8350.97200000,13068317.75834100,0
2026-06-30 13:00:00,1552.80000000,1567.51000000,1550.20000000,1567.29000000,25249.46690000,2026-06-30 13:59:59.999,39351026.18078600,241720,12253.39920000,19106502.77948500,0
2026-06-30 14:00:00,1567.29000000,1578.00000000,1561.33000000,1563.52000000,14106.08700000,2026-06-30 14:59:59.999,22150727.80570200,198866,6852.49000000,10760131.16502300,0
2026-06-30 15:00:00,1563.52000000,1576.94000000,1557.35000000,1565.18000000,12920.77100000,2026-06-30 15:59:59.999,20234599.00016000,152549,6545.32040000,10251173.68194800,0
2026-06-30 16:00:00,1565.19000000,1575.00000000,1561.84000000,1572.38000000,10466.68460000,2026-06-30 16:59:59.999,16398660.47349300,83683,6104.56250000,9563153.52202600,0
2026-06-30 17:00:00,1572.38000000,1577.10000000,1568.64000000,1570.86000000,6056.38480000,2026-06-30 17:59:59.999,9520633.24652400,70664,2475.76930000,3891951.90719100,0
2026-06-30 18:00:00,1570.87000000,1581.83000000,1569.59000000,1579.11000000,9113.06830000,2026-06-30 18:59:59.999,14361277.11565000,67297,4213.91710000,6641187.05245400,0
2026-06-30 19:00:00,1579.10000000,1581.92000000,1575.56000000,1580.53000000,6894.01300000,2026-06-30 19:59:59.999,10885158.41925100,62883,3466.66450000,5473752.61070000,0
2026-06-30 20:00:00,1580.52000000,1582.98000000,1573.40000000,1575.99000000,6496.55230000,2026-06-30 20:59:59.999,10250707.78248200,53906,2842.46720000,4484815.23159900,0
2026-06-30 21:00:00,1575.99000000,1577.26000000,1570.00000000,1571.68000000,4676.41800000,2026-06-30 21:59:59.999,7353845.23426800,40154,2137.15650000,3360245.54075700,0
2026-06-30 22:00:00,1571.68000000,1575.30000000,1566.81000000,1567.64000000,5732.23410000,2026-06-30 22:59:59.999,9002160.05782300,46348,2541.75070000,3992247.06645700,0
2026-06-30 23:00:00,1567.64000000,1572.80000000,1566.00000000,1572.01000000,4798.37380000,2026-06-30 23:59:59.999,7532850.64708200,39840,2715.00120000,4262065.74854800,0
2026-07-01 00:00:00,1572.00000000,1576.70000000,1566.13000000,1575.07000000,5170.83490000,2026-07-01 00:59:59.999,8129095.51476500,54522,2954.59820000,4645852.37070900,0
2026-07-01 01:00:00,1575.07000000,1586.60000000,1552.92000000,1577.91000000,20972.99350000,2026-07-01 01:59:59.999,32929652.23264800,167041,11137.68880000,17503026.55264200,0
2026-07-01 02:00:00,1577.91000000,1589.55000000,1574.53000000,1586.30000000,9847.68450000,2026-07-01 02:59:59.999,15596523.96719400,125020,5645.58850000,8943520.45259100,0
2026-07-01 03:00:00,1586.30000000,1599.19000000,1582.45000000,1594.81000000,13735.44400000,2026-07-01 03:59:59.999,21840565.64516500,121525,8735.14330000,13888868.98785200,0
2026-07-01 04:00:00,1594.81000000,1604.02000000,1590.89000000,1599.35000000,10850.55590000,2026-07-01 04:59:59.999,17334293.52464700,100283,5222.66530000,8340404.44565300,0
2026-07-01 05:00:00,1599.35000000,1600.83000000,1591.21000000,1593.00000000,7409.76860000,2026-07-01 05:59:59.999,11821915.46023000,59392,3847.86540000,6138770.45913300,0
2026-07-01 06:00:00,1593.00000000,1593.15000000,1571.50000000,1575.99000000,14828.29990000,2026-07-01 06:59:59.999,23423192.94186300,87588,7148.73400000,11290317.84017500,0
2026-07-01 07:00:00,1575.99000000,1581.19000000,1572.50000000,1578.36000000,6847.45300000,2026-07-01 07:59:59.999,10798577.25241500,72835,3583.86130000,5651479.09297100,0
2026-07-01 08:00:00,1578.36000000,1582.37000000,1568.51000000,1582.37000000,6285.30840000,2026-07-01 08:59:59.999,9895691.67436300,65183,3091.32560000,4866912.24266600,0
2026-07-01 09:00:00,1582.36000000,1585.33000000,1578.68000000,1581.01000000,7492.70880000,2026-07-01 09:59:59.999,11845910.59882600,54315,3691.83610000,5837289.92076400,0
2026-07-01 10:00:00,1581.00000000,1581.52000000,1572.11000000,1573.43000000,5702.47910000,2026-07-01 10:59:59.999,8986221.65129700,58520,2287.36270000,3603922.72492700,0
2026-07-01 11:00:00,1573.43000000,1575.96000000,1567.13000000,1569.89000000,6688.41040000,2026-07-01 11:59:59.999,10516625.26437400,56357,3266.85680000,5138313.80553600,0
2026-07-01 12:00:00,1569.88000000,1572.49000000,1565.26000000,1570.24000000,7560.23900000,2026-07-01 12:59:59.999,11858160.69619000,90406,4091.66360000,6418222.81905300,0
2026-07-01 13:00:00,1570.24000000,1598.00000000,1570.00000000,1597.22000000,20616.96710000,2026-07-01 13:59:59.999,32629614.86756700,216742,11488.05660000,18181314.96704800,0
2026-07-01 14:00:00,1597.22000000,1617.04000000,1591.20000000,1601.18000000,38319.40060000,2026-07-01 14:59:59.999,61498216.66547800,296821,18269.84420000,29324160.25532200,0
2026-07-01 15:00:00,1601.19000000,1631.00000000,1600.98000000,1620.09000000,28006.77560000,2026-07-01 15:59:59.999,45381649.69049800,203030,13464.18460000,21813810.00314200,0
2026-07-01 16:00:00,1620.10000000,1629.26000000,1612.77000000,1614.54000000,13891.34610000,2026-07-01 16:59:59.999,22501742.33315600,113107,7451.23680000,12074003.82960300,0
2026-07-01 17:00:00,1614.54000000,1624.79000000,1607.17000000,1622.72000000,10580.08530000,2026-07-01 17:59:59.999,17122927.77668700,98163,5776.38810000,9347363.80673700,0
2026-07-01 18:00:00,1622.72000000,1624.50000000,1612.01000000,1616.59000000,7761.22190000,2026-07-01 18:59:59.999,12563300.93471700,66585,3680.27270000,5957857.21706400,0
2026-07-01 19:00:00,1616.59000000,1624.00000000,1614.42000000,1618.09000000,8988.55810000,2026-07-01 19:59:59.999,14557748.82590600,90166,3704.81340000,5999593.48971000,0
2026-07-01 20:00:00,1618.07000000,1620.46000000,1610.38000000,1617.68000000,8568.53840000,2026-07-01 20:59:59.999,13839435.83177400,74140,4356.48620000,7037548.72505400,0
2026-07-01 21:00:00,1617.67000000,1638.63000000,1617.55000000,1632.12000000,18296.01030000,2026-07-01 21:59:59.999,29764500.20476400,144283,10653.87220000,17335459.20978300,0
2026-07-01 22:00:00,1632.11000000,1646.26000000,1620.58000000,1621.63000000,17822.83490000,2026-07-01 22:59:59.999,29112747.48088200,146389,9041.36260000,14769407.58243100,0
2026-07-01 23:00:00,1621.62000000,1621.63000000,1608.35000000,1609.58000000,10292.39270000,2026-07-01 23:59:59.999,16612355.63739100,116185,3777.79520000,6098031.19610200,0
2026-07-02 00:00:00,1609.59000000,1609.80000000,1597.22000000,1603.42000000,10412.13290000,2026-07-02 00:59:59.999,16693987.03768700,89188,4563.84040000,7317834.55543600,0
2026-07-02 01:00:00,1603.42000000,1625.00000000,1602.63000000,1620.48000000,8577.15290000,2026-07-02 01:59:59.999,13847597.59757000,86286,5303.83030000,8563960.15916800,0
2026-07-02 02:00:00,1620.47000000,1624.45000000,1614.64000000,1620.68000000,6676.41850000,2026-07-02 02:59:59.999,10817087.36357700,65480,2727.82320000,4419740.26367100,0
2026-07-02 03:00:00,1620.69000000,1642.32000000,1618.12000000,1639.47000000,19491.77340000,2026-07-02 03:59:59.999,31812805.76859700,131363,13080.83810000,21348706.10340300,0
2026-07-02 04:00:00,1639.46000000,1639.94000000,1630.44000000,1632.71000000,10670.88880000,2026-07-02 04:59:59.999,17450788.36263600,83425,4723.24660000,7720912.58777700,0
2026-07-02 05:00:00,1632.71000000,1634.84000000,1625.21000000,1626.50000000,6765.41430000,2026-07-02 05:59:59.999,11027419.12230200,85511,2805.54540000,4574536.57033100,0
2026-07-02 06:00:00,1626.51000000,1629.88000000,1617.51000000,1619.14000000,8049.34620000,2026-07-02 06:59:59.999,13072451.85091900,95100,3441.69620000,5590106.10817300,0
2026-07-02 07:00:00,1619.14000000,1619.88000000,1614.32000000,1615.97000000,14349.35800000,2026-07-02 07:59:59.999,23199501.97331300,96952,6526.19350000,10551655.32880100,0
2026-07-02 08:00:00,1615.97000000,1626.35000000,1615.08000000,1624.92000000,8243.22290000,2026-07-02 08:59:59.999,13366584.33901600,69022,4937.72220000,8006198.42242200,0
2026-07-02 09:00:00,1624.91000000,1651.95000000,1620.34000000,1643.33000000,27834.73070000,2026-07-02 09:59:59.999,45692397.52624200,169296,16039.02920000,26325685.31029800,0
2026-07-02 10:00:00,1643.32000000,1649.62000000,1641.48000000,1646.12000000,12264.08830000,2026-07-02 10:59:59.999,20181061.03868400,119800,7502.74520000,12345549.00629000,0
2026-07-02 11:00:00,1646.12000000,1657.53000000,1644.53000000,1650.32000000,22336.09210000,2026-07-02 11:59:59.999,36856378.02820500,116549,11200.39770000,18481508.21698400,0
2026-07-02 12:00:00,1650.31000000,1669.72000000,1647.66000000,1662.82000000,25143.50730000,2026-07-02 12:59:59.999,41722672.04321000,212567,14953.76640000,24817427.30704700,0
2026-07-02 13:00:00,1662.81000000,1713.77000000,1660.73000000,1710.72000000,70316.27200000,2026-07-02 13:59:59.999,119318977.17155300,467136,42009.30770000,71282808.22163400,0
2026-07-02 14:00:00,1710.73000000,1725.00000000,1692.96000000,1701.55000000,46156.98420000,2026-07-02 14:59:59.999,78803296.33888700,389614,23405.52880000,39982100.44481300,0
2026-07-02 15:00:00,1701.55000000,1703.50000000,1688.72000000,1697.05000000,15806.44000000,2026-07-02 15:59:59.999,26839488.34597100,151677,7956.38240000,13510719.55542100,0
2026-07-02 16:00:00,1697.06000000,1704.00000000,1686.49000000,1699.67000000,15511.61020000,2026-07-02 16:59:59.999,26301027.04567500,126658,7599.53880000,12887589.89825400,0
2026-07-02 17:00:00,1699.66000000,1705.94000000,1694.51000000,1695.89000000,10016.66060000,2026-07-02 17:59:59.999,17033582.07145800,111987,4453.48270000,7573182.99710800,0
2026-07-02 18:00:00,1695.88000000,1707.14000000,1695.45000000,1702.06000000,6185.18020000,2026-07-02 18:59:59.999,10529851.47052800,54794,2680.66520000,4563440.96912900,0
2026-07-02 19:00:00,1702.05000000,1705.53000000,1694.75000000,1700.15000000,6640.07030000,2026-07-02 19:59:59.999,11293768.31799500,63326,3096.06100000,5266317.00408600,0
2026-07-02 20:00:00,1700.15000000,1706.68000000,1696.08000000,1705.75000000,6054.85460000,2026-07-02 20:59:59.999,10298314.98844700,54573,3134.72490000,5331343.58127400,0
2026-07-02 21:00:00,1705.75000000,1705.89000000,1697.36000000,1700.23000000,6841.12570000,2026-07-02 21:59:59.999,11643142.44800700,44086,2585.92160000,4398378.50777500,0
2026-07-02 22:00:00,1700.23000000,1700.98000000,1694.20000000,1696.88000000,4106.71790000,2026-07-02 22:59:59.999,6970375.25049400,46478,2168.10460000,3680081.33580600,0
2026-07-02 23:00:00,1696.88000000,1701.80000000,1692.13000000,1700.57000000,5003.46620000,2026-07-02 23:59:59.999,8491325.61765400,68695,2890.15870000,4905440.01981500,0
2026-07-03 00:00:00,1700.57000000,1702.98000000,1694.72000000,1696.75000000,6275.85700000,2026-07-03 00:59:59.999,10661074.59857300,112325,2590.29950000,4401132.53414500,0
2026-07-03 01:00:00,1696.75000000,1718.97000000,1695.34000000,1712.33000000,14375.09280000,2026-07-03 01:59:59.999,24611112.61437900,118377,8778.99400000,15026419.59930600,0
2026-07-03 02:00:00,1712.33000000,1715.33000000,1696.23000000,1704.76000000,8846.15440000,2026-07-03 02:59:59.999,15093440.18630300,126109,3794.94480000,6473892.75478300,0
2026-07-03 03:00:00,1704.75000000,1712.11000000,1699.53000000,1706.43000000,4972.00580000,2026-07-03 03:59:59.999,8486155.08632800,55748,3101.30920000,5293928.41531700,0
2026-07-03 04:00:00,1706.43000000,1708.50000000,1702.34000000,1703.08000000,5425.96640000,2026-07-03 04:59:59.999,9250925.97824700,46006,2798.04520000,4770756.88505800,0
2026-07-03 05:00:00,1703.07000000,1721.80000000,1702.28000000,1714.92000000,8051.46260000,2026-07-03 05:59:59.999,13798116.34747500,74147,4594.69190000,7872920.82013100,0
2026-07-03 06:00:00,1714.93000000,1721.53000000,1712.94000000,1716.03000000,5814.78470000,2026-07-03 06:59:59.999,9982794.53746600,68892,2947.44850000,5060283.30117200,0
2026-07-03 07:00:00,1716.03000000,1722.21000000,1713.97000000,1717.77000000,11185.80060000,2026-07-03 07:59:59.999,19224541.73087500,89675,5147.41910000,8846725.01113500,0
2026-07-03 08:00:00,1717.77000000,1735.13000000,1715.68000000,1719.89000000,16499.87120000,2026-07-03 08:59:59.999,28479552.96064500,146076,9247.88410000,15963510.70193000,0
2026-07-03 09:00:00,1719.89000000,1731.25000000,1717.03000000,1726.28000000,8910.38480000,2026-07-03 09:59:59.999,15380577.18423000,110185,4313.77010000,7445841.69740200,0
2026-07-03 10:00:00,1726.27000000,1749.00000000,1726.26000000,1742.16000000,17896.72770000,2026-07-03 10:59:59.999,31110642.34874500,195153,10557.24520000,18354478.95344900,0
2026-07-03 11:00:00,1742.17000000,1748.00000000,1737.47000000,1742.54000000,11215.55410000,2026-07-03 11:59:59.999,19544845.57250400,111046,5274.85550000,9194225.58753700,0
2026-07-03 12:00:00,1742.54000000,1745.03000000,1731.55000000,1736.44000000,8572.59060000,2026-07-03 12:59:59.999,14894323.02039400,75866,3827.93890000,6652831.56895900,0
2026-07-03 13:00:00,1736.44000000,1753.29000000,1736.09000000,1748.15000000,18552.76210000,2026-07-03 13:59:59.999,32364702.14226800,122457,11013.32360000,19212443.44245800,0
2026-07-03 14:00:00,1748.14000000,1748.15000000,1728.99000000,1737.14000000,16334.16860000,2026-07-03 14:59:59.999,28359912.22392500,166931,7836.83050000,13608803.29968200,0
2026-07-03 15:00:00,1737.15000000,1745.90000000,1729.75000000,1731.24000000,9633.88750000,2026-07-03 15:59:59.999,16732452.58621900,135311,4754.08540000,8257160.08445500,0
2026-07-03 16:00:00,1731.24000000,1735.50000000,1727.87000000,1733.63000000,4503.36550000,2026-07-03 16:59:59.999,7799930.92535000,77590,2202.83540000,3815815.98268400,0
2026-07-03 17:00:00,1733.62000000,1741.86000000,1732.33000000,1738.18000000,5441.91730000,2026-07-03 17:59:59.999,9454962.83883400,84072,2782.22450000,4834692.96700900,0
2026-07-03 18:00:00,1738.19000000,1741.13000000,1736.19000000,1738.77000000,4412.39280000,2026-07-03 18:59:59.999,7669784.20600700,62035,2310.75030000,4016494.88661000,0
2026-07-03 19:00:00,1738.78000000,1753.00000000,1737.34000000,1745.38000000,12018.82340000,2026-07-03 19:59:59.999,20986516.22155800,108781,6819.58890000,11909615.93755000,0
2026-07-03 20:00:00,1745.39000000,1774.00000000,1743.61000000,1766.15000000,23241.50260000,2026-07-03 20:59:59.999,40931199.30245900,200858,13644.83270000,24029304.93528600,0
2026-07-03 21:00:00,1766.15000000,1775.78000000,1756.75000000,1763.46000000,12003.77220000,2026-07-03 21:59:59.999,21175686.54534800,151449,6489.38680000,11450161.42620600,0
2026-07-03 22:00:00,1763.46000000,1764.06000000,1756.00000000,1757.52000000,6188.96570000,2026-07-03 22:59:59.999,10886067.22007400,62999,2563.67870000,4509594.78219500,0
2026-07-03 23:00:00,1757.53000000,1762.03000000,1755.45000000,1758.21000000,4043.05760000,2026-07-03 23:59:59.999,7111936.06826100,56379,2436.75260000,4286608.96130300,0
2026-07-04 00:00:00,1758.22000000,1764.00000000,1756.50000000,1758.70000000,3683.71690000,2026-07-04 00:59:59.999,6483362.89874800,46164,2037.29960000,3585949.75548800,0
2026-07-04 01:00:00,1758.70000000,1758.70000000,1746.00000000,1747.93000000,7014.52870000,2026-07-04 01:59:59.999,12275257.72956700,95382,2766.10900000,4839742.87398200,0
2026-07-04 02:00:00,1747.93000000,1751.04000000,1744.09000000,1749.31000000,3003.36720000,2026-07-04 02:59:59.999,5249026.89724800,68689,1427.57810000,2495306.62347800,0
2026-07-04 03:00:00,1749.31000000,1756.74000000,1747.26000000,1753.92000000,4996.56540000,2026-07-04 03:59:59.999,8751768.29226000,61044,2975.85880000,5213489.75511000,0
2026-07-04 04:00:00,1753.91000000,1764.61000000,1752.00000000,1761.67000000,5721.94840000,2026-07-04 04:59:59.999,10056563.15807800,49770,3066.33830000,5390083.25097800,0
2026-07-04 05:00:00,1761.68000000,1761.68000000,1753.27000000,1755.99000000,5276.36240000,2026-07-04 05:59:59.999,9268550.61318400,38595,3199.35740000,5619549.13910500,0
2026-07-04 06:00:00,1755.98000000,1761.27000000,1751.72000000,1754.77000000,10308.15910000,2026-07-04 06:59:59.999,18091229.79198000,85638,4975.61810000,8731870.41069800,0
2026-07-04 07:00:00,1754.78000000,1759.67000000,1752.86000000,1758.19000000,6166.44060000,2026-07-04 07:59:59.999,10825378.49391400,83892,3339.21620000,5860662.31022500,0
2026-07-04 08:00:00,1758.18000000,1765.55000000,1757.39000000,1762.31000000,4156.42020000,2026-07-04 08:59:59.999,7319454.14074400,88471,2147.40710000,3781635.96888400,0
2026-07-04 09:00:00,1762.30000000,1763.05000000,1755.00000000,1758.13000000,4166.56610000,2026-07-04 09:59:59.999,7328077.69026400,91729,1789.99370000,3148229.90378400,0
2026-07-04 10:00:00,1758.12000000,1760.88000000,1757.12000000,1759.14000000,5248.40580000,2026-07-04 10:59:59.999,9234142.13075400,74577,2498.59550000,4396043.31656700,0
2026-07-04 11:00:00,1759.14000000,1760.15000000,1756.19000000,1758.24000000,3639.54010000,2026-07-04 11:59:59.999,6397528.91739900,52466,1695.57940000,2980625.35747100,0
2026-07-04 12:00:00,1758.23000000,1766.45000000,1758.23000000,1764.22000000,5574.77210000,2026-07-04 12:59:59.999,9828586.19334700,63707,2971.11950000,5238491.46214900,0
2026-07-04 13:00:00,1764.22000000,1778.63000000,1761.62000000,1764.06000000,12097.16140000,2026-07-04 13:59:59.999,21401082.17388200,116082,6646.84940000,11758065.22967900,0
2026-07-04 14:00:00,1764.05000000,1775.00000000,1763.92000000,1772.23000000,7318.71160000,2026-07-04 14:59:59.999,12957781.46092200,84805,4754.19660000,8416915.85300900,0
2026-07-04 15:00:00,1772.23000000,1799.92000000,1772.22000000,1791.09000000,27008.32860000,2026-07-04 15:59:59.999,48341883.35679500,204544,15475.21440000,27689387.06678600,0
2026-07-04 16:00:00,1791.08000000,1792.00000000,1783.32000000,1786.81000000,9177.80410000,2026-07-04 16:59:59.999,16409171.21814200,117105,4489.50550000,8027754.63728900,0
2026-07-04 17:00:00,1786.81000000,1807.65000000,1779.00000000,1799.36000000,29134.50210000,2026-07-04 17:59:59.999,52201011.32513800,205294,13913.87100000,24958431.51695300,0
2026-07-04 18:00:00,1799.36000000,1805.84000000,1791.58000000,1793.63000000,11047.19450000,2026-07-04 18:59:59.999,19868478.91954600,131861,6098.31500000,10968993.62760900,0
2026-07-04 19:00:00,1793.62000000,1797.66000000,1788.47000000,1792.83000000,5951.67430000,2026-07-04 19:59:59.999,10675651.93842200,53260,3065.19760000,5499016.52105400,0
2026-07-04 20:00:00,1792.83000000,1795.81000000,1783.84000000,1787.15000000,5589.82400000,2026-07-04 20:59:59.999,9999683.97483400,58824,2925.20450000,5234922.82045300,0
2026-07-04 21:00:00,1787.15000000,1794.25000000,1786.24000000,1789.25000000,2648.90600000,2026-07-04 21:59:59.999,4741991.58618300,31323,1527.69440000,2735241.94447200,0
2026-07-04 22:00:00,1789.25000000,1789.45000000,1782.19000000,1784.73000000,2861.69260000,2026-07-04 22:59:59.999,5108662.66205500,28716,1427.05440000,2547288.20446700,0
2026-07-04 23:00:00,1784.73000000,1785.59000000,1772.10000000,1780.64000000,9087.55750000,2026-07-04 23:59:59.999,16160006.38628000,52167,3702.59230000,6582938.34053900,0
2026-07-05 00:00:00,1780.64000000,1780.75000000,1769.64000000,1772.71000000,6958.11220000,2026-07-05 00:59:59.999,12344684.91415100,54491,2569.78760000,4559201.43174500,0
2026-07-05 01:00:00,1772.70000000,1774.66000000,1760.72000000,1766.62000000,10008.11440000,2026-07-05 01:59:59.999,17679029.77988700,86872,4076.31520000,7200882.32232500,0
2026-07-05 02:00:00,1766.61000000,1767.79000000,1757.00000000,1760.88000000,13241.53430000,2026-07-05 02:59:59.999,23322577.50686000,107010,4206.62810000,7411358.45355900,0
2026-07-05 03:00:00,1760.87000000,1764.00000000,1757.76000000,1761.59000000,6232.63910000,2026-07-05 03:59:59.999,10976484.79366100,73876,3367.47120000,5930259.98406100,0
2026-07-05 04:00:00,1761.58000000,1772.69000000,1760.07000000,1767.54000000,13059.26610000,2026-07-05 04:59:59.999,23083211.06173600,119741,6353.87080000,11230280.12148400,0
2026-07-05 05:00:00,1767.53000000,1767.87000000,1760.50000000,1765.98000000,16392.01460000,2026-07-05 05:59:59.999,28928092.09436100,136338,8285.63090000,14622754.33560400,0
2026-07-05 06:00:00,1765.98000000,1768.00000000,1762.01000000,1764.69000000,33430.88250000,2026-07-05 06:59:59.999,59000776.00219400,162353,15640.90220000,27604381.95164400,0
2026-07-05 07:00:00,1764.69000000,1772.35000000,1761.76000000,1770.10000000,34375.05910000,2026-07-05 07:59:59.999,60692649.20421500,212218,16238.76610000,28671730.81523400,0
2026-07-05 08:00:00,1770.09000000,1773.27000000,1766.46000000,1767.71000000,37769.81380000,2026-07-05 08:59:59.999,66798350.81293500,226262,17352.55780000,30688535.74929700,0
2026-07-05 09:00:00,1767.72000000,1767.83000000,1748.79000000,1757.98000000,128409.69270000,2026-07-05 09:59:59.999,225890685.47684300,526153,61501.26770000,108187511.04267900,0
2026-07-05 10:00:00,1757.99000000,1761.96000000,1755.03000000,1761.39000000,5053.51300000,2026-07-05 10:59:59.999,8889616.54074000,40983,2521.67460000,4436319.72724800,0
2026-07-05 11:00:00,1761.39000000,1765.00000000,1758.70000000,1760.08000000,4765.44160000,2026-07-05 11:59:59.999,8394915.80914400,38885,1927.79280000,3396323.32466800,0
2026-07-05 12:00:00,1760.08000000,1769.44000000,1756.03000000,1765.12000000,4749.45240000,2026-07-05 12:59:59.999,8373185.47686300,44189,2918.57690000,5146411.89950900,0
2026-07-05 13:00:00,1765.12000000,1767.55000000,1761.51000000,1766.26000000,2946.71990000,2026-07-05 13:59:59.999,5201073.50989000,51923,1075.77990000,1898851.57819300,0
2026-07-05 14:00:00,1766.25000000,1772.77000000,1764.96000000,1772.56000000,3839.53010000,2026-07-05 14:59:59.999,6788084.80885700,58506,2093.82100000,3702006.98039500,0
2026-07-05 15:00:00,1772.56000000,1781.28000000,1770.11000000,1774.67000000,8462.28460000,2026-07-05 15:59:59.999,15024463.49904900,102312,4816.23330000,8550936.15322100,0
2026-07-05 16:00:00,1774.66000000,1777.50000000,1770.31000000,1773.00000000,4477.97690000,2026-07-05 16:59:59.999,7939259.19659900,44376,2400.32910000,4255391.54769400,0
2026-07-05 17:00:00,1773.00000000,1785.75000000,1772.99000000,1779.48000000,6807.84400000,2026-07-05 17:59:59.999,12119360.45230500,87561,2912.87440000,5185845.43129200,0
2026-07-05 18:00:00,1779.47000000,1786.23000000,1777.80000000,1781.28000000,4040.31750000,2026-07-05 18:59:59.999,7197056.52026600,49499,1871.44690000,3333803.30190600,0
2026-07-05 19:00:00,1781.28000000,1784.52000000,1777.70000000,1781.43000000,2877.40160000,2026-07-05 19:59:59.999,5125594.79695700,43731,1066.86650000,1900714.35989200,0
2026-07-05 20:00:00,1781.44000000,1783.53000000,1776.26000000,1777.10000000,1915.64050000,2026-07-05 20:59:59.999,3408013.26456500,32340,706.38600000,1256681.84645800,0
2026-07-05 21:00:00,1777.10000000,1793.25000000,1769.29000000,1786.88000000,10803.26290000,2026-07-05 21:59:59.999,19240321.95141400,94069,5334.72750000,9509260.03583200,0
2026-07-05 22:00:00,1786.91000000,1808.00000000,1784.34000000,1790.00000000,19757.58950000,2026-07-05 22:59:59.999,35487116.62684700,182281,11972.17170000,21507745.19789200,0
2026-07-05 23:00:00,1789.99000000,1802.75000000,1782.75000000,1785.65000000,9299.31580000,2026-07-05 23:59:59.999,16668514.39574000,134332,4903.27800000,8789333.53410300,0
2026-07-06 00:00:00,1785.65000000,1794.13000000,1774.35000000,1793.28000000,10212.84820000,2026-07-06 00:59:59.999,18224051.44473600,118090,5289.67480000,9443328.78437700,0
2026-07-06 01:00:00,1793.27000000,1799.02000000,1785.40000000,1786.31000000,5674.44730000,2026-07-06 01:59:59.999,10170854.17705000,101213,2879.70710000,5163303.02047600,0
2026-07-06 02:00:00,1786.31000000,1790.28000000,1779.26000000,1783.71000000,6310.47520000,2026-07-06 02:59:59.999,11256213.22453200,78892,2713.03090000,4841004.70704200,0
2026-07-06 03:00:00,1783.71000000,1784.99000000,1772.22000000,1779.71000000,6649.58810000,2026-07-06 03:59:59.999,11825949.06478700,80176,2860.91920000,5088252.41813400,0
2026-07-06 04:00:00,1779.70000000,1784.79000000,1776.34000000,1777.98000000,9109.76170000,2026-07-06 04:59:59.999,16224479.27851000,64814,5211.19650000,9282381.37609400,0
2026-07-06 05:00:00,1777.98000000,1778.18000000,1764.42000000,1774.06000000,7877.24600000,2026-07-06 05:59:59.999,13955662.24556500,82407,2968.51670000,5259339.90983200,0
2026-07-06 06:00:00,1774.06000000,1775.28000000,1769.23000000,1769.63000000,3980.86400000,2026-07-06 06:59:59.999,7054954.57960900,49762,1596.38110000,2829357.40344200,0
2026-07-06 07:00:00,1769.64000000,1775.54000000,1766.98000000,1772.32000000,5935.98490000,2026-07-06 07:59:59.999,10514533.80489600,58172,3034.33350000,5374968.26298200,0
2026-07-06 08:00:00,1772.32000000,1778.60000000,1763.08000000,1765.55000000,7580.27900000,2026-07-06 08:59:59.999,13410041.62887700,78202,3384.95530000,5987488.32829600,0
2026-07-06 09:00:00,1765.54000000,1766.30000000,1755.77000000,1758.67000000,9014.23170000,2026-07-06 09:59:59.999,15865120.60846100,59264,3690.08670000,6494382.07375100,0
2026-07-06 10:00:00,1758.67000000,1774.32000000,1758.24000000,1771.09000000,9282.12220000,2026-07-06 10:59:59.999,16401942.58122600,73503,5177.16310000,9146342.07924500,0
2026-07-06 11:00:00,1771.10000000,1775.65000000,1759.59000000,1759.64000000,7461.89800000,2026-07-06 11:59:59.999,13198585.82535000,58405,3486.19230000,6168530.66603800,0
2026-07-06 12:00:00,1759.64000000,1760.92000000,1735.27000000,1740.85000000,36298.14570000,2026-07-06 12:59:59.999,63338048.26622600,284352,16561.31780000,28881898.73786100,0
2026-07-06 13:00:00,1740.85000000,1753.54000000,1728.95000000,1744.89000000,23443.43430000,2026-07-06 13:59:59.999,40789302.34373800,228939,11613.52870000,20212602.69459800,0
2026-07-06 14:00:00,1744.89000000,1763.14000000,1742.10000000,1751.78000000,12993.13330000,2026-07-06 14:59:59.999,22765310.52492600,157655,6318.10830000,11071268.54676100,0
2026-07-06 15:00:00,1751.79000000,1788.96000000,1751.56000000,1788.57000000,29447.77450000,2026-07-06 15:59:59.999,52190948.13921000,277418,19054.57100000,33763925.84457600,0
2026-07-06 16:00:00,1788.57000000,1805.00000000,1782.42000000,1792.51000000,35024.39130000,2026-07-06 16:59:59.999,62881641.36359200,252028,20711.15420000,37192127.57594200,0
2026-07-06 17:00:00,1792.50000000,1800.40000000,1787.30000000,1788.26000000,14958.37800000,2026-07-06 17:59:59.999,26815247.54418400,146670,5746.06240000,10304192.78301800,0
2026-07-06 18:00:00,1788.27000000,1796.24000000,1786.76000000,1792.68000000,5560.25910000,2026-07-06 18:59:59.999,9963429.45119800,68183,2798.69660000,5015745.73601100,0
2026-07-06 19:00:00,1792.69000000,1798.80000000,1791.18000000,1792.76000000,5042.21420000,2026-07-06 19:59:59.999,9050400.67967100,63557,1767.92800000,3173517.70512400,0
2026-07-06 20:00:00,1792.76000000,1796.40000000,1787.26000000,1793.04000000,4815.42550000,2026-07-06 20:59:59.999,8632777.59274100,45524,1937.18730000,3472442.66169200,0
2026-07-06 21:00:00,1793.04000000,1833.40000000,1792.63000000,1814.88000000,35802.77920000,2026-07-06 21:59:59.999,65050402.93052700,205104,21853.06570000,39684374.78456400,0
2026-07-06 22:00:00,1814.88000000,1816.82000000,1804.70000000,1806.30000000,6468.80630000,2026-07-06 22:59:59.999,11711991.89044900,63062,2969.15770000,5374417.52166500,0
2026-07-06 23:00:00,1806.29000000,1810.08000000,1797.55000000,1799.56000000,6934.84270000,2026-07-06 23:59:59.999,12501568.86037800,75273,2660.98850000,4799360.23039900,0
2026-07-07 00:00:00,1799.56000000,1810.16000000,1794.86000000,1803.74000000,8258.86550000,2026-07-07 00:59:59.999,14888377.77470100,89158,4516.21390000,8144822.29483300,0
2026-07-07 01:00:00,1803.74000000,1803.74000000,1787.35000000,1792.64000000,10940.28050000,2026-07-07 01:59:59.999,19617422.06095800,110799,4759.70090000,8535547.85955000,0
2026-07-07 02:00:00,1792.65000000,1794.48000000,1777.00000000,1778.57000000,9702.15020000,2026-07-07 02:59:59.999,17308436.28986500,97285,3487.59590000,6221867.94072100,0
2026-07-07 03:00:00,1778.57000000,1781.56000000,1768.85000000,1771.56000000,8523.34800000,2026-07-07 03:59:59.999,15129862.74336100,81313,4071.72700000,7229629.94730300,0
2026-07-07 04:00:00,1771.55000000,1773.71000000,1762.66000000,1766.53000000,8330.32880000,2026-07-07 04:59:59.999,14736663.31605500,91379,3462.20340000,6124072.08753800,0
2026-07-07 05:00:00,1766.52000000,1773.71000000,1757.57000000,1770.58000000,10294.84420000,2026-07-07 05:59:59.999,18169176.66611500,85536,4689.18180000,8276414.61997600,0
2026-07-07 06:00:00,1770.57000000,1782.39000000,1764.84000000,1779.11000000,12917.95230000,2026-07-07 06:59:59.999,22900683.05323800,59325,7616.86800000,13498837.78383100,0
2026-07-07 07:00:00,1779.11000000,1782.59000000,1771.08000000,1771.24000000,5410.57190000,2026-07-07 07:59:59.999,9610940.69071000,52745,2724.63820000,4840111.94311800,0
2026-07-07 08:00:00,1771.23000000,1775.80000000,1768.37000000,1770.78000000,8034.42760000,2026-07-07 08:59:59.999,14230215.53800000,62607,4660.44380000,8255058.77248900,0
2026-07-07 09:00:00,1770.77000000,1783.04000000,1768.81000000,1778.16000000,8425.75550000,2026-07-07 09:59:59.999,14957912.91697200,64019,5083.69150000,9023677.41699000,0
2026-07-07 10:00:00,1778.16000000,1784.66000000,1774.35000000,1775.80000000,6740.84040000,2026-07-07 10:59:59.999,11988630.46137900,61337,3073.91580000,5468863.36613500,0
2026-07-07 11:00:00,1775.80000000,1785.00000000,1772.00000000,1780.77000000,4518.84450000,2026-07-07 11:59:59.999,8033534.32966400,45977,2434.97450000,4330322.04541400,0
2026-07-07 12:00:00,1780.77000000,1794.57000000,1780.27000000,1781.97000000,10488.46580000,2026-07-07 12:59:59.999,18756370.49165000,83969,6057.12240000,10832774.67164900,0
2026-07-07 13:00:00,1781.97000000,1783.28000000,1766.06000000,1769.01000000,16012.74400000,2026-07-07 13:59:59.999,28403047.16995600,253991,8066.51110000,14310373.55436000,0
2026-07-07 14:00:00,1769.02000000,1792.93000000,1761.19000000,1789.46000000,21986.80130000,2026-07-07 14:59:59.999,38991652.40760800,263099,11109.35450000,19703207.80808600,0
2026-07-07 15:00:00,1789.45000000,1803.03000000,1783.00000000,1797.45000000,16643.77330000,2026-07-07 15:59:59.999,29858685.04168800,184239,9632.25000000,17282499.40696500,0
2026-07-07 16:00:00,1797.45000000,1813.16000000,1792.44000000,1802.23000000,14026.21670000,2026-07-07 16:59:59.999,25268847.89529500,191000,7205.86860000,12989818.76180000,0
2026-07-07 17:00:00,1802.23000000,1810.39000000,1798.54000000,1810.39000000,8332.28600000,2026-07-07 17:59:59.999,15040640.82966800,126463,4212.71460000,7605570.07345100,0
2026-07-07 18:00:00,1810.39000000,1810.39000000,1785.88000000,1786.60000000,10232.44000000,2026-07-07 18:59:59.999,18403019.22269800,93827,3907.61650000,7030303.42928900,0
2026-07-07 19:00:00,1786.60000000,1792.39000000,1773.50000000,1790.45000000,14007.65200000,2026-07-07 19:59:59.999,24985034.82399600,145030,6205.14080000,11072415.48088800,0
2026-07-07 20:00:00,1790.46000000,1793.12000000,1781.39000000,1784.12000000,5049.35630000,2026-07-07 20:59:59.999,9018794.91620600,42910,2219.05520000,3961303.36849000,0
2026-07-07 21:00:00,1784.12000000,1789.40000000,1771.05000000,1773.84000000,11249.41790000,2026-07-07 21:59:59.999,19999452.48186200,103122,3392.51110000,6030465.19666400,0
2026-07-07 22:00:00,1773.83000000,1778.57000000,1765.35000000,1775.55000000,7075.21010000,2026-07-07 22:59:59.999,12544471.68399300,77767,3103.43580000,5503599.17544700,0
2026-07-07 23:00:00,1775.55000000,1780.94000000,1768.00000000,1771.45000000,4334.15250000,2026-07-07 23:59:59.999,7693905.40596000,53375,1525.78320000,2708826.81320100,0
2026-07-08 00:00:00,1771.45000000,1785.00000000,1770.02000000,1780.29000000,7805.24650000,2026-07-08 00:59:59.999,13884679.81852800,72936,4481.99510000,7973731.69480100,0
2026-07-08 01:00:00,1780.29000000,1780.75000000,1750.00000000,1755.94000000,15773.17090000,2026-07-08 01:59:59.999,27790537.92117800,148921,6277.55320000,11063726.70718600,0
2026-07-08 02:00:00,1755.93000000,1759.67000000,1741.21000000,1757.62000000,14172.65620000,2026-07-08 02:59:59.999,24826396.97218700,161048,6164.86680000,10802043.42315500,0
2026-07-08 03:00:00,1757.63000000,1763.87000000,1749.21000000,1751.78000000,7909.33940000,2026-07-08 03:59:59.999,13903125.88589800,67588,3613.99270000,6356354.16774600,0
2026-07-08 04:00:00,1751.74000000,1758.00000000,1749.49000000,1756.50000000,5605.20150000,2026-07-08 04:59:59.999,9832128.79818900,84038,2564.79100000,4499144.36292000,0
2026-07-08 05:00:00,1756.50000000,1759.69000000,1750.65000000,1754.14000000,5002.95630000,2026-07-08 05:59:59.999,8778276.46166000,52026,2254.55220000,3956912.78587100,0
2026-07-08 06:00:00,1754.15000000,1755.00000000,1746.34000000,1751.81000000,7293.50310000,2026-07-08 06:59:59.999,12770574.38877400,66092,4153.24670000,7272535.89734200,0
2026-07-08 07:00:00,1751.81000000,1757.40000000,1745.01000000,1756.70000000,7480.53380000,2026-07-08 07:59:59.999,13109781.66367500,84561,4492.92450000,7875788.74958700,0
2026-07-08 08:00:00,1756.70000000,1758.70000000,1725.18000000,1735.32000000,32556.40330000,2026-07-08 08:59:59.999,56523604.75981300,306847,13576.75990000,23568510.30579200,0
2026-07-08 09:00:00,1735.32000000,1740.77000000,1729.70000000,1736.05000000,10459.08110000,2026-07-08 09:59:59.999,18154385.67178000,86011,5030.02110000,8730362.67970500,0
2026-07-08 10:00:00,1736.06000000,1742.30000000,1732.60000000,1739.34000000,5418.13470000,2026-07-08 10:59:59.999,9416541.58195800,71303,3031.52220000,5269404.35888900,0
2026-07-08 11:00:00,1739.34000000,1750.96000000,1736.02000000,1747.95000000,8362.75530000,2026-07-08 11:59:59.999,14581295.76429100,64718,4440.36020000,7739864.45112200,0
2026-07-08 12:00:00,1747.95000000,1751.25000000,1738.20000000,1738.58000000,8062.18410000,2026-07-08 12:59:59.999,14074763.04007500,88744,4129.90200000,7212498.88884500,0
2026-07-08 13:00:00,1738.58000000,1744.25000000,1731.22000000,1737.72000000,12548.57490000,2026-07-08 13:59:59.999,21811897.98552300,131065,6012.50190000,10452698.77306200,0
2026-07-08 14:00:00,1737.71000000,1740.95000000,1722.13000000,1729.62000000,14284.78210000,2026-07-08 14:59:59.999,24739226.24538100,237683,6707.66370000,11618386.23305900,0
2026-07-08 15:00:00,1729.62000000,1730.53000000,1713.44000000,1722.96000000,17338.05600000,2026-07-08 15:59:59.999,29833366.19509800,185834,7966.31250000,13710262.21238400,0
2026-07-08 16:00:00,1722.96000000,1738.18000000,1722.78000000,1736.38000000,9231.42900000,2026-07-08 16:59:59.999,15975109.86893600,103178,5142.75230000,8899199.65645800,0
2026-07-08 17:00:00,1736.39000000,1746.52000000,1730.96000000,1733.15000000,10650.85260000,2026-07-08 17:59:59.999,18507631.95377100,77830,5321.82270000,9249275.82796300,0
2026-07-08 18:00:00,1733.16000000,1741.20000000,1730.03000000,1737.46000000,6602.49850000,2026-07-08 18:59:59.999,11465363.46327200,111524,3379.82920000,5868920.51473700,0
2026-07-08 19:00:00,1737.46000000,1741.52000000,1733.61000000,1740.98000000,4899.93300000,2026-07-08 19:59:59.999,8515058.96597400,63701,2193.95360000,3812764.79329100,0
2026-07-08 20:00:00,1740.99000000,1741.31000000,1734.62000000,1736.42000000,4235.44220000,2026-07-08 20:59:59.999,7359631.72386900,60173,1677.30190000,2914370.14491500,0
2026-07-08 21:00:00,1736.42000000,1740.00000000,1731.41000000,1738.06000000,2971.62020000,2026-07-08 21:59:59.999,5157455.90430200,41275,1372.07530000,2381521.10158500,0
2026-07-08 22:00:00,1738.07000000,1743.43000000,1736.83000000,1741.40000000,2733.66350000,2026-07-08 22:59:59.999,4755960.38694200,35442,1388.65350000,2416302.19462100,0
2026-07-08 23:00:00,1741.39000000,1744.81000000,1738.82000000,1743.54000000,3833.20720000,2026-07-08 23:59:59.999,6676945.58026800,57288,2065.22380000,3597480.91230600,0
2026-07-09 00:00:00,1743.55000000,1744.68000000,1736.98000000,1738.22000000,4559.45410000,2026-07-09 00:59:59.999,7939167.38145700,70220,1921.64660000,3346298.20164400,0
2026-07-09 01:00:00,1738.22000000,1756.79000000,1730.29000000,1731.79000000,12551.33050000,2026-07-09 01:59:59.999,21888095.43298900,128725,5506.07390000,9609187.04875000,0
2026-07-09 02:00:00,1731.80000000,1739.47000000,1723.60000000,1727.30000000,6230.84600000,2026-07-09 02:59:59.999,10788031.64292700,103577,2920.52090000,5057197.56991400,0
2026-07-09 03:00:00,1727.30000000,1734.61000000,1721.93000000,1730.70000000,4448.97580000,2026-07-09 03:59:59.999,7688378.39418300,68431,2196.43040000,3796130.96818300,0
2026-07-09 04:00:00,1730.70000000,1743.94000000,1730.35000000,1742.51000000,5752.12930000,2026-07-09 04:59:59.999,9995181.97661000,69695,2938.88780000,5107941.99012500,0
2026-07-09 05:00:00,1742.51000000,1749.48000000,1737.46000000,1749.39000000,7363.79480000,2026-07-09 05:59:59.999,12842872.19543900,64291,4088.28670000,7132262.20293500,0
2026-07-09 06:00:00,1749.38000000,1755.69000000,1745.91000000,1755.26000000,10243.23600000,2026-07-09 06:59:59.999,17945459.84999900,86532,6552.87210000,11480982.73895200,0
2026-07-09 07:00:00,1755.27000000,1762.36000000,1749.83000000,1753.31000000,14267.98580000,2026-07-09 07:59:59.999,25025104.54335700,93141,7825.66990000,13727882.60107400,0
2026-07-09 08:00:00,1753.30000000,1758.68000000,1750.92000000,1754.45000000,4961.89450000,2026-07-09 08:59:59.999,8710172.41545500,64108,2542.95020000,4464061.68002400,0
2026-07-09 09:00:00,1754.45000000,1756.52000000,1749.47000000,1755.78000000,5100.44660000,2026-07-09 09:59:59.999,8941033.91240100,48618,2884.01370000,5055856.54688200,0
2026-07-09 10:00:00,1755.77000000,1757.34000000,1744.10000000,1746.31000000,4382.03950000,2026-07-09 10:59:59.999,7671976.34914500,44845,1754.02090000,3071950.19916700,0
2026-07-09 11:00:00,1746.31000000,1748.49000000,1741.26000000,1744.02000000,5775.61430000,2026-07-09 11:59:59.999,10074045.07403600,64940,2098.40230000,3660299.66949100,0
2026-07-09 12:00:00,1744.02000000,1747.20000000,1734.70000000,1741.80000000,19303.94490000,2026-07-09 12:59:59.999,33616375.84664400,130497,8489.77270000,14783283.84914800,0
2026-07-09 13:00:00,1741.80000000,1752.00000000,1735.94000000,1746.99000000,12891.66530000,2026-07-09 13:59:59.999,22478097.76427900,192425,7180.85000000,12519435.94612300,0
2026-07-09 14:00:00,1746.99000000,1749.83000000,1733.36000000,1743.14000000,12621.63150000,2026-07-09 14:59:59.999,21941535.09519900,148772,5272.94200000,9171597.14878200,0
2026-07-09 15:00:00,1743.14000000,1749.37000000,1737.52000000,1739.51000000,5941.47180000,2026-07-09 15:59:59.999,10359022.04296900,67436,3318.40060000,5787072.44823000,0
2026-07-09 16:00:00,1739.51000000,1743.84000000,1731.99000000,1739.25000000,5567.83780000,2026-07-09 16:59:59.999,9676349.59706000,57159,2847.93470000,4950097.94663900,0
2026-07-09 17:00:00,1739.25000000,1752.50000000,1738.46000000,1748.52000000,5902.76650000,2026-07-09 17:59:59.999,10304393.63134000,64132,3562.30840000,6219750.50949200,0
2026-07-09 18:00:00,1748.53000000,1759.82000000,1747.47000000,1751.55000000,8365.68340000,2026-07-09 18:59:59.999,14673647.77634200,70947,5145.97540000,9027256.71539200,0
2026-07-09 19:00:00,1751.56000000,1752.95000000,1747.12000000,1748.51000000,4098.76710000,2026-07-09 19:59:59.999,7171221.72887700,49744,1688.84520000,2954624.65068300,0
2026-07-09 20:00:00,1748.51000000,1750.36000000,1745.27000000,1748.76000000,3290.15120000,2026-07-09 20:59:59.999,5750683.64314700,48343,1798.14110000,3143122.83667700,0
2026-07-09 21:00:00,1748.77000000,1750.97000000,1745.01000000,1748.17000000,3391.97130000,2026-07-09 21:59:59.999,5927976.54395100,32174,1714.81390000,2996854.39117400,0
2026-07-09 22:00:00,1748.17000000,1751.08000000,1746.33000000,1747.52000000,2982.54220000,2026-07-09 22:59:59.999,5216384.90077100,33487,1577.95650000,2759632.16900200,0
2026-07-09 23:00:00,1747.53000000,1749.07000000,1741.56000000,1745.16000000,3709.07700000,2026-07-09 23:59:59.999,6474589.90662800,49824,1407.41150000,2456535.31150900,0
2026-07-10 00:00:00,1745.17000000,1746.42000000,1737.68000000,1743.09000000,4484.71280000,2026-07-10 00:59:59.999,7812178.57585600,76155,1980.90960000,3450967.24507200,0
2026-07-10 01:00:00,1743.09000000,1777.47000000,1738.25000000,1767.62000000,21949.68400000,2026-07-10 01:59:59.999,38737633.79938100,148467,11626.29000000,20498350.00103400,0
2026-07-10 02:00:00,1767.62000000,1775.00000000,1764.56000000,1772.86000000,9964.53340000,2026-07-10 02:59:59.999,17630983.09806400,101345,5772.82280000,10214282.98666300,0
2026-07-10 03:00:00,1772.87000000,1779.68000000,1769.22000000,1776.12000000,8951.60110000,2026-07-10 03:59:59.999,15879032.67252300,75245,4760.82230000,8446843.22973100,0
2026-07-10 04:00:00,1776.13000000,1780.33000000,1771.94000000,1774.75000000,6935.68250000,2026-07-10 04:59:59.999,12323195.13843500,67872,3659.48860000,6502417.87142100,0
2026-07-10 05:00:00,1774.74000000,1780.00000000,1772.54000000,1779.04000000,5928.99420000,2026-07-10 05:59:59.999,10531498.09375200,58490,3149.62360000,5594837.86053900,0
2026-07-10 06:00:00,1779.04000000,1779.88000000,1769.23000000,1771.17000000,6368.24820000,2026-07-10 06:59:59.999,11296988.20041800,44834,2978.04940000,5283753.20796900,0
2026-07-10 07:00:00,1771.17000000,1777.45000000,1768.57000000,1773.20000000,4620.37440000,2026-07-10 07:59:59.999,8191006.35528700,40277,1776.74710000,3149948.65230500,0
2026-07-10 08:00:00,1773.20000000,1789.59000000,1772.63000000,1783.99000000,10180.55420000,2026-07-10 08:59:59.999,18158286.15304600,91562,5821.34030000,10380625.10374600,0
2026-07-10 09:00:00,1783.99000000,1794.94000000,1781.27000000,1792.56000000,10631.99100000,2026-07-10 09:59:59.999,19025235.10162400,86807,5577.14410000,9980739.71171000,0
2026-07-10 10:00:00,1792.55000000,1802.99000000,1789.45000000,1797.01000000,13415.15110000,2026-07-10 10:59:59.999,24112579.55501700,92258,8459.03470000,15206930.25868500,0
2026-07-10 11:00:00,1797.01000000,1802.41000000,1794.25000000,1801.22000000,12000.03230000,2026-07-10 11:59:59.999,21582096.90544100,87553,6080.40470000,10936502.48447700,0
2026-07-10 12:00:00,1801.22000000,1807.18000000,1792.98000000,1793.95000000,14822.58250000,2026-07-10 12:59:59.999,26682257.71711500,87356,7593.27500000,13666491.62488700,0
2026-07-10 13:00:00,1793.95000000,1812.00000000,1793.65000000,1803.82000000,14696.71910000,2026-07-10 13:59:59.999,26473869.35868100,118220,8422.42290000,15170359.68795700,0
2026-07-10 14:00:00,1803.82000000,1804.49000000,1775.00000000,1785.06000000,18781.42580000,2026-07-10 14:59:59.999,33573060.08079500,183369,8827.13140000,15775023.25076300,0
2026-07-10 15:00:00,1785.06000000,1796.88000000,1784.03000000,1791.11000000,8899.21600000,2026-07-10 15:59:59.999,15929658.07883100,87907,4783.35010000,8563362.19204500,0
2026-07-10 16:00:00,1791.11000000,1799.53000000,1785.86000000,1797.49000000,7780.21870000,2026-07-10 16:59:59.999,13938475.93515100,72890,3671.27180000,6578213.76204300,0
2026-07-10 17:00:00,1797.48000000,1799.00000000,1788.02000000,1788.03000000,6049.03190000,2026-07-10 17:59:59.999,10846890.54081000,50465,1907.30050000,3419928.60552200,0
2026-07-10 18:00:00,1788.03000000,1794.00000000,1781.20000000,1784.94000000,6073.97160000,2026-07-10 18:59:59.999,10860766.73018400,54249,2607.91740000,4663240.56601600,0
2026-07-10 19:00:00,1784.94000000,1797.31000000,1784.10000000,1792.68000000,6542.42640000,2026-07-10 19:59:59.999,11722163.20675200,67675,3759.41250000,6733595.23434100,0
2026-07-10 20:00:00,1792.68000000,1794.46000000,1789.65000000,1790.14000000,5201.04390000,2026-07-10 20:59:59.999,9320920.26604000,51505,2595.13670000,4650989.73157600,0
2026-07-10 21:00:00,1790.13000000,1796.99000000,1789.60000000,1794.37000000,5005.50300000,2026-07-10 21:59:59.999,8977058.01613400,62168,2366.89550000,4244797.82670300,0
2026-07-10 22:00:00,1794.37000000,1796.62000000,1792.95000000,1795.20000000,3421.88740000,2026-07-10 22:59:59.999,6141378.81904900,53490,1649.22170000,2959707.55509900,0
2026-07-10 23:00:00,1795.20000000,1798.00000000,1792.57000000,1796.85000000,2900.21900000,2026-07-10 23:59:59.999,5208422.47231100,25212,1714.89000000,3079525.80881500,0
2026-07-11 00:00:00,1796.85000000,1797.20000000,1790.10000000,1793.36000000,3618.95270000,2026-07-11 00:59:59.999,6490560.34879700,31239,1722.81890000,3089470.56058300,0
2026-07-11 01:00:00,1793.35000000,1799.29000000,1788.25000000,1789.09000000,5003.16040000,2026-07-11 01:59:59.999,8967895.52823900,37247,2395.15240000,4293635.25733300,0
2026-07-11 02:00:00,1789.09000000,1796.14000000,1786.77000000,1795.59000000,4151.10430000,2026-07-11 02:59:59.999,7440817.07945300,42389,2352.25590000,4217870.98062500,0
2026-07-11 03:00:00,1795.59000000,1798.24000000,1792.03000000,1796.50000000,3677.84420000,2026-07-11 03:59:59.999,6605149.92900800,38149,1837.78210000,3300941.71707200,0
2026-07-11 04:00:00,1796.50000000,1800.18000000,1795.75000000,1796.53000000,3954.42070000,2026-07-11 04:59:59.999,7110415.66912200,34903,2790.76120000,5018820.89841800,0
2026-07-11 05:00:00,1796.52000000,1802.27000000,1795.07000000,1799.45000000,4300.63000000,2026-07-11 05:59:59.999,7736431.38144700,37593,2432.00470000,4374300.22367300,0
2026-07-11 06:00:00,1799.44000000,1803.29000000,1794.60000000,1799.32000000,8839.66650000,2026-07-11 06:59:59.999,15910858.54951100,42131,4605.21210000,8289200.94669000,0
2026-07-11 07:00:00,1799.31000000,1802.00000000,1797.93000000,1800.00000000,5908.39440000,2026-07-11 07:59:59.999,10635516.79495700,29477,2068.26490000,3722963.57149700,0
2026-07-11 08:00:00,1799.99000000,1803.52000000,1799.58000000,1801.47000000,2510.29730000,2026-07-11 08:59:59.999,4521920.60221100,24122,1028.14050000,1851976.65727100,0
2026-07-11 09:00:00,1801.47000000,1802.59000000,1795.15000000,1795.50000000,3701.75490000,2026-07-11 09:59:59.999,6658870.74459400,37723,1476.94680000,2656596.81935800,0
2026-07-11 10:00:00,1795.51000000,1799.28000000,1795.23000000,1798.30000000,2958.87590000,2026-07-11 10:59:59.999,5318223.96399400,27926,958.21670000,1722235.69491100,0
2026-07-11 11:00:00,1798.30000000,1801.02000000,1797.20000000,1800.48000000,3992.72280000,2026-07-11 11:59:59.999,7184214.28798200,31341,2282.69590000,4107857.73041200,0
2026-07-11 12:00:00,1800.47000000,1801.66000000,1798.42000000,1800.10000000,2803.01210000,2026-07-11 12:59:59.999,5045411.10696700,25058,1214.51170000,2186120.91615300,0
2026-07-11 13:00:00,1800.10000000,1808.37000000,1799.15000000,1802.61000000,4888.93760000,2026-07-11 13:59:59.999,8814242.22631100,27870,2104.66900000,3795184.29331800,0
2026-07-11 14:00:00,1802.61000000,1817.62000000,1802.48000000,1810.73000000,13659.34700000,2026-07-11 14:59:59.999,24739420.32345300,86089,7010.43350000,12695853.87022000,0
2026-07-11 15:00:00,1810.73000000,1828.00000000,1808.73000000,1814.83000000,27611.25840000,2026-07-11 15:59:59.999,50227755.90072200,158244,12899.49540000,23467568.07926700,0
2026-07-11 16:00:00,1814.82000000,1824.43000000,1810.62000000,1823.34000000,17930.40940000,2026-07-11 16:59:59.999,32610794.22359600,84658,7757.66710000,14108395.44193600,0
2026-07-11 17:00:00,1823.34000000,1830.00000000,1818.42000000,1824.73000000,7153.28140000,2026-07-11 17:59:59.999,13054379.82329200,53101,3358.40450000,6130334.36725700,0
2026-07-11 18:00:00,1824.72000000,1830.00000000,1823.70000000,1826.39000000,6844.04620000,2026-07-11 18:59:59.999,12501778.72190800,38931,3299.14340000,6028072.90966200,0
2026-07-11 19:00:00,1826.39000000,1827.21000000,1818.96000000,1824.38000000,12178.85370000,2026-07-11 19:59:59.999,22200136.41901400,52068,6199.98320000,11299365.74542300,0
2026-07-11 20:00:00,1824.38000000,1828.57000000,1823.21000000,1825.97000000,3595.75540000,2026-07-11 20:59:59.999,6565951.62941500,30685,1371.46970000,2504984.77059800,0
2026-07-11 21:00:00,1825.97000000,1829.17000000,1822.65000000,1823.97000000,3406.48650000,2026-07-11 21:59:59.999,6220730.44640400,35275,1749.94320000,3196250.35886800,0
2026-07-11 22:00:00,1823.96000000,1824.21000000,1809.26000000,1813.73000000,7981.44880000,2026-07-11 22:59:59.999,14492577.48476200,59355,3249.18390000,5900543.22849200,0
2026-07-11 23:00:00,1813.73000000,1815.86000000,1786.58000000,1787.76000000,18032.75770000,2026-07-11 23:59:59.999,32404356.15999800,131056,6682.84090000,12003927.15346600,0
2026-07-12 00:00:00,1787.76000000,1791.18000000,1779.46000000,1788.98000000,11937.49120000,2026-07-12 00:59:59.999,21321871.80339100,123446,4634.35310000,8279142.11481100,0
2026-07-12 01:00:00,1788.98000000,1808.30000000,1788.16000000,1806.70000000,8466.36800000,2026-07-12 01:59:59.999,15242450.47636100,82821,4910.63570000,8838089.22933300,0
2026-07-12 02:00:00,1806.70000000,1807.60000000,1802.97000000,1805.12000000,3503.15990000,2026-07-12 02:59:59.999,6324076.78297400,36965,1441.63460000,2602732.41083200,0
2026-07-12 03:00:00,1805.11000000,1813.67000000,1802.66000000,1811.53000000,6583.91370000,2026-07-12 03:59:59.999,11910725.17614000,36638,3481.13230000,6297225.84039600,0
2026-07-12 04:00:00,1811.53000000,1812.63000000,1804.15000000,1805.92000000,3232.07530000,2026-07-12 04:59:59.999,5844879.52003500,25558,1227.76990000,2220596.44385800,0
2026-07-12 05:00:00,1805.92000000,1807.15000000,1801.30000000,1803.25000000,2322.34980000,2026-07-12 05:59:59.999,4188928.16550100,20853,1004.26220000,1811330.99788500,0
2026-07-12 06:00:00,1803.25000000,1803.25000000,1789.44000000,1795.13000000,6351.42600000,2026-07-12 06:59:59.999,11398573.72038200,54621,2032.88220000,3647526.70011300,0
2026-07-12 07:00:00,1795.14000000,1799.10000000,1794.20000000,1798.78000000,2575.73080000,2026-07-12 07:59:59.999,4629550.15618500,22919,1245.21910000,2238071.80431400,0
2026-07-12 08:00:00,1798.78000000,1808.94000000,1798.73000000,1805.22000000,3448.41740000,2026-07-12 08:59:59.999,6224022.57244600,52823,1905.51300000,3439108.01108500,0
2026-07-12 09:00:00,1805.22000000,1805.99000000,1796.69000000,1802.39000000,3895.08670000,2026-07-12 09:59:59.999,7015336.14506800,50328,1713.22290000,3086034.43693900,0
2026-07-12 10:00:00,1802.40000000,1802.58000000,1798.99000000,1799.40000000,2402.48270000,2026-07-12 10:59:59.999,4325429.09619700,30359,1153.26950000,2076232.47105400,0
2026-07-12 11:00:00,1799.41000000,1806.84000000,1796.48000000,1803.77000000,3917.39230000,2026-07-12 11:59:59.999,7058860.74505600,28216,1864.15500000,3359701.99127000,0
2026-07-12 12:00:00,1803.77000000,1809.42000000,1803.00000000,1807.01000000,2524.43390000,2026-07-12 12:59:59.999,4559467.27542200,34766,1225.86330000,2214299.52396100,0
2026-07-12 13:00:00,1807.02000000,1809.78000000,1805.33000000,1805.95000000,2484.67620000,2026-07-12 13:59:59.999,4490817.06223800,43583,1377.47480000,2489790.54228200,0
2026-07-12 14:00:00,1805.95000000,1822.00000000,1804.20000000,1819.51000000,11538.34280000,2026-07-12 14:59:59.999,20938226.95187000,69592,7275.46760000,13207029.87664900,0
2026-07-12 15:00:00,1819.50000000,1826.92000000,1816.54000000,1820.93000000,16127.37800000,2026-07-12 15:59:59.999,29395947.37281700,84096,8974.11240000,16355570.58477000,0
2026-07-12 16:00:00,1820.94000000,1824.39000000,1817.60000000,1822.00000000,12343.51950000,2026-07-12 16:59:59.999,22482450.72540200,53267,5330.08800000,9707313.04761800,0
2026-07-12 17:00:00,1821.99000000,1822.54000000,1814.85000000,1818.50000000,5327.09600000,2026-07-12 17:59:59.999,9691724.40617300,31789,1796.40880000,3267506.74647600,0
2026-07-12 18:00:00,1818.51000000,1822.38000000,1815.12000000,1821.42000000,5070.45220000,2026-07-12 18:59:59.999,9222117.81774100,29076,2325.52060000,4229253.55677600,0
2026-07-12 19:00:00,1821.42000000,1823.00000000,1818.71000000,1821.40000000,4492.96290000,2026-07-12 19:59:59.999,8184126.36541000,22778,2847.06870000,5186685.63373200,0
2026-07-12 20:00:00,1821.40000000,1824.00000000,1818.80000000,1821.26000000,3550.74590000,2026-07-12 20:59:59.999,6467974.87601700,20469,1759.54610000,3205205.33679000,0
2026-07-12 21:00:00,1821.26000000,1823.63000000,1810.78000000,1812.28000000,4999.72810000,2026-07-12 21:59:59.999,9077092.71397500,43671,2012.93090000,3653599.90771400,0
2026-07-12 22:00:00,1812.27000000,1812.27000000,1797.63000000,1805.06000000,10013.14090000,2026-07-12 22:59:59.999,18047563.25831000,118882,4124.06850000,7434273.78752500,0
2026-07-12 23:00:00,1805.05000000,1808.94000000,1801.00000000,1806.80000000,3964.61330000,2026-07-12 23:59:59.999,7156633.80806600,45649,1879.53330000,3393457.84567700,0
2026-07-13 00:00:00,1806.80000000,1846.00000000,1804.41000000,1826.59000000,45581.49350000,2026-07-13 00:59:59.999,83360432.73704800,317850,23538.75490000,43042073.95448200,0
2026-07-13 01:00:00,1826.60000000,1829.99000000,1805.32000000,1806.83000000,13467.77050000,2026-07-13 01:59:59.999,24479744.02854700,168743,6586.12000000,11975892.24215400,0
2026-07-13 02:00:00,1806.84000000,1814.82000000,1798.99000000,1806.99000000,12025.55380000,2026-07-13 02:59:59.999,21730727.39914900,132303,6237.29580000,11273703.01438000,0
2026-07-13 03:00:00,1806.99000000,1806.99000000,1775.00000000,1780.55000000,28414.50540000,2026-07-13 03:59:59.999,50770407.73028800,180905,11421.81210000,20403388.62839500,0
2026-07-13 04:00:00,1780.54000000,1785.16000000,1776.42000000,1779.03000000,7879.82090000,2026-07-13 04:59:59.999,14030200.46218000,63791,3980.62850000,7088156.24246600,0
2026-07-13 05:00:00,1779.03000000,1786.61000000,1773.99000000,1781.64000000,10049.81840000,2026-07-13 05:59:59.999,17896605.89412800,106184,4239.00560000,7551792.40738000,0
2026-07-13 06:00:00,1781.64000000,1783.42000000,1775.96000000,1777.85000000,7014.69650000,2026-07-13 06:59:59.999,12474946.25306600,49620,2895.31480000,5148442.79287300,0
2026-07-13 07:00:00,1777.85000000,1791.39000000,1776.44000000,1787.57000000,9229.38960000,2026-07-13 07:59:59.999,16472809.58511400,72215,4791.70050000,8556530.88415800,0
2026-07-13 08:00:00,1787.58000000,1793.56000000,1783.86000000,1790.17000000,7102.96880000,2026-07-13 08:59:59.999,12699756.93141100,60101,3699.36160000,6615270.71843600,0
2026-07-13 09:00:00,1790.18000000,1790.55000000,1784.92000000,1785.81000000,4441.84540000,2026-07-13 09:59:59.999,7938580.49856500,43176,1506.31010000,2692001.91900900,0
2026-07-13 10:00:00,1785.81000000,1786.89000000,1777.10000000,1779.43000000,8604.83380000,2026-07-13 10:59:59.999,15331666.53358600,61085,2775.96120000,4945942.60926900,0
2026-07-13 11:00:00,1779.43000000,1784.98000000,1779.43000000,1780.74000000,4821.35270000,2026-07-13 11:59:59.999,8593348.03187400,55161,2752.72610000,4906117.19227300,0
2026-07-13 12:00:00,1780.74000000,1783.54000000,1767.73000000,1772.33000000,13917.35520000,2026-07-13 12:59:59.999,24695669.18763200,117997,6205.24680000,11012874.28745900,0
2026-07-13 13:00:00,1772.33000000,1776.54000000,1763.46000000,1771.30000000,16550.73640000,2026-07-13 13:59:59.999,29281894.38983500,167179,6741.11570000,11927522.96284900,0
2026-07-13 14:00:00,1771.30000000,1782.00000000,1762.44000000,1781.74000000,19924.44400000,2026-07-13 14:59:59.999,35298473.38168700,242418,9744.58770000,17268205.17277400,0
2026-07-13 15:00:00,1781.74000000,1786.53000000,1775.50000000,1777.01000000,7213.66170000,2026-07-13 15:59:59.999,12840295.07051000,95240,3384.17840000,6024809.70068600,0
2026-07-13 16:00:00,1777.00000000,1780.73000000,1767.38000000,1772.05000000,8562.98680000,2026-07-13 16:59:59.999,15184373.92337500,109979,4430.61410000,7857883.83231400,0
2026-07-13 17:00:00,1772.05000000,1776.33000000,1753.25000000,1753.62000000,16382.02090000,2026-07-13 17:59:59.999,28907658.22551100,119828,7472.96800000,13187443.25797600,0
2026-07-13 18:00:00,1753.62000000,1767.39000000,1750.20000000,1764.90000000,16733.38960000,2026-07-13 18:59:59.999,29414583.87586900,137222,7440.65340000,13078448.70897400,0
2026-07-13 19:00:00,1764.90000000,1775.26000000,1764.51000000,1774.92000000,7678.57970000,2026-07-13 19:59:59.999,13586024.98247800,75591,4050.43730000,7167744.94082400,0
2026-07-13 20:00:00,1774.93000000,1776.99000000,1761.72000000,1767.33000000,5722.32990000,2026-07-13 20:59:59.999,10126772.47140300,66986,2524.51070000,4467390.66680200,0
2026-07-13 21:00:00,1767.34000000,1767.34000000,1752.59000000,1761.68000000,8959.97070000,2026-07-13 21:59:59.999,15752544.40474300,78647,4144.11950000,7283587.34558700,0
2026-07-13 22:00:00,1761.68000000,1768.45000000,1756.41000000,1758.50000000,5489.76100000,2026-07-13 22:59:59.999,9682144.20559900,54000,2757.87550000,4864169.85823900,0
2026-07-13 23:00:00,1758.51000000,1778.05000000,1756.49000000,1776.72000000,9262.33460000,2026-07-13 23:59:59.999,16385389.88670400,73081,5712.09800000,10103183.80803100,0
2026-07-14 00:00:00,1776.71000000,1788.64000000,1773.41000000,1786.02000000,8453.57700000,2026-07-14 00:59:59.999,15053201.60073700,114985,4238.29600000,7548744.60424900,0
2026-07-14 01:00:00,1786.02000000,1794.47000000,1783.27000000,1784.84000000,8797.12280000,2026-07-14 01:59:59.999,15723706.05381300,93033,5167.74280000,9236243.39407200,0
2026-07-14 02:00:00,1784.83000000,1789.02000000,1775.07000000,1782.66000000,4929.12790000,2026-07-14 02:59:59.999,8786312.89020800,85854,2270.85350000,4048145.85490500,0
2026-07-14 03:00:00,1782.67000000,1783.96000000,1774.75000000,1783.65000000,3656.01380000,2026-07-14 03:59:59.999,6507735.49807200,60803,1855.76730000,3303665.35003700,0
2026-07-14 04:00:00,1783.64000000,1789.99000000,1782.26000000,1785.93000000,5691.24120000,2026-07-14 04:59:59.999,10165549.09547800,42525,2753.58300000,4918557.20987600,0
2026-07-14 05:00:00,1785.92000000,1793.26000000,1784.53000000,1787.04000000,6015.86970000,2026-07-14 05:59:59.999,10763930.29958000,65468,3452.14570000,6177406.95400300,0
2026-07-14 06:00:00,1787.03000000,1787.40000000,1781.92000000,1783.19000000,4426.52350000,2026-07-14 06:59:59.999,7901785.52390200,45767,1772.17040000,3163629.89260600,0
2026-07-14 07:00:00,1783.19000000,1786.55000000,1779.41000000,1781.21000000,6999.26400000,2026-07-14 07:59:59.999,12476872.70278700,74283,4491.85270000,8007901.97931000,0
2026-07-14 08:00:00,1781.21000000,1789.61000000,1779.00000000,1785.93000000,6336.90610000,2026-07-14 08:59:59.999,11305315.70319100,66561,2715.72810000,4847218.82113100,0
2026-07-14 09:00:00,1785.94000000,1789.56000000,1782.90000000,1786.19000000,5397.68910000,2026-07-14 09:59:59.999,9644338.96267400,64532,2890.50230000,5163829.06989700,0
2026-07-14 10:00:00,1786.19000000,1805.00000000,1786.11000000,1800.12000000,27952.71870000,2026-07-14 10:59:59.999,50233833.19060600,128842,14818.18200000,26628737.75244700,0
2026-07-14 11:00:00,1800.13000000,1802.95000000,1795.82000000,1798.09000000,7829.77700000,2026-07-14 11:59:59.999,14080988.14364400,76267,4713.88700000,8476424.89939300,0
2026-07-14 12:00:00,1798.09000000,1867.71000000,1794.37000000,1861.04000000,78226.08120000,2026-07-14 12:59:59.999,143252219.88776100,523090,51006.78070000,93394703.38560800,0
2026-07-14 13:00:00,1861.04000000,1882.85000000,1854.41000000,1871.31000000,59074.24250000,2026-07-14 13:59:59.999,110444040.44260600,520133,30318.91110000,56691254.50952100,0
2026-07-14 14:00:00,1871.30000000,1884.56000000,1859.46000000,1881.16000000,27015.05550000,2026-07-14 14:59:59.999,50490606.14104900,275242,13493.02840000,25232316.74171000,0
2026-07-14 15:00:00,1881.17000000,1888.80000000,1872.85000000,1875.22000000,28696.38130000,2026-07-14 15:59:59.999,53957484.71855000,252634,14653.77510000,27553847.80241100,0
2026-07-14 16:00:00,1875.22000000,1877.07000000,1868.76000000,1873.79000000,12744.14140000,2026-07-14 16:59:59.999,23879548.71164700,137182,7119.65200000,13340794.31386000,0
2026-07-14 17:00:00,1873.80000000,1873.80000000,1860.56000000,1871.54000000,12580.75540000,2026-07-14 17:59:59.999,23491044.80200500,127790,6704.65120000,12517960.03144100,0
2026-07-14 18:00:00,1871.55000000,1876.83000000,1868.18000000,1874.79000000,6718.53070000,2026-07-14 18:59:59.999,12580106.84935400,81173,3005.53790000,5627718.15194800,0
2026-07-14 19:00:00,1874.79000000,1881.56000000,1874.43000000,1876.74000000,6916.49560000,2026-07-14 19:59:59.999,12985615.53252200,91060,3443.83830000,6465233.27557800,0
2026-07-14 20:00:00,1876.74000000,1878.55000000,1873.63000000,1875.42000000,3540.17650000,2026-07-14 20:59:59.999,6640618.95934800,41485,1513.69710000,2839695.39975000,0
2026-07-14 21:00:00,1875.41000000,1879.74000000,1874.40000000,1876.46000000,4325.44090000,2026-07-14 21:59:59.999,8120159.75463200,53458,1928.46650000,3620290.76876500,0
2026-07-14 22:00:00,1876.46000000,1896.14000000,1872.06000000,1882.04000000,21465.41470000,2026-07-14 22:59:59.999,40500711.43340300,162193,11734.52300000,22130605.65985800,0
2026-07-14 23:00:00,1882.04000000,1893.32000000,1878.69000000,1891.87000000,11125.22550000,2026-07-14 23:59:59.999,20987778.37196900,99547,6102.89270000,11515259.39330900,0
2026-07-15 00:00:00,1891.87000000,1893.32000000,1878.13000000,1881.58000000,9550.64080000,2026-07-15 00:59:59.999,17997493.38688300,127970,4311.25640000,8126897.11802300,0
2026-07-15 01:00:00,1881.58000000,1881.98000000,1867.23000000,1870.20000000,10644.97340000,2026-07-15 01:59:59.999,19940515.48568100,126940,4092.13540000,7666202.69516400,0
2026-07-15 02:00:00,1870.19000000,1873.04000000,1864.38000000,1864.60000000,8096.64750000,2026-07-15 02:59:59.999,15119123.34362400,80382,3018.64990000,5636650.79007200,0
2026-07-15 03:00:00,1864.60000000,1878.96000000,1864.46000000,1876.08000000,6856.56060000,2026-07-15 03:59:59.999,12832826.11825700,74498,3488.38370000,6528305.69676900,0
2026-07-15 04:00:00,1876.08000000,1880.59000000,1873.31000000,1876.49000000,5458.10450000,2026-07-15 04:59:59.999,10246464.29819400,64601,2475.80040000,4647638.55581500,0
2026-07-15 05:00:00,1876.50000000,1883.54000000,1871.64000000,1882.68000000,5911.75970000,2026-07-15 05:59:59.999,11088300.88186600,52350,2617.54230000,4910778.05192300,0
2026-07-15 06:00:00,1882.69000000,1891.89000000,1875.52000000,1875.87000000,11821.18320000,2026-07-15 06:59:59.999,22287971.34126300,98796,5085.51970000,9590007.74757800,0
2026-07-15 07:00:00,1875.87000000,1877.16000000,1864.70000000,1870.04000000,13148.28060000,2026-07-15 07:59:59.999,24589166.77547000,72946,6349.52580000,11874795.89163600,0
2026-07-15 08:00:00,1870.04000000,1879.64000000,1870.03000000,1879.22000000,7626.35540000,2026-07-15 08:59:59.999,14297677.55476800,56806,4793.58970000,8985568.12431900,0
2026-07-15 09:00:00,1879.22000000,1886.59000000,1879.18000000,1879.86000000,11037.78790000,2026-07-15 09:59:59.999,20772683.70494400,78239,5611.48610000,10561068.24065400,0
2026-07-15 10:00:00,1879.86000000,1886.55000000,1874.98000000,1878.11000000,10094.63060000,2026-07-15 10:59:59.999,18980921.29665400,86328,5609.33370000,10548450.56302600,0
2026-07-15 11:00:00,1878.12000000,1885.71000000,1877.48000000,1884.62000000,6327.11960000,2026-07-15 11:59:59.999,11904351.13674200,51696,3026.49320000,5694438.75378500,0
2026-07-15 12:00:00,1884.62000000,1929.94000000,1879.25000000,1927.16000000,40956.86540000,2026-07-15 12:59:59.999,78153201.06938200,247271,23578.71290000,44981932.19519900,0
2026-07-15 13:00:00,1927.17000000,1946.52000000,1917.16000000,1925.76000000,55492.80370000,2026-07-15 13:59:59.999,107369245.65732800,401288,30612.55170000,59251111.54088400,0
2026-07-15 14:00:00,1925.77000000,1935.51000000,1919.12000000,1933.23000000,25792.00820000,2026-07-15 14:59:59.999,49754190.84813200,288772,14238.25470000,27466339.66223900,0
2026-07-15 15:00:00,1933.24000000,1937.60000000,1925.95000000,1931.95000000,15043.13800000,2026-07-15 15:59:59.999,29066680.85876800,141444,8395.68720000,16221807.74940300,0
2026-07-15 16:00:00,1931.96000000,1932.95000000,1904.36000000,1919.62000000,21205.26580000,2026-07-15 16:59:59.999,40667834.48954500,205327,9459.24150000,18141194.14244000,0
2026-07-15 17:00:00,1919.62000000,1931.22000000,1919.44000000,1927.94000000,10664.04320000,2026-07-15 17:59:59.999,20522170.60271100,125594,5687.50790000,10946746.51973600,0
2026-07-15 18:00:00,1927.93000000,1937.00000000,1922.62000000,1924.47000000,14593.80810000,2026-07-15 18:59:59.999,28177442.98435300,109681,7975.02830000,15405376.72701100,0
2026-07-15 19:00:00,1924.47000000,1929.06000000,1918.92000000,1924.15000000,8808.65790000,2026-07-15 19:59:59.999,16956103.14653400,94212,4237.85850000,8158239.20850200,0
2026-07-15 20:00:00,1924.15000000,1930.71000000,1919.71000000,1923.75000000,4481.71480000,2026-07-15 20:59:59.999,8627045.98948300,40397,2359.51770000,4542079.58188300,0
2026-07-15 21:00:00,1923.75000000,1925.73000000,1919.80000000,1922.00000000,4689.26910000,2026-07-15 21:59:59.999,9015318.34816200,33064,1832.21610000,3521872.72325400,0
2026-07-15 22:00:00,1922.00000000,1928.58000000,1918.30000000,1923.43000000,6006.37690000,2026-07-15 22:59:59.999,11553949.31174600,55595,2690.25040000,5175718.64220700,0
2026-07-15 23:00:00,1923.43000000,1927.28000000,1914.89000000,1917.86000000,5492.97440000,2026-07-15 23:59:59.999,10548571.01223700,51960,2894.56030000,5558262.62274900,0
2026-07-16 00:00:00,1917.86000000,1924.98000000,1911.61000000,1914.86000000,8258.60480000,2026-07-16 00:59:59.999,15836865.68465600,130812,3160.90170000,6063017.28899800,0
2026-07-16 01:00:00,1914.85000000,1926.00000000,1908.12000000,1922.70000000,6776.81710000,2026-07-16 01:59:59.999,12989123.61494900,125693,3225.24210000,6183680.22572100,0
2026-07-16 02:00:00,1922.69000000,1926.23000000,1918.97000000,1925.37000000,5134.87020000,2026-07-16 02:59:59.999,9870735.80232600,104186,2313.93060000,4448141.45754200,0
2026-07-16 03:00:00,1925.36000000,1929.00000000,1917.08000000,1918.70000000,7997.90960000,2026-07-16 03:59:59.999,15392488.88000200,86763,3543.23890000,6819104.32368000,0
2026-07-16 04:00:00,1918.70000000,1920.98000000,1914.13000000,1918.31000000,5147.20640000,2026-07-16 04:59:59.999,9873110.92897900,65853,2357.95560000,4522570.17781100,0
2026-07-16 05:00:00,1918.30000000,1927.63000000,1917.12000000,1925.66000000,4973.31060000,2026-07-16 05:59:59.999,9563394.77241500,58671,2476.66700000,4763846.85713100,0
2026-07-16 06:00:00,1925.65000000,1929.48000000,1915.56000000,1922.53000000,5109.25390000,2026-07-16 06:59:59.999,9826409.59317700,50489,2512.89880000,4834958.63716100,0
2026-07-16 07:00:00,1922.54000000,1922.54000000,1905.00000000,1910.63000000,13927.64270000,2026-07-16 07:59:59.999,26616429.74068700,86769,5095.05590000,9737379.04147100,0
2026-07-16 08:00:00,1910.64000000,1912.85000000,1875.56000000,1886.09000000,48846.34530000,2026-07-16 08:59:59.999,92303569.86591200,279057,22979.67880000,43413181.11374200,0
2026-07-16 09:00:00,1886.09000000,1889.28000000,1880.41000000,1884.67000000,14158.63770000,2026-07-16 09:59:59.999,26697435.76542100,100005,6348.68510000,11973352.82498900,0
2026-07-16 10:00:00,1884.68000000,1891.78000000,1883.77000000,1888.58000000,8749.08090000,2026-07-16 10:59:59.999,16521275.18322700,69507,5525.81320000,10435588.44863000,0
2026-07-16 11:00:00,1888.58000000,1888.58000000,1879.32000000,1885.26000000,13696.67000000,2026-07-16 11:59:59.999,25818302.86740900,82988,7352.46580000,13861934.42745800,0
2026-07-16 12:00:00,1885.26000000,1885.26000000,1867.68000000,1872.55000000,15798.20910000,2026-07-16 12:59:59.999,29640877.41077800,111470,6188.62470000,11611436.06653400,0
2026-07-16 13:00:00,1872.55000000,1890.23000000,1871.05000000,1882.81000000,15724.01260000,2026-07-16 13:59:59.999,29576596.48790400,180719,6784.86010000,12759186.04996500,0
2026-07-16 14:00:00,1882.80000000,1893.00000000,1874.98000000,1883.52000000,16858.93600000,2026-07-16 14:59:59.999,31798428.25994000,219393,6547.68440000,12352779.59619000,0
2026-07-16 15:00:00,1883.52000000,1894.38000000,1871.12000000,1881.88000000,15612.39990000,2026-07-16 15:59:59.999,29399209.01285200,182948,6957.43400000,13103418.97895800,0
2026-07-16 16:00:00,1881.89000000,1883.00000000,1874.67000000,1878.90000000,10171.53530000,2026-07-16 16:59:59.999,19101233.13511400,109324,5075.02750000,9529617.38856200,0
2026-07-16 17:00:00,1878.90000000,1879.25000000,1862.57000000,1868.91000000,12328.35600000,2026-07-16 17:59:59.999,23054001.09524300,129321,4733.57470000,8852002.12242500,0
2026-07-16 18:00:00,1868.92000000,1879.69000000,1868.10000000,1875.85000000,6809.19030000,2026-07-16 18:59:59.999,12766110.61462300,77682,3908.06880000,7327672.69221700,0
2026-07-16 19:00:00,1875.85000000,1877.75000000,1871.09000000,1875.59000000,4014.49250000,2026-07-16 19:59:59.999,7525003.46685900,50728,1897.03450000,3555808.45681600,0
2026-07-16 20:00:00,1875.59000000,1875.70000000,1871.66000000,1871.89000000,3579.95270000,2026-07-16 20:59:59.999,6707432.93686500,39103,1596.95740000,2991572.68545200,0
2026-07-16 21:00:00,1871.90000000,1881.36000000,1871.77000000,1878.66000000,4851.37500000,2026-07-16 21:59:59.999,9107620.82052200,43821,2508.00370000,4708605.29627000,0
2026-07-16 22:00:00,1878.67000000,1881.59000000,1868.04000000,1868.89000000,9279.90260000,2026-07-16 22:59:59.999,17381887.42460800,73610,5521.13450000,10341119.75284300,0
2026-07-16 23:00:00,1868.89000000,1870.66000000,1857.54000000,1864.71000000,13884.37510000,2026-07-16 23:59:59.999,25863162.37659200,118116,5513.48920000,10270927.15995000,0
2026-07-17 00:00:00,1864.71000000,1866.71000000,1848.32000000,1865.77000000,14963.72260000,2026-07-17 00:59:59.999,27808351.82758200,140855,6459.02650000,12007854.15590800,0
2026-07-17 01:00:00,1865.77000000,1871.08000000,1848.07000000,1851.21000000,10000.22020000,2026-07-17 01:59:59.999,18600093.67149400,114249,4613.01300000,8581956.41584400,0
2026-07-17 02:00:00,1851.22000000,1855.61000000,1843.20000000,1848.10000000,12473.04380000,2026-07-17 02:59:59.999,23055124.82712500,169470,5432.78710000,10045590.56256700,0
2026-07-17 03:00:00,1848.09000000,1859.64000000,1847.32000000,1852.53000000,7049.83020000,2026-07-17 03:59:59.999,13076160.02271600,99676,3576.90350000,6634515.02998300,0
2026-07-17 04:00:00,1852.53000000,1853.08000000,1844.00000000,1850.07000000,6715.59580000,2026-07-17 04:59:59.999,12412871.49732100,87706,2921.59050000,5400493.70484900,0
2026-07-17 05:00:00,1850.06000000,1850.06000000,1821.36000000,1823.94000000,17781.35760000,2026-07-17 05:59:59.999,32607374.03428900,151670,7880.22550000,14455494.59409200,0
2026-07-17 06:00:00,1823.94000000,1836.55000000,1820.74000000,1832.31000000,9568.46710000,2026-07-17 06:59:59.999,17506924.87472000,96779,5687.51740000,10406921.72217600,0
2026-07-17 07:00:00,1832.31000000,1833.56000000,1826.29000000,1828.52000000,11468.30210000,2026-07-17 07:59:59.999,20984661.45515600,71219,7773.05370000,14222554.51616500,0
2026-07-17 08:00:00,1828.52000000,1832.51000000,1821.41000000,1830.15000000,13750.34150000,2026-07-17 08:59:59.999,25128987.49398100,104870,8537.73460000,15605035.74332400,0
2026-07-17 09:00:00,1830.16000000,1836.27000000,1829.29000000,1835.10000000,5043.59030000,2026-07-17 09:59:59.999,9242327.12122000,52105,2918.12700000,5347233.11512000,0
2026-07-17 10:00:00,1835.10000000,1840.40000000,1834.30000000,1836.97000000,9709.66000000,2026-07-17 10:59:59.999,17844710.51575000,66757,6880.67660000,12645427.59308500,0
2026-07-17 11:00:00,1836.98000000,1843.26000000,1833.30000000,1839.04000000,8366.90510000,2026-07-17 11:59:59.999,15383748.80294700,62293,4651.77670000,8552819.52596700,0
2026-07-17 12:00:00,1839.05000000,1840.58000000,1827.73000000,1828.54000000,9851.48750000,2026-07-17 12:59:59.999,18059888.69683600,85013,4779.20590000,8761225.26847900,0
2026-07-17 13:00:00,1828.54000000,1829.23000000,1803.05000000,1825.50000000,34181.37280000,2026-07-17 13:59:59.999,62029247.17781500,319122,14587.80220000,26482559.10489400,0
2026-07-17 14:00:00,1825.50000000,1834.00000000,1817.18000000,1822.16000000,15191.51110000,2026-07-17 14:59:59.999,27729033.78560300,182101,7456.21720000,13614051.19123500,0
2026-07-17 15:00:00,1822.16000000,1831.26000000,1810.77000000,1830.88000000,13745.95410000,2026-07-17 15:59:59.999,25024987.82263400,212172,7349.44250000,13388737.43416200,0
2026-07-17 16:00:00,1830.89000000,1840.51000000,1825.32000000,1835.91000000,13830.39310000,2026-07-17 16:59:59.999,25358381.48256800,152258,7605.71970000,13949806.41498800,0
2026-07-17 17:00:00,1835.91000000,1856.17000000,1835.91000000,1843.71000000,14390.43850000,2026-07-17 17:59:59.999,26569529.98138300,140509,7910.05390000,14606197.63680100,0
2026-07-17 18:00:00,1843.72000000,1849.67000000,1835.18000000,1846.99000000,7181.02600000,2026-07-17 18:59:59.999,13226267.59188500,100718,3067.93770000,5650812.41059700,0
2026-07-17 19:00:00,1846.98000000,1846.99000000,1835.65000000,1843.76000000,5576.84370000,2026-07-17 19:59:59.999,10273894.75892100,65758,1942.79650000,3579708.96329400,0
2026-07-17 20:00:00,1843.76000000,1846.20000000,1837.15000000,1842.93000000,3458.03120000,2026-07-17 20:59:59.999,6365765.61000900,63618,1520.33600000,2798702.37180600,0
2026-07-17 21:00:00,1842.93000000,1846.65000000,1840.50000000,1841.54000000,2615.19200000,2026-07-17 21:59:59.999,4820162.59358400,33691,1184.46210000,2183239.07341600,0
2026-07-17 22:00:00,1841.55000000,1843.89000000,1837.62000000,1839.95000000,2602.22640000,2026-07-17 22:59:59.999,4787985.26200600,42226,919.44080000,1691723.37189100,0
2026-07-17 23:00:00,1839.94000000,1844.47000000,1835.27000000,1841.93000000,3512.24290000,2026-07-17 23:59:59.999,6463880.68913000,39266,1364.05400000,2510427.61110400,0
2026-07-18 00:00:00,1841.94000000,1845.00000000,1839.86000000,1840.84000000,2811.48090000,2026-07-18 00:59:59.999,5177398.74091000,39035,1129.88300000,2081113.89013800,0
2026-07-18 01:00:00,1840.84000000,1843.39000000,1839.38000000,1842.48000000,2570.72560000,2026-07-18 01:59:59.999,4732779.71362000,37168,927.91900000,1708211.91383600,0
2026-07-18 02:00:00,1842.49000000,1846.74000000,1840.73000000,1841.91000000,4865.94160000,2026-07-18 02:59:59.999,8969589.58858000,28367,2176.59570000,4012059.81548800,0
2026-07-18 03:00:00,1841.91000000,1846.49000000,1841.46000000,1845.96000000,3379.48900000,2026-07-18 03:59:59.999,6230327.51782000,24362,2225.46320000,4102942.99116300,0
2026-07-18 04:00:00,1845.96000000,1846.19000000,1842.56000000,1844.70000000,1831.77380000,2026-07-18 04:59:59.999,3377970.60417400,24990,801.87360000,1478694.23204800,0
2026-07-18 05:00:00,1844.70000000,1849.68000000,1843.19000000,1845.86000000,3424.98550000,2026-07-18 05:59:59.999,6322952.85613000,37067,1824.31350000,3367983.17834400,0
2026-07-18 06:00:00,1845.85000000,1848.00000000,1843.11000000,1844.97000000,2978.17640000,2026-07-18 06:59:59.999,5495763.59045800,30341,2052.74700000,3788226.59619900,0
2026-07-18 07:00:00,1844.98000000,1846.04000000,1843.04000000,1844.20000000,1958.43620000,2026-07-18 07:59:59.999,3612652.92224500,25875,823.32180000,1518710.19446700,0
2026-07-18 08:00:00,1844.20000000,1849.44000000,1842.30000000,1847.43000000,3188.28710000,2026-07-18 08:59:59.999,5885817.63567000,31292,1765.25980000,3259121.02914700,0
2026-07-18 09:00:00,1847.44000000,1848.03000000,1842.93000000,1844.87000000,2560.53920000,2026-07-18 09:59:59.999,4723926.27969300,27592,1069.77780000,1973591.75628500,0
2026-07-18 10:00:00,1844.87000000,1846.72000000,1844.01000000,1845.57000000,3022.48860000,2026-07-18 10:59:59.999,5578191.90849200,18194,1661.52450000,3066448.92669700,0
2026-07-18 11:00:00,1845.57000000,1846.85000000,1844.37000000,1845.56000000,1391.14830000,2026-07-18 11:59:59.999,2566990.19495400,15001,710.26040000,1310594.99043200,0
2026-07-18 12:00:00,1845.56000000,1850.64000000,1840.17000000,1844.98000000,5922.51210000,2026-07-18 12:59:59.999,10926487.70053300,56952,3464.81760000,6393860.19619200,0
2026-07-18 13:00:00,1844.97000000,1844.97000000,1837.58000000,1841.61000000,4107.69540000,2026-07-18 13:59:59.999,7562444.29430200,57923,1838.41390000,3384925.56827900,0
2026-07-18 14:00:00,1841.61000000,1846.27000000,1840.64000000,1845.95000000,3793.58070000,2026-07-18 14:59:59.999,6996480.04077200,39433,2319.47090000,4277804.49665100,0
2026-07-18 15:00:00,1845.95000000,1846.35000000,1842.12000000,1844.15000000,3802.58710000,2026-07-18 15:59:59.999,7014598.61558600,38261,2310.82430000,4262853.98268400,0
2026-07-18 16:00:00,1844.15000000,1847.14000000,1841.51000000,1846.11000000,3407.56330000,2026-07-18 16:59:59.999,6284153.18088500,43151,1732.75770000,3195542.19154500,0
2026-07-18 17:00:00,1846.11000000,1853.48000000,1843.54000000,1852.82000000,5045.39760000,2026-07-18 17:59:59.999,9327086.62215300,57648,2438.88460000,4509952.63242300,0
2026-07-18 18:00:00,1852.83000000,1867.58000000,1850.01000000,1857.54000000,14122.05060000,2026-07-18 18:59:59.999,26230921.97590700,90725,8789.28450000,16322963.06368600,0
2026-07-18 19:00:00,1857.53000000,1861.40000000,1855.92000000,1858.45000000,4736.77020000,2026-07-18 19:59:59.999,8802680.99291700,47907,2033.23070000,3778402.87424700,0
2026-07-18 20:00:00,1858.45000000,1863.37000000,1855.47000000,1857.34000000,4134.28640000,2026-07-18 20:59:59.999,7684479.70010000,30330,2188.45040000,4068043.64031700,0
2026-07-18 21:00:00,1857.35000000,1863.18000000,1855.96000000,1860.97000000,4154.94080000,2026-07-18 21:59:59.999,7726622.83075500,43775,2509.84040000,4666938.67179500,0
2026-07-18 22:00:00,1860.97000000,1865.86000000,1859.90000000,1863.70000000,3378.25770000,2026-07-18 22:59:59.999,6293000.50870000,33237,1768.47970000,3294269.51287600,0
2026-07-18 23:00:00,1863.70000000,1864.45000000,1860.10000000,1862.61000000,2008.80910000,2026-07-18 23:59:59.999,3740562.02254600,19522,1116.37660000,2078805.91117600,0
2026-07-19 00:00:00,1862.61000000,1863.88000000,1859.20000000,1861.45000000,3154.50440000,2026-07-19 00:59:59.999,5871761.26635100,24224,1101.07330000,2049502.18031100,0
2026-07-19 01:00:00,1861.45000000,1861.53000000,1858.30000000,1859.18000000,7970.35360000,2026-07-19 01:59:59.999,14824358.48780800,29435,3562.73030000,6626298.99326800,0
2026-07-19 02:00:00,1859.19000000,1877.33000000,1858.17000000,1871.44000000,11041.83800000,2026-07-19 02:59:59.999,20652522.42092700,102722,5651.66250000,10568141.31344500,0
2026-07-19 03:00:00,1871.45000000,1872.99000000,1863.84000000,1867.08000000,5220.79910000,2026-07-19 03:59:59.999,9747915.26420900,47625,2179.16950000,4067617.18970300,0
2026-07-19 04:00:00,1867.08000000,1870.20000000,1864.21000000,1867.33000000,3479.10370000,2026-07-19 04:59:59.999,6495021.16278300,25418,1830.40330000,3416932.94731200,0
2026-07-19 05:00:00,1867.32000000,1870.20000000,1865.61000000,1868.56000000,2772.52570000,2026-07-19 05:59:59.999,5180969.77451200,21770,1322.59960000,2471332.45291200,0
2026-07-19 06:00:00,1868.55000000,1871.43000000,1868.20000000,1869.39000000,2878.49110000,2026-07-19 06:59:59.999,5381650.44527900,22331,1708.68880000,3194484.24343900,0
2026-07-19 07:00:00,1869.39000000,1871.99000000,1867.14000000,1870.25000000,8010.62190000,2026-07-19 07:59:59.999,14977713.66571800,34459,3862.75140000,7221148.92063200,0
2026-07-19 08:00:00,1870.26000000,1875.33000000,1867.76000000,1873.88000000,4893.89840000,2026-07-19 08:59:59.999,9157649.11075200,36859,3193.36600000,5976426.40037300,0
2026-07-19 09:00:00,1873.89000000,1874.17000000,1864.55000000,1866.16000000,5004.02630000,2026-07-19 09:59:59.999,9349498.05315900,42883,1764.01610000,3296557.88521600,0
2026-07-19 10:00:00,1866.15000000,1879.38000000,1863.46000000,1872.25000000,5628.65170000,2026-07-19 10:59:59.999,10529599.02624900,61255,3140.66300000,5876527.17873700,0
2026-07-19 11:00:00,1872.25000000,1878.86000000,1870.00000000,1871.41000000,6296.88030000,2026-07-19 11:59:59.999,11805839.00318000,66235,3193.06830000,5986901.40999600,0
2026-07-19 12:00:00,1871.40000000,1874.34000000,1864.47000000,1870.38000000,6783.95610000,2026-07-19 12:59:59.999,12679905.87872300,63630,3841.05240000,7180274.88574900,0
2026-07-19 13:00:00,1870.39000000,1873.77000000,1865.89000000,1871.83000000,4460.44690000,2026-07-19 13:59:59.999,8337611.92802600,57695,2214.29940000,4139150.51975500,0
2026-07-19 14:00:00,1871.83000000,1879.26000000,1868.89000000,1874.69000000,5952.74990000,2026-07-19 14:59:59.999,11155644.01083400,63263,3661.59560000,6861989.95622200,0
2026-07-19 15:00:00,1874.69000000,1876.00000000,1868.93000000,1870.91000000,6545.92970000,2026-07-19 15:59:59.999,12253816.08235000,48659,4005.60450000,7496714.98127700,0
2026-07-19 16:00:00,1870.91000000,1873.59000000,1866.00000000,1866.80000000,5220.80650000,2026-07-19 16:59:59.999,9758747.26102000,56648,2468.17820000,4613217.29262600,0
2026-07-19 17:00:00,1866.80000000,1873.85000000,1857.77000000,1867.23000000,8572.98740000,2026-07-19 17:59:59.999,16004336.52730100,113581,4139.69440000,7729968.25020300,0
2026-07-19 18:00:00,1867.23000000,1867.70000000,1851.71000000,1861.12000000,9549.47780000,2026-07-19 18:59:59.999,17764084.96886800,94444,4123.20710000,7667897.98787300,0
2026-07-19 19:00:00,1861.12000000,1862.77000000,1854.84000000,1862.37000000,3960.72760000,2026-07-19 19:59:59.999,7365613.83415700,35310,1606.02010000,2986522.75911600,0
2026-07-19 20:00:00,1862.37000000,1867.15000000,1862.20000000,1867.14000000,4536.07420000,2026-07-19 20:59:59.999,8457648.88713200,30016,2952.84250000,5505603.24622400,0
2026-07-19 21:00:00,1867.15000000,1868.23000000,1857.49000000,1862.12000000,4337.58970000,2026-07-19 21:59:59.999,8078759.37377800,49223,2059.42020000,3836520.63303600,0
2026-07-19 22:00:00,1862.12000000,1877.03000000,1857.00000000,1870.44000000,12354.11610000,2026-07-19 22:59:59.999,23096855.60235000,158972,6298.23120000,11776021.71915600,0
2026-07-19 23:00:00,1870.44000000,1874.94000000,1865.00000000,1872.23000000,5296.11010000,2026-07-19 23:59:59.999,9902679.59012600,88488,2597.07320000,4856440.50717300,0
2026-07-20 00:00:00,1872.24000000,1891.71000000,1862.08000000,1872.14000000,15861.94960000,2026-07-20 00:59:59.999,29805684.56001300,221322,8658.34350000,16273465.63173000,0
2026-07-20 01:00:00,1872.14000000,1889.94000000,1865.84000000,1869.56000000,9872.38330000,2026-07-20 01:59:59.999,18533140.07956500,179652,5035.81440000,9453458.98438400,0
2026-07-20 02:00:00,1869.57000000,1883.33000000,1867.71000000,1879.06000000,8547.52940000,2026-07-20 02:59:59.999,16044507.73737100,137730,4874.25080000,9150190.79034600,0
2026-07-20 03:00:00,1879.06000000,1882.24000000,1870.91000000,1879.94000000,6045.70880000,2026-07-20 03:59:59.999,11350665.56781200,77491,3175.67560000,5961703.93100800,0
2026-07-20 04:00:00,1879.94000000,1879.99000000,1868.46000000,1868.94000000,5573.28520000,2026-07-20 04:59:59.999,10441498.73801200,67438,2482.15390000,4650661.46332600,0
2026-07-20 05:00:00,1868.95000000,1869.94000000,1851.50000000,1855.45000000,12336.30440000,2026-07-20 05:59:59.999,22940743.97451500,149881,4805.29280000,8935550.78951400,0
2026-07-20 06:00:00,1855.46000000,1860.23000000,1843.14000000,1849.73000000,13729.79780000,2026-07-20 06:59:59.999,25423643.68753600,135455,7323.11860000,13564147.13875200,0
2026-07-20 07:00:00,1849.73000000,1865.54000000,1849.26000000,1863.95000000,9727.22830000,2026-07-20 07:59:59.999,18065612.06685400,103146,5963.85610000,11073803.54697600,0
2026-07-20 08:00:00,1863.95000000,1868.53000000,1854.31000000,1861.01000000,13950.43690000,2026-07-20 08:59:59.999,25967815.47075800,121419,8241.04080000,15340716.40508400,0
2026-07-20 09:00:00,1861.00000000,1867.55000000,1857.95000000,1864.16000000,7006.26450000,2026-07-20 09:59:59.999,13055351.91119400,80539,2535.28710000,4725904.24496900,0
2026-07-20 10:00:00,1864.15000000,1872.35000000,1862.71000000,1868.85000000,5036.69200000,2026-07-20 10:59:59.999,9409394.20089200,51948,2880.04690000,5380342.96843700,0
2026-07-20 11:00:00,1868.86000000,1896.50000000,1868.06000000,1893.20000000,18098.93310000,2026-07-20 11:59:59.999,34123724.30244600,154617,10167.34490000,19167865.33626900,0
2026-07-20 12:00:00,1893.21000000,1893.62000000,1871.88000000,1873.33000000,12117.13290000,2026-07-20 12:59:59.999,22774500.32321300,139331,5119.92230000,9621559.12108000,0
2026-07-20 13:00:00,1873.34000000,1880.61000000,1857.63000000,1862.68000000,16464.26550000,2026-07-20 13:59:59.999,30798895.87919300,177275,7437.57780000,13919365.61051600,0
2026-07-20 14:00:00,1862.68000000,1871.96000000,1853.65000000,1868.01000000,11921.89630000,2026-07-20 14:59:59.999,22212775.28631800,159513,5921.14730000,11036604.23283500,0
2026-07-20 15:00:00,1868.01000000,1904.92000000,1867.65000000,1902.34000000,24635.42230000,2026-07-20 15:59:59.999,46577507.79328900,276162,15336.65300000,29003888.18092800,0
2026-07-20 16:00:00,1902.34000000,1906.76000000,1893.80000000,1899.41000000,16492.37260000,2026-07-20 16:59:59.999,31326301.38121800,143328,7787.02030000,14789138.97771400,0
2026-07-20 17:00:00,1899.41000000,1909.74000000,1895.68000000,1907.78000000,14035.24810000,2026-07-20 17:59:59.999,26693914.01636100,94042,9110.59870000,17327896.52043200,0
2026-07-20 18:00:00,1907.78000000,1918.16000000,1897.52000000,1899.52000000,17782.60160000,2026-07-20 18:59:59.999,33946874.09314200,120688,7706.81490000,14718918.87630000,0
2026-07-20 19:00:00,1899.52000000,1901.07000000,1890.07000000,1898.46000000,9999.67360000,2026-07-20 19:59:59.999,18957748.64916800,105161,4737.38650000,8981468.65721200,0
2026-07-20 20:00:00,1898.46000000,1906.55000000,1896.20000000,1904.84000000,5357.46130000,2026-07-20 20:59:59.999,10193443.26416800,57787,2873.56190000,5467068.17208000,0
2026-07-20 21:00:00,1904.83000000,1907.58000000,1902.00000000,1902.45000000,4827.64370000,2026-07-20 21:59:59.999,9197782.20109200,51232,2160.33650000,4115713.04136000,0
2026-07-20 22:00:00,1902.46000000,1902.58000000,1894.40000000,1895.72000000,5412.84330000,2026-07-20 22:59:59.999,10271030.35807100,48367,2104.79170000,3993976.66833400,0
2026-07-20 23:00:00,1895.72000000,1905.26000000,1895.33000000,1904.77000000,6362.55850000,2026-07-20 23:59:59.999,12098478.27988000,45238,3497.40710000,6649964.04453700,0
2026-07-21 00:00:00,1904.77000000,1917.79000000,1900.74000000,1914.80000000,10211.22620000,2026-07-21 00:59:59.999,19498148.79084600,103436,6446.21420000,12305831.57661200,0
2026-07-21 01:00:00,1914.80000000,1918.18000000,1907.00000000,1907.49000000,6792.78730000,2026-07-21 01:59:59.999,12990440.71054000,70786,2951.93900000,5645261.70889500,0
2026-07-21 02:00:00,1907.49000000,1924.00000000,1904.60000000,1917.30000000,8843.77310000,2026-07-21 02:59:59.999,16939597.13933300,75013,4914.64500000,9414640.05646300,0
2026-07-21 03:00:00,1917.30000000,1928.57000000,1916.94000000,1926.75000000,13542.54250000,2026-07-21 03:59:59.999,26069158.68996100,101547,7200.97470000,13860803.64827200,0
2026-07-21 04:00:00,1926.74000000,1931.20000000,1922.59000000,1924.59000000,8633.19400000,2026-07-21 04:59:59.999,16628838.33757400,61436,3825.38820000,7369011.58303700,0
2026-07-21 05:00:00,1924.59000000,1936.00000000,1921.81000000,1930.56000000,9084.24520000,2026-07-21 05:59:59.999,17508741.12475200,65761,4510.94240000,8697792.52418600,0
2026-07-21 06:00:00,1930.56000000,1939.99000000,1927.80000000,1935.03000000,10889.22130000,2026-07-21 06:59:59.999,21068913.64199500,91785,6241.32710000,12077470.86963300,0
2026-07-21 07:00:00,1935.03000000,1940.25000000,1933.42000000,1934.08000000,11949.48090000,2026-07-21 07:59:59.999,23133705.72469900,92331,5974.56190000,11567550.23561500,0
2026-07-21 08:00:00,1934.07000000,1953.00000000,1931.63000000,1939.80000000,29993.04760000,2026-07-21 08:59:59.999,58294139.98849200,158475,16934.87490000,32925073.49814100,0
2026-07-21 09:00:00,1939.79000000,1944.17000000,1936.75000000,1942.22000000,34313.14190000,2026-07-21 09:59:59.999,66563625.82425600,90230,21187.97440000,41104430.59557100,0
2026-07-21 10:00:00,1942.22000000,1947.09000000,1932.10000000,1934.18000000,16251.70690000,2026-07-21 10:59:59.999,31550041.03522000,103838,9812.92930000,19057370.46283800,0
2026-07-21 11:00:00,1934.19000000,1937.34000000,1925.98000000,1935.69000000,33407.84330000,2026-07-21 11:59:59.999,64498682.89472700,108639,18899.56460000,36481430.45080000,0
2026-07-21 12:00:00,1935.69000000,1945.23000000,1932.38000000,1942.79000000,15279.90730000,2026-07-21 12:59:59.999,29649032.56123300,146292,7634.19410000,14814673.30576600,0
2026-07-21 13:00:00,1942.80000000,1943.77000000,1927.53000000,1940.30000000,19914.60220000,2026-07-21 13:59:59.999,38559373.43747600,170585,8379.26910000,16224351.10148300,0
2026-07-21 14:00:00,1940.31000000,1944.00000000,1928.00000000,1931.87000000,14705.61800000,2026-07-21 14:59:59.999,28474682.77564800,162854,7028.06910000,13607980.36067400,0
2026-07-21 15:00:00,1931.88000000,1932.51000000,1923.36000000,1931.81000000,12511.00610000,2026-07-21 15:59:59.999,24120011.83928800,155853,5811.50330000,11204446.04894800,0
2026-07-21 16:00:00,1931.81000000,1935.36000000,1921.63000000,1926.37000000,7887.81200000,2026-07-21 16:59:59.999,15202799.56123500,94976,3895.05650000,7507144.55075700,0
2026-07-21 17:00:00,1926.37000000,1928.38000000,1915.00000000,1918.71000000,14508.54460000,2026-07-21 17:59:59.999,27900956.64863600,147938,7711.93980000,14834410.09390700,0
2026-07-21 18:00:00,1918.70000000,1923.00000000,1915.11000000,1919.93000000,12665.65150000,2026-07-21 18:59:59.999,24318376.59038200,128767,7635.41610000,14661043.51012800,0
2026-07-21 19:00:00,1919.93000000,1926.16000000,1918.20000000,1923.39000000,14885.77750000,2026-07-21 19:59:59.999,28615863.96894500,79263,10166.34400000,19539835.67395200,0
2026-07-21 20:00:00,1923.38000000,1926.44000000,1921.68000000,1923.24000000,6018.24940000,2026-07-21 20:59:59.999,11576346.47318400,51772,4021.90140000,7736430.35530200,0
2026-07-21 21:00:00,1923.25000000,1926.54000000,1919.85000000,1924.32000000,5012.58570000,2026-07-21 21:59:59.999,9643152.00110800,49678,2754.05660000,5297855.68453200,0
2026-07-21 22:00:00,1924.31000000,1924.31000000,1918.10000000,1920.86000000,3606.77450000,2026-07-21 22:59:59.999,6930578.97323800,57683,1547.35140000,2972908.19807500,0
2026-07-21 23:00:00,1920.86000000,1932.00000000,1916.67000000,1930.09000000,6056.93890000,2026-07-21 23:59:59.999,11652956.37387400,61404,3363.73170000,6474631.19551900,0
2026-07-22 00:00:00,1930.09000000,1944.68000000,1929.02000000,1939.46000000,12280.21520000,2026-07-22 00:59:59.999,23797470.01472100,130158,7188.87690000,13929156.46083900,0
2026-07-22 01:00:00,1939.45000000,1940.56000000,1928.00000000,1933.61000000,7700.39160000,2026-07-22 01:59:59.999,14895871.95174900,102953,3555.23210000,6877297.52854100,0
2026-07-22 02:00:00,1933.62000000,1936.39000000,1926.91000000,1930.43000000,9004.79480000,2026-07-22 02:59:59.999,17390299.53987800,101377,4927.43460000,9515641.58109000,0
2026-07-22 03:00:00,1930.42000000,1936.05000000,1926.76000000,1928.77000000,9211.16310000,2026-07-22 03:59:59.999,17788771.53885000,86346,5399.57860000,10427997.48926800,0
2026-07-22 04:00:00,1928.76000000,1939.40000000,1928.11000000,1936.82000000,12044.21950000,2026-07-22 04:59:59.999,23310520.39280900,83413,6836.53800000,13229685.74830100,0
2026-07-22 05:00:00,1936.83000000,1936.98000000,1918.27000000,1919.35000000,14081.00970000,2026-07-22 05:59:59.999,27107711.32379200,125998,6609.66160000,12724378.30636900,0
2026-07-22 06:00:00,1919.36000000,1921.10000000,1913.34000000,1917.40000000,7850.85640000,2026-07-22 06:59:59.999,15052400.38342900,98223,3249.85800000,6231163.35528800,0
2026-07-22 07:00:00,1917.41000000,1919.00000000,1910.68000000,1914.44000000,13989.05180000,2026-07-22 07:59:59.999,26779893.67916000,103690,6232.95360000,11930400.56573200,0
2026-07-22 08:00:00,1914.43000000,1925.15000000,1914.08000000,1921.32000000,12358.13180000,2026-07-22 08:59:59.999,23745047.13209200,99096,6113.00870000,11741508.20724000,0
2026-07-22 09:00:00,1921.33000000,1926.50000000,1919.41000000,1924.49000000,9209.98050000,2026-07-22 09:59:59.999,17711371.95688700,85447,4021.62370000,7733561.86262800,0
2026-07-22 10:00:00,1924.49000000,1933.62000000,1923.25000000,1930.82000000,10304.89330000,2026-07-22 10:59:59.999,19865487.43459800,77402,5395.47750000,10400463.45404500,0
2026-07-22 11:00:00,1930.82000000,1931.50000000,1922.36000000,1927.27000000,4571.43060000,2026-07-22 11:59:59.999,8812329.03894400,68962,2027.79130000,3908800.97134000,0
2026-07-22 12:00:00,1927.26000000,1927.45000000,1913.26000000,1917.17000000,6931.33580000,2026-07-22 12:59:59.999,13310664.46946700,75846,2385.55110000,4581279.20875000,0
2026-07-22 13:00:00,1917.17000000,1942.43000000,1917.00000000,1939.93000000,15766.46470000,2026-07-22 13:59:59.999,30471872.19042400,180484,9497.85890000,18358257.74621300,0
2026-07-22 14:00:00,1939.92000000,1955.92000000,1923.01000000,1933.20000000,23895.43020000,2026-07-22 14:59:59.999,46372514.97577500,208859,12075.86950000,23453609.46829600,0
2026-07-22 15:00:00,1933.20000000,1952.36000000,1933.00000000,1943.03000000,15259.80360000,2026-07-22 15:59:59.999,29680225.98087700,175487,8570.83300000,16669734.24083400,0
2026-07-22 16:00:00,1943.04000000,1956.45000000,1935.42000000,1949.84000000,14899.46780000,2026-07-22 16:59:59.999,29024262.83488500,167251,7921.68110000,15437266.38696500,0
2026-07-22 17:00:00,1949.84000000,1950.30000000,1934.97000000,1938.53000000,9814.78570000,2026-07-22 17:59:59.999,19058964.62551300,124310,4219.67770000,8193651.15596700,0
2026-07-22 18:00:00,1938.53000000,1940.00000000,1923.20000000,1930.69000000,11320.40390000,2026-07-22 18:59:59.999,21856954.28741800,104416,4367.09500000,8432831.11143100,0
2026-07-22 19:00:00,1930.69000000,1931.88000000,1921.00000000,1925.13000000,5286.79540000,2026-07-22 19:59:59.999,10183149.03388600,78831,2511.05240000,4836992.96926800,0
2026-07-22 20:00:00,1925.14000000,1930.40000000,1922.95000000,1926.76000000,5448.10970000,2026-07-22 20:59:59.999,10498562.70153700,61724,2646.20650000,5099407.32837900,0
2026-07-22 21:00:00,1926.76000000,1939.70000000,1926.76000000,1938.76000000,4862.42590000,2026-07-22 21:59:59.999,9398244.27654900,66419,2267.61050000,4382331.00205000,0
2026-07-22 22:00:00,1938.76000000,1939.23000000,1930.91000000,1938.42000000,7430.74710000,2026-07-22 22:59:59.999,14377771.37831200,79391,2941.05640000,5691420.89394500,0
2026-07-22 23:00:00,1938.43000000,1938.43000000,1923.60000000,1934.25000000,7618.91720000,2026-07-22 23:59:59.999,14705726.10186300,49385,2995.93750000,5780591.59711300,0
2026-07-23 00:00:00,1934.26000000,1941.50000000,1932.37000000,1932.37000000,7806.19310000,2026-07-23 00:59:59.999,15115644.92491400,58893,2719.36030000,5266608.37813900,0
2026-07-23 01:00:00,1932.36000000,1936.70000000,1926.61000000,1928.39000000,5600.25850000,2026-07-23 01:59:59.999,10811934.68385100,66946,2307.13990000,4454003.03466300,0
2026-07-23 02:00:00,1928.38000000,1929.70000000,1921.81000000,1927.60000000,4520.13020000,2026-07-23 02:59:59.999,8705896.04023900,59384,1703.63290000,3281091.23338600,0
2026-07-23 03:00:00,1927.60000000,1928.03000000,1917.57000000,1920.55000000,7067.15350000,2026-07-23 03:59:59.999,13580904.15952500,52947,2265.93890000,4354225.19121800,0
2026-07-23 04:00:00,1920.56000000,1926.02000000,1918.63000000,1919.74000000,5718.73070000,2026-07-23 04:59:59.999,10988937.21065100,47068,2271.60370000,4365203.27302000,0
2026-07-23 05:00:00,1919.74000000,1928.69000000,1918.31000000,1922.77000000,3797.01270000,2026-07-23 05:59:59.999,7300135.36971700,57369,1610.53370000,3096454.90748300,0
2026-07-23 06:00:00,1922.78000000,1926.83000000,1921.07000000,1925.39000000,3761.18150000,2026-07-23 06:59:59.999,7237453.21441100,50002,2005.97110000,3860226.06863200,0
2026-07-23 07:00:00,1925.39000000,1925.39000000,1912.60000000,1915.65000000,15074.18080000,2026-07-23 07:59:59.999,28881313.23832800,98604,8495.27580000,16273204.23329400,0
2026-07-23 08:00:00,1915.65000000,1927.41000000,1914.44000000,1926.54000000,6170.38010000,2026-07-23 08:59:59.999,11852500.05868600,65147,3138.66700000,6028657.45648300,0
2026-07-23 09:00:00,1926.54000000,1931.66000000,1923.40000000,1924.36000000,9981.40870000,2026-07-23 09:59:59.999,19250924.73845900,73458,4737.35500000,9136434.84232200,0
2026-07-23 10:00:00,1924.36000000,1930.43000000,1922.13000000,1928.14000000,4239.39390000,2026-07-23 10:59:59.999,8171201.34251000,58058,1778.36000000,3427190.50934200,0
2026-07-23 11:00:00,1928.15000000,1929.08000000,1924.63000000,1926.04000000,5003.25420000,2026-07-23 11:59:59.999,9638445.12246400,58720,2340.77680000,4509169.30734400,0
2026-07-23 12:00:00,1926.03000000,1927.99000000,1894.00000000,1904.64000000,26669.45850000,2026-07-23 12:59:59.999,50893031.37342400,175576,9886.99080000,18878068.29210500,0
2026-07-23 13:00:00,1904.67000000,1909.19000000,1895.47000000,1898.72000000,16334.96990000,2026-07-23 13:59:59.999,31073711.92475600,171916,7122.97640000,13552714.46906600,0
2026-07-23 14:00:00,1898.73000000,1907.26000000,1892.50000000,1896.43000000,15426.30770000,2026-07-23 14:59:59.999,29319627.88248000,153156,7110.50730000,13519039.84530500,0
2026-07-23 15:00:00,1896.44000000,1897.88000000,1882.98000000,1895.23000000,21413.48600000,2026-07-23 15:59:59.999,40487167.27422100,180709,10497.61490000,19850470.45011000,0
2026-07-23 16:00:00,1895.23000000,1895.41000000,1884.69000000,1887.95000000,11755.59360000,2026-07-23 16:59:59.999,22204206.39826400,99890,4602.72110000,8693591.70235900,0
2026-07-23 17:00:00,1887.94000000,1892.18000000,1875.01000000,1878.31000000,10958.92200000,2026-07-23 17:59:59.999,20659672.22364500,88978,4677.17160000,8816317.42274200,0
2026-07-23 18:00:00,1878.31000000,1884.52000000,1876.05000000,1881.19000000,8210.38380000,2026-07-23 18:59:59.999,15435649.71067500,108837,4413.66600000,8298068.36360900,0
2026-07-23 19:00:00,1881.19000000,1883.63000000,1869.44000000,1875.65000000,9424.59180000,2026-07-23 19:59:59.999,17678283.59638300,103324,5108.47880000,9582739.74644700,0
2026-07-23 20:00:00,1875.64000000,1889.09000000,1874.81000000,1885.98000000,7351.54410000,2026-07-23 20:59:59.999,13853710.48626300,63186,5186.13510000,9772909.01569100,0
2026-07-23 21:00:00,1885.97000000,1888.93000000,1880.86000000,1882.72000000,4782.83370000,2026-07-23 21:59:59.999,9010572.07222900,57932,2163.37680000,4077059.59376000,0
2026-07-23 22:00:00,1882.73000000,1884.13000000,1874.23000000,1883.42000000,5133.82490000,2026-07-23 22:59:59.999,9651897.75395500,57328,1979.15680000,3721878.49061200,0
2026-07-23 23:00:00,1883.41000000,1884.80000000,1875.56000000,1878.38000000,3587.87940000,2026-07-23 23:59:59.999,6748005.61645200,33381,1675.68600000,3151831.70954800,0
2026-07-24 00:00:00,1878.38000000,1879.18000000,1859.67000000,1871.47000000,13406.76090000,2026-07-24 00:59:59.999,25058205.13121300,106904,4822.63730000,9013680.74275500,0
2026-07-24 01:00:00,1871.47000000,1877.60000000,1870.32000000,1872.76000000,6649.67450000,2026-07-24 01:59:59.999,12462569.60223900,71666,3071.18600000,5757179.92380200,0
2026-07-24 02:00:00,1872.76000000,1878.50000000,1864.82000000,1869.58000000,6328.90810000,2026-07-24 02:59:59.999,11840113.90481700,67217,2885.47070000,5399387.34940700,0
2026-07-24 03:00:00,1869.57000000,1881.20000000,1868.31000000,1880.67000000,7169.02200000,2026-07-24 03:59:59.999,13462708.45194800,77682,3923.67050000,7367252.96054600,0
2026-07-24 04:00:00,1880.67000000,1882.00000000,1875.00000000,1876.12000000,3649.70640000,2026-07-24 04:59:59.999,6856670.37919800,43466,1664.36170000,3127390.31904200,0
2026-07-24 05:00:00,1876.13000000,1882.14000000,1873.48000000,1880.97000000,5641.14850000,2026-07-24 05:59:59.999,10599930.46740400,45685,3455.35240000,6491969.96922900,0
2026-07-24 06:00:00,1880.97000000,1888.49000000,1878.90000000,1888.13000000,6802.72110000,2026-07-24 06:59:59.999,12817683.07220200,48208,3742.09710000,7052692.30240600,0
2026-07-24 07:00:00,1888.14000000,1909.80000000,1888.14000000,1895.98000000,18399.90610000,2026-07-24 07:59:59.999,34922909.54988700,168845,10689.11430000,20284507.82921500,0
2026-07-24 08:00:00,1895.98000000,1896.04000000,1886.35000000,1888.07000000,5209.37820000,2026-07-24 08:59:59.999,9854993.31913600,57363,1904.31330000,3602677.54848400,0
2026-07-24 09:00:00,1888.07000000,1889.11000000,1878.39000000,1888.07000000,7006.52540000,2026-07-24 09:59:59.999,13200212.66565400,78651,3414.89000000,6434047.48319900,0
2026-07-24 10:00:00,1888.08000000,1888.64000000,1880.39000000,1883.82000000,4084.03490000,2026-07-24 10:59:59.999,7696426.76272200,51484,1825.15190000,3439403.13842300,0
2026-07-24 11:00:00,1883.81000000,1884.71000000,1876.71000000,1883.93000000,6799.13800000,2026-07-24 11:59:59.999,12791896.82686200,86273,3798.43890000,7147511.77857400,0
2026-07-24 12:00:00,1883.93000000,1886.09000000,1872.00000000,1872.65000000,7785.13080000,2026-07-24 12:59:59.999,14633093.73232500,72588,4185.93250000,7872428.30329200,0
2026-07-24 13:00:00,1872.65000000,1875.40000000,1848.11000000,1857.60000000,25437.07650000,2026-07-24 13:59:59.999,47343150.69173600,257702,11736.97030000,21849092.97095500,0
2026-07-24 14:00:00,1857.61000000,1863.18000000,1848.09000000,1862.90000000,16154.16220000,2026-07-24 14:59:59.999,29976651.96826400,236034,8087.79860000,15012166.55103600,0
2026-07-24 15:00:00,1862.90000000,1869.43000000,1854.15000000,1861.81000000,18647.63110000,2026-07-24 15:59:59.999,34732843.24692600,204569,10771.99740000,20061439.72845400,0
2026-07-24 16:00:00,1861.82000000,1866.07000000,1853.50000000,1857.47000000,12748.02110000,2026-07-24 16:59:59.999,23706481.81167600,113675,5873.72630000,10923264.45777300,0
2026-07-24 17:00:00,1857.47000000,1866.61000000,1855.03000000,1866.53000000,8564.30410000,2026-07-24 17:59:59.999,15941789.27396800,90161,4812.60290000,8958734.65241200,0
2026-07-24 18:00:00,1866.53000000,1866.76000000,1858.48000000,1862.72000000,3900.72670000,2026-07-24 18:59:59.999,7265085.69552100,71521,1885.28120000,3510878.44431900,0
2026-07-24 19:00:00,1862.73000000,1864.58000000,1858.00000000,1863.83000000,4600.11320000,2026-07-24 19:59:59.999,8564027.50631900,63680,3084.60290000,5742908.86203700,0
2026-07-24 20:00:00,1863.84000000,1865.82000000,1858.42000000,1860.90000000,3703.60870000,2026-07-24 20:59:59.999,6897243.28651000,33968,2108.27210000,3926753.23626500,0
2026-07-24 21:00:00,1860.91000000,1862.01000000,1857.05000000,1857.51000000,3582.53640000,2026-07-24 21:59:59.999,6662441.81711400,42987,1856.18480000,3451981.93988900,0
2026-07-24 22:00:00,1857.51000000,1861.91000000,1856.97000000,1859.49000000,2393.02360000,2026-07-24 22:59:59.999,4449699.52080800,24753,1362.91570000,2534264.27643400,0
2026-07-24 23:00:00,1859.49000000,1861.85000000,1858.98000000,1861.44000000,2132.17760000,2026-07-24 23:59:59.999,3967227.79667300,19452,1124.93090000,2092930.10660200,0
2026-07-25 00:00:00,1861.44000000,1864.69000000,1856.85000000,1860.34000000,3991.99950000,2026-07-25 00:59:59.999,7429977.66397300,34305,2107.24100000,3922425.74254800,0
2026-07-25 01:00:00,1860.34000000,1863.63000000,1857.77000000,1860.00000000,3107.07390000,2026-07-25 01:59:59.999,5781170.02538200,26410,1598.53670000,2974267.22731400,0
2026-07-25 02:00:00,1859.99000000,1861.71000000,1858.35000000,1859.45000000,2141.20870000,2026-07-25 02:59:59.999,3982074.03620900,21272,1024.03820000,1904438.31703400,0
2026-07-25 03:00:00,1859.45000000,1860.52000000,1855.93000000,1858.74000000,4758.86680000,2026-07-25 03:59:59.999,8846241.71475000,30874,2475.80030000,4601988.90893600,0
2026-07-25 04:00:00,1858.74000000,1862.65000000,1858.57000000,1861.28000000,1922.53290000,2026-07-25 04:59:59.999,3577359.12199200,24259,1115.28030000,2075296.76897900,0
2026-07-25 05:00:00,1861.28000000,1862.96000000,1856.90000000,1858.42000000,6900.00560000,2026-07-25 05:59:59.999,12833376.91756100,36680,2604.85380000,4846161.88913900,0
2026-07-25 06:00:00,1858.42000000,1860.00000000,1854.61000000,1858.55000000,2183.20250000,2026-07-25 06:59:59.999,4054386.26018900,29716,970.48540000,1802147.53895000,0
2026-07-25 07:00:00,1858.55000000,1858.79000000,1856.02000000,1856.02000000,1974.45480000,2026-07-25 07:59:59.999,3667234.26070900,16957,1060.07000000,1968966.62983800,0
2026-07-25 08:00:00,1856.03000000,1856.10000000,1851.22000000,1853.80000000,4826.20110000,2026-07-25 08:59:59.999,8949982.21588900,37133,1869.75790000,3467630.90913400,0
2026-07-25 09:00:00,1853.80000000,1859.06000000,1851.75000000,1858.34000000,3706.83510000,2026-07-25 09:59:59.999,6879146.25193900,25750,2250.95060000,4177868.08134700,0
2026-07-25 10:00:00,1858.35000000,1859.29000000,1856.75000000,1858.62000000,4770.01310000,2026-07-25 10:59:59.999,8862046.52973100,24482,2284.30830000,4243844.21370300,0
2026-07-25 11:00:00,1858.63000000,1860.09000000,1857.50000000,1857.75000000,2724.40890000,2026-07-25 11:59:59.999,5064439.85308000,31238,1518.56690000,2822958.90534800,0
2026-07-25 12:00:00,1857.75000000,1860.48000000,1856.96000000,1860.32000000,4110.58270000,2026-07-25 12:59:59.999,7637844.84597700,23638,2099.75290000,3901528.68051300,0
2026-07-25 13:00:00,1860.32000000,1872.35000000,1859.78000000,1867.24000000,8300.02850000,2026-07-25 13:59:59.999,15489080.85861500,62436,4836.09950000,9025034.79772700,0
2026-07-25 14:00:00,1867.25000000,1869.32000000,1865.06000000,1868.68000000,4810.25340000,2026-07-25 14:59:59.999,8982805.50486500,30425,2415.05350000,4510042.29427500,0
2026-07-25 15:00:00,1868.67000000,1871.43000000,1867.03000000,1867.88000000,3624.48780000,2026-07-25 15:59:59.999,6773933.88844600,32735,1678.26620000,3136877.32424500,0
2026-07-25 16:00:00,1867.88000000,1870.91000000,1864.65000000,1867.99000000,3186.02600000,2026-07-25 16:59:59.999,5950743.71638100,31777,1409.51300000,2632561.47967200,0
2026-07-25 17:00:00,1867.99000000,1875.15000000,1867.99000000,1873.06000000,6529.89480000,2026-07-25 17:59:59.999,12225699.53861400,59881,4070.12430000,7619257.36088200,0
2026-07-25 18:00:00,1873.07000000,1877.07000000,1872.45000000,1875.48000000,4493.72460000,2026-07-25 18:59:59.999,8423875.58534200,49922,2956.77200000,5542720.10440800,0
2026-07-25 19:00:00,1875.48000000,1876.64000000,1874.40000000,1874.76000000,2018.10880000,2026-07-25 19:59:59.999,3784809.86642000,29143,1187.06870000,2226222.22304700,0
2026-07-25 20:00:00,1874.77000000,1875.03000000,1870.43000000,1872.23000000,1908.19470000,2026-07-25 20:59:59.999,3572260.25080400,22647,639.66020000,1197507.31182300,0
2026-07-25 21:00:00,1872.23000000,1875.60000000,1867.92000000,1872.65000000,2784.16730000,2026-07-25 21:59:59.999,5210854.52455100,34560,1376.73650000,2576835.74178000,0
2026-07-25 22:00:00,1872.66000000,1876.92000000,1872.38000000,1875.82000000,2003.88340000,2026-07-25 22:59:59.999,3756619.85625300,29751,1121.54150000,2102519.62190800,0
2026-07-25 23:00:00,1875.83000000,1876.20000000,1873.20000000,1874.89000000,1658.33310000,2026-07-25 23:59:59.999,3108962.37860300,17122,642.22980000,1204032.38030400,0
2026-07-26 00:00:00,1874.88000000,1881.80000000,1873.85000000,1881.05000000,3898.26730000,2026-07-26 00:59:59.999,7322180.10934000,36215,2669.21490000,5013628.10423700,0
2026-07-26 01:00:00,1881.05000000,1881.90000000,1877.81000000,1878.68000000,2034.94520000,2026-07-26 01:59:59.999,3825060.61682900,21812,1007.86300000,1894372.11906100,0
2026-07-26 02:00:00,1878.67000000,1881.65000000,1877.06000000,1880.97000000,1535.08720000,2026-07-26 02:59:59.999,2884547.69836100,19024,907.20500000,1704852.61160700,0
2026-07-26 03:00:00,1880.98000000,1883.98000000,1878.98000000,1882.21000000,2891.71730000,2026-07-26 03:59:59.999,5441981.56066900,36236,1634.03410000,3074767.12942700,0
2026-07-26 04:00:00,1882.21000000,1889.36000000,1880.26000000,1886.26000000,3540.77480000,2026-07-26 04:59:59.999,6673811.36543000,33542,2002.11410000,3774384.80337500,0
2026-07-26 05:00:00,1886.25000000,1887.43000000,1882.72000000,1883.40000000,2383.33540000,2026-07-26 05:59:59.999,4492429.82811900,18922,1043.51360000,1967055.12916700,0
2026-07-26 06:00:00,1883.40000000,1885.39000000,1878.46000000,1884.95000000,3176.67400000,2026-07-26 06:59:59.999,5978817.71454000,24355,1497.47490000,2818738.25838100,0
2026-07-26 07:00:00,1884.95000000,1886.29000000,1880.51000000,1881.56000000,2139.95110000,2026-07-26 07:59:59.999,4028763.75169900,19729,873.63000000,1644711.16587800,0
2026-07-26 08:00:00,1881.57000000,1882.49000000,1878.74000000,1881.42000000,2218.89240000,2026-07-26 08:59:59.999,4172635.10633900,20790,740.33430000,1392448.71690600,0
2026-07-26 09:00:00,1881.42000000,1885.76000000,1881.22000000,1883.80000000,2491.53470000,2026-07-26 09:59:59.999,4694015.54572400,27568,1384.46060000,2608313.38343600,0
2026-07-26 10:00:00,1883.80000000,1887.70000000,1882.01000000,1886.22000000,2816.09260000,2026-07-26 10:59:59.999,5309722.40128100,29001,1523.34940000,2872213.79201900,0
2026-07-26 11:00:00,1886.21000000,1887.89000000,1884.78000000,1885.87000000,2075.41220000,2026-07-26 11:59:59.999,3915607.42399100,27694,1049.75530000,1980487.94630800,0
2026-07-26 12:00:00,1885.87000000,1893.89000000,1885.68000000,1886.57000000,5314.20720000,2026-07-26 12:59:59.999,10039952.95259300,57480,2781.91580000,5255918.55909300,0
2026-07-26 13:00:00,1886.57000000,1888.86000000,1881.61000000,1886.62000000,5619.07930000,2026-07-26 13:59:59.999,10596465.86693400,47445,2365.77510000,4461345.90790500,0
2026-07-26 14:00:00,1886.62000000,1900.31000000,1886.61000000,1898.59000000,8707.35300000,2026-07-26 14:59:59.999,16504968.89619900,109570,4920.90880000,9327204.03184800,0
2026-07-26 15:00:00,1898.58000000,1917.82000000,1898.06000000,1914.63000000,14677.35780000,2026-07-26 15:59:59.999,28023922.00625300,159880,8005.97690000,15287102.02552000,0
2026-07-26 16:00:00,1914.63000000,1928.08000000,1908.75000000,1916.20000000,15888.94400000,2026-07-26 16:59:59.999,30495035.32742200,151783,7771.24870000,14919420.68845600,0
2026-07-26 17:00:00,1916.19000000,1917.77000000,1910.80000000,1911.23000000,4119.58110000,2026-07-26 17:59:59.999,7885652.08568800,64168,1678.55440000,3213388.17449800,0
2026-07-26 18:00:00,1911.23000000,1916.53000000,1911.05000000,1914.49000000,3715.16350000,2026-07-26 18:59:59.999,7108892.96988800,40558,2102.56240000,4023335.81236900,0
2026-07-26 19:00:00,1914.49000000,1915.86000000,1912.09000000,1914.20000000,4682.41600000,2026-07-26 19:59:59.999,8959367.76119100,38745,2306.74660000,4413607.77341200,0
2026-07-26 20:00:00,1914.21000000,1914.56000000,1911.14000000,1913.80000000,2328.08840000,2026-07-26 20:59:59.999,4453700.67179900,29098,1359.02430000,2599868.47977200,0
2026-07-26 21:00:00,1913.79000000,1930.00000000,1913.79000000,1925.91000000,8394.03620000,2026-07-26 21:59:59.999,16141500.16577500,103198,4787.73140000,9202769.86954600,0
2026-07-26 22:00:00,1925.91000000,1953.03000000,1925.91000000,1949.81000000,23344.92930000,2026-07-26 22:59:59.999,45337022.81407400,219536,13102.66130000,25452499.29852900,0
2026-07-26 23:00:00,1949.81000000,1967.36000000,1945.99000000,1954.72000000,25239.85490000,2026-07-26 23:59:59.999,49370721.23888800,179614,13182.93660000,25798401.41561600,0
2026-07-27 00:00:00,1954.72000000,1955.42000000,1939.67000000,1942.54000000,10815.73640000,2026-07-27 00:59:59.999,21044288.81730000,126215,4869.03140000,9475233.30508000,0
2026-07-27 01:00:00,1942.54000000,1948.46000000,1936.51000000,1948.20000000,8651.07200000,2026-07-27 01:59:59.999,16815607.16223800,124558,4119.70620000,8009446.97628900,0
2026-07-27 02:00:00,1948.20000000,1949.15000000,1941.48000000,1943.10000000,8333.06690000,2026-07-27 02:59:59.999,16216426.37265000,69839,4468.84280000,8696141.48371300,0
2026-07-27 03:00:00,1943.09000000,1950.78000000,1942.42000000,1949.64000000,6458.33030000,2026-07-27 03:59:59.999,12568929.18907100,41745,4065.73340000,7912533.41957400,0
2026-07-27 04:00:00,1949.65000000,1962.77000000,1948.54000000,1953.43000000,13061.70900000,2026-07-27 04:59:59.999,25533890.21258800,106815,8219.39480000,16067610.31443700,0
2026-07-27 05:00:00,1953.43000000,1970.43000000,1952.63000000,1965.65000000,15079.60060000,2026-07-27 05:59:59.999,29586446.79433400,80096,8542.86770000,16764254.32028000,0
2026-07-27 06:00:00,1965.65000000,1981.24000000,1963.64000000,1968.45000000,25003.72400000,2026-07-27 06:59:59.999,49307890.48243700,183111,15002.42850000,29591387.31956100,0
2026-07-27 07:00:00,1968.45000000,1971.70000000,1960.86000000,1964.36000000,16580.04340000,2026-07-27 07:59:59.999,32615947.02806400,107087,5887.27430000,11583190.46063900,0
2026-07-27 08:00:00,1964.37000000,1968.75000000,1961.81000000,1964.25000000,8606.94370000,2026-07-27 08:59:59.999,16920939.30174600,92869,4246.23380000,8347954.95215400,0
2026-07-27 09:00:00,1964.25000000,1968.29000000,1956.87000000,1965.19000000,10222.23780000,2026-07-27 09:59:59.999,20057639.65709900,85764,4862.93130000,9544027.71070300,0
2026-07-27 10:00:00,1965.19000000,1972.00000000,1963.80000000,1967.43000000,6133.27760000,2026-07-27 10:59:59.999,12067326.00172100,56175,3539.04910000,6963014.24273500,0
2026-07-27 11:00:00,1967.42000000,1967.43000000,1958.11000000,1959.67000000,7353.35440000,2026-07-27 11:59:59.999,14431515.82115400,73904,3553.72070000,6975461.66922200,0
2026-07-27 12:00:00,1959.67000000,1964.60000000,1943.00000000,1957.59000000,14137.41860000,2026-07-27 12:59:59.999,27609582.90478000,117926,6969.93440000,13615796.02433900,0
2026-07-27 13:00:00,1957.60000000,1977.99000000,1950.95000000,1961.16000000,31081.09970000,2026-07-27 13:59:59.999,61050513.18417300,323458,14226.61070000,27959879.90652200,0
2026-07-27 14:00:00,1961.18000000,1966.99000000,1919.09000000,1932.30000000,38196.37830000,2026-07-27 14:59:59.999,74081743.46056400,384625,16445.97090000,31890056.32356700,0
2026-07-27 15:00:00,1932.30000000,1937.87000000,1924.83000000,1927.75000000,16079.64530000,2026-07-27 15:59:59.999,31039973.01894900,224473,6260.43240000,12088112.31174900,0
2026-07-27 16:00:00,1927.74000000,1946.90000000,1922.65000000,1940.57000000,11388.97310000,2026-07-27 16:59:59.999,22049385.52095300,127614,5820.88580000,11272708.61394700,0
2026-07-27 17:00:00,1940.57000000,1946.06000000,1935.10000000,1943.71000000,8370.84050000,2026-07-27 17:59:59.999,16256585.79340000,110093,4520.71080000,8781308.99412200,0
2026-07-27 18:00:00,1943.72000000,1944.66000000,1929.20000000,1939.20000000,6892.74770000,2026-07-27 18:59:59.999,13345558.96117100,80766,3299.19060000,6386605.94276700,0
2026-07-27 19:00:00,1939.21000000,1955.41000000,1937.75000000,1948.31000000,10768.37530000,2026-07-27 19:59:59.999,20982256.49096800,113281,5775.84870000,11253338.45885900,0
2026-07-27 20:00:00,1948.32000000,1950.54000000,1943.69000000,1946.87000000,4740.17330000,2026-07-27 20:59:59.999,9227292.68837300,65563,2180.90400000,4245471.91520400,0
2026-07-27 21:00:00,1946.88000000,1950.10000000,1940.58000000,1941.90000000,13531.15770000,2026-07-27 21:59:59.999,26322906.15777300,82385,6274.23040000,12201093.81899600,0
2026-07-27 22:00:00,1941.89000000,1941.90000000,1892.33000000,1893.60000000,26543.04900000,2026-07-27 22:59:59.999,50829206.52000700,193870,7874.75470000,15084256.23238200,0
2026-07-27 23:00:00,1893.61000000,1896.19000000,1882.49000000,1892.53000000,24422.52540000,2026-07-27 23:59:59.999,46150785.59724200,223511,11376.43180000,21502984.22109100,0
2026-07-28 00:00:00,1892.53000000,1894.45000000,1877.02000000,1878.86000000,20791.77300000,2026-07-28 00:59:59.999,39169303.94322600,139585,10320.27990000,19440522.04129600,0
2026-07-28 01:00:00,1878.86000000,1882.77000000,1866.31000000,1875.90000000,14824.19500000,2026-07-28 01:59:59.999,27791823.37232000,149192,6754.00090000,12666448.93778200,0
2026-07-28 02:00:00,1875.90000000,1880.46000000,1872.35000000,1876.00000000,5895.05830000,2026-07-28 02:59:59.999,11062881.22904900,62062,3326.73560000,6244234.34220100,0
2026-07-28 03:00:00,1876.01000000,1883.26000000,1873.11000000,1881.38000000,8483.74490000,2026-07-28 03:59:59.999,15943364.30382000,72515,4273.28420000,8030631.39311200,0
2026-07-28 04:00:00,1881.37000000,1882.84000000,1876.48000000,1879.18000000,6743.71280000,2026-07-28 04:59:59.999,12678210.01343800,72235,2892.24520000,5437763.80733600,0
2026-07-28 05:00:00,1879.18000000,1889.66000000,1878.46000000,1883.16000000,8292.36950000,2026-07-28 05:59:59.999,15634292.53013300,65412,3860.18690000,7277619.08468000,0
2026-07-28 06:00:00,1883.16000000,1888.82000000,1878.54000000,1888.62000000,10515.69500000,2026-07-28 06:59:59.999,19809593.18731200,65480,4179.90910000,7877520.43467500,0
2026-07-28 07:00:00,1888.62000000,1888.97000000,1880.92000000,1883.83000000,7707.20780000,2026-07-28 07:59:59.999,14526943.32095300,55513,3875.24560000,7303699.15818400,0
2026-07-28 08:00:00,1883.84000000,1885.85000000,1880.40000000,1884.50000000,8547.88180000,2026-07-28 08:59:59.999,16094049.58958200,69948,5267.02670000,9915813.01768500,0
2026-07-28 09:00:00,1884.50000000,1885.12000000,1874.81000000,1876.44000000,6605.99780000,2026-07-28 09:59:59.999,12430062.47416700,63415,2525.56780000,4751968.68834400,0
2026-07-28 10:00:00,1876.43000000,1881.00000000,1873.75000000,1878.79000000,5710.99600000,2026-07-28 10:59:59.999,10723421.09780800,74149,2856.52490000,5363230.82980800,0
2026-07-28 11:00:00,1878.80000000,1882.02000000,1872.00000000,1876.68000000,9475.71300000,2026-07-28 11:59:59.999,17776230.83308900,88794,3496.47350000,6560335.05390400,0
2026-07-28 12:00:00,1876.69000000,1893.34000000,1874.63000000,1892.48000000,12503.87530000,2026-07-28 12:59:59.999,23558506.24892900,108569,6824.67510000,12862199.76165800,0
2026-07-28 13:00:00,1892.48000000,1896.28000000,1856.88000000,1874.08000000,26917.95090000,2026-07-28 13:59:59.999,50455254.62923300,224916,10581.10090000,19839750.29445500,0
2026-07-28 14:00:00,1874.08000000,1893.46000000,1867.74000000,1888.95000000,20017.66620000,2026-07-28 14:59:59.999,37652560.18510200,219144,11677.31180000,21975806.74125200,0
2026-07-28 15:00:00,1888.96000000,1924.41000000,1884.56000000,1920.02000000,35311.46670000,2026-07-28 15:59:59.999,67403053.21865700,249160,19831.65430000,37883500.31328500,0
2026-07-28 16:00:00,1920.02000000,1928.95000000,1914.52000000,1925.92000000,15042.01520000,2026-07-28 16:59:59.999,28892741.28428800,137613,8498.68650000,16329913.70558800,0
2026-07-28 17:00:00,1925.92000000,1925.92000000,1892.71000000,1901.89000000,19307.10250000,2026-07-28 17:59:59.999,36801914.69460000,160229,7928.56470000,15108983.40666700,0
2026-07-28 18:00:00,1901.90000000,1914.93000000,1901.60000000,1911.22000000,8918.58870000,2026-07-28 18:59:59.999,17033053.36239200,95769,5244.36150000,10015739.53287800,0
2026-07-28 19:00:00,1911.22000000,1922.23000000,1911.22000000,1922.23000000,8496.52770000,2026-07-28 19:59:59.999,16292147.90316500,68288,4322.69970000,8290349.54445700,0
2026-07-28 20:00:00,1922.24000000,1923.84000000,1916.16000000,1918.57000000,6013.75210000,2026-07-28 20:59:59.999,11544241.08772500,48405,2794.99450000,5365465.44789100,0
2026-07-28 21:00:00,1918.57000000,1929.67000000,1918.47000000,1923.95000000,6371.01410000,2026-07-28 21:59:59.999,12253119.65685600,50564,3411.24510000,6561811.51945100,0
2026-07-28 22:00:00,1923.96000000,1927.10000000,1910.10000000,1911.90000000,7483.91350000,2026-07-28 22:59:59.999,14351236.27228600,84029,3087.07590000,5921398.74612500,0
2026-07-28 23:00:00,1911.90000000,1923.10000000,1904.06000000,1922.23000000,9246.94510000,2026-07-28 23:59:59.999,17690642.92447000,80210,4274.96580000,8183048.67905700,0
2026-07-29 00:00:00,1922.22000000,1928.51000000,1916.34000000,1917.27000000,9538.21440000,2026-07-29 00:59:59.999,18337297.57927500,103013,5196.13370000,9990658.10951700,0
2026-07-29 01:00:00,1917.27000000,1918.16000000,1905.00000000,1905.70000000,7132.14480000,2026-07-29 01:59:59.999,13632341.26044400,142461,2888.23310000,5522385.36453500,0
2026-07-29 02:00:00,1905.69000000,1919.67000000,1901.17000000,1911.10000000,7118.79920000,2026-07-29 02:59:59.999,13598655.62723100,107146,3808.04760000,7276095.15835600,0
2026-07-29 03:00:00,1911.11000000,1913.04000000,1891.17000000,1892.70000000,9925.20360000,2026-07-29 03:59:59.999,18872811.85169600,111184,4472.29380000,8506094.97991900,0
2026-07-29 04:00:00,1892.70000000,1906.43000000,1884.51000000,1905.52000000,14039.28850000,2026-07-29 04:59:59.999,26601494.77308500,135133,7344.76810000,13921832.22885600,0
2026-07-29 05:00:00,1905.52000000,1914.99000000,1903.53000000,1912.54000000,6767.14370000,2026-07-29 05:59:59.999,12922205.23865800,71126,3419.76410000,6529046.52289100,0
2026-07-29 06:00:00,1912.53000000,1921.71000000,1908.89000000,1920.18000000,8086.86350000,2026-07-29 06:59:59.999,15501102.46910900,77598,4738.90810000,9084286.92996200,0
2026-07-29 07:00:00,1920.19000000,1925.68000000,1914.10000000,1924.71000000,10093.03800000,2026-07-29 07:59:59.999,19372042.39071700,54121,5465.32520000,10493118.34053100,0
2026-07-29 08:00:00,1924.71000000,1925.35000000,1912.11000000,1915.08000000,6863.44000000,2026-07-29 08:59:59.999,13156890.49362000,57185,2813.09180000,5392223.08615800,0
2026-07-29 09:00:00,1915.08000000,1924.73000000,1914.94000000,1922.31000000,8027.99760000,2026-07-29 09:59:59.999,15417326.62227200,78741,3787.30900000,7274671.69504600,0
2026-07-29 10:00:00,1922.31000000,1922.58000000,1910.00000000,1912.16000000,9505.43100000,2026-07-29 10:59:59.999,18237099.12114200,60801,3727.50350000,7152656.03343300,0
2026-07-29 11:00:00,1912.16000000,1917.07000000,1910.35000000,1915.26000000,5128.91070000,2026-07-29 11:59:59.999,9815041.68959000,45298,1951.80080000,3735392.88304300,0
2026-07-29 12:00:00,1915.26000000,1915.27000000,1902.30000000,1905.23000000,10435.50740000,2026-07-29 12:59:59.999,19905563.12385400,105042,4326.99710000,8253108.09771200,0
2026-07-29 13:00:00,1905.23000000,1911.67000000,1895.59000000,1909.24000000,16853.34850000,2026-07-29 13:59:59.999,32099227.16363400,207559,8392.14480000,15987907.53477800,0
2026-07-29 14:00:00,1909.24000000,1911.46000000,1891.39000000,1895.23000000,19095.00940000,2026-07-29 14:59:59.999,36263401.59613000,200218,9718.63690000,18459045.29848600,0
2026-07-29 15:00:00,1895.23000000,1898.84000000,1887.31000000,1892.11000000,16820.41550000,2026-07-29 15:59:59.999,31861509.11809900,154252,7225.23910000,13691147.34040300,0
2026-07-29 16:00:00,1892.11000000,1899.50000000,1887.75000000,1895.40000000,10335.00270000,2026-07-29 16:59:59.999,19565073.04903700,104138,4218.03270000,7985529.04657300,0
2026-07-29 17:00:00,1895.40000000,1917.29000000,1894.51000000,1916.16000000,12310.87420000,2026-07-29 17:59:59.999,23433171.01617800,126515,7088.46990000,13496700.05696900,0
2026-07-29 18:00:00,1916.15000000,1935.68000000,1894.22000000,1920.55000000,37572.39340000,2026-07-29 18:59:59.999,72089831.76334700,424000,21326.74930000,40930515.08672200,0
2026-07-29 19:00:00,1920.56000000,1922.74000000,1883.70000000,1888.56000000,24739.42930000,2026-07-29 19:59:59.999,47036963.76844000,237009,10973.37590000,20867178.88053200,0
2026-07-29 20:00:00,1888.57000000,1891.99000000,1878.14000000,1884.15000000,16727.90890000,2026-07-29 20:59:59.999,31535961.03857000,150690,7151.14610000,13488031.41799300,0
2026-07-29 21:00:00,1884.16000000,1898.39000000,1872.00000000,1898.38000000,13782.38960000,2026-07-29 21:59:59.999,25996838.61710700,118699,6273.59090000,11838582.75423900,0
2026-07-29 22:00:00,1898.39000000,1911.61000000,1898.28000000,1907.18000000,9723.74960000,2026-07-29 22:59:59.999,18537850.91017200,107196,5528.71190000,10538898.66609200,0
2026-07-29 23:00:00,1907.18000000,1913.17000000,1902.68000000,1910.72000000,7939.84050000,2026-07-29 23:59:59.999,15143309.40916100,71744,4863.19110000,9274751.71971100,0
2026-07-30 00:00:00,1910.72000000,1914.81000000,1893.99000000,1898.22000000,7739.57370000,2026-07-30 00:59:59.999,14746633.17602200,120608,3290.02810000,6270325.83706800,0
2026-07-30 01:00:00,1898.22000000,1921.92000000,1897.49000000,1916.77000000,12720.65060000,2026-07-30 01:59:59.999,24320004.38321200,109996,8346.43750000,15959966.03103100,0
2026-07-30 02:00:00,1916.77000000,1920.00000000,1910.29000000,1911.11000000,7594.28300000,2026-07-30 02:59:59.999,14548547.44638300,79048,3712.51260000,7114129.10764900,0
2026-07-30 03:00:00,1911.12000000,1915.30000000,1907.65000000,1909.99000000,4747.09820000,2026-07-30 03:59:59.999,9073439.09121300,57179,2074.96870000,3966255.33037400,0
2026-07-30 04:00:00,1910.00000000,1910.93000000,1901.87000000,1901.99000000,9789.74560000,2026-07-30 04:59:59.999,18659338.49699300,66337,4412.99070000,8410774.13612000,0
2026-07-30 05:00:00,1902.00000000,1909.67000000,1900.18000000,1906.34000000,6499.91850000,2026-07-30 05:59:59.999,12375684.10081900,90322,3364.50350000,6405831.60423000,0
2026-07-30 06:00:00,1906.34000000,1906.95000000,1899.59000000,1901.32000000,4978.14870000,2026-07-30 06:59:59.999,9474977.26621300,63521,2238.79710000,4261487.72559900,0
2026-07-30 07:00:00,1901.33000000,1908.12000000,1900.43000000,1903.25000000,7853.25200000,2026-07-30 07:59:59.999,14956800.72437100,78245,4997.35790000,9517859.10011400,0
2026-07-30 08:00:00,1903.26000000,1917.95000000,1900.51000000,1914.99000000,9068.47090000,2026-07-30 08:59:59.999,17333009.27488200,121064,4722.81180000,9025555.20479900,0
2026-07-30 09:00:00,1914.99000000,1924.25000000,1914.06000000,1918.16000000,9956.91970000,2026-07-30 09:59:59.999,19104451.43198100,109123,4701.62710000,9022017.18350600,0
2026-07-30 10:00:00,1918.15000000,1921.90000000,1916.70000000,1918.26000000,4999.18330000,2026-07-30 10:59:59.999,9595052.19781400,51674,2526.88360000,4849598.51308100,0
2026-07-30 11:00:00,1918.27000000,1926.44000000,1916.70000000,1923.22000000,4846.65660000,2026-07-30 11:59:59.999,9313007.20115200,50589,2506.56700000,4817745.69482600,0
2026-07-30 12:00:00,1923.25000000,1928.00000000,1919.79000000,1925.23000000,6901.92580000,2026-07-30 12:59:59.999,13278942.07325900,72232,3877.56960000,7461721.50588500,0
2026-07-30 13:00:00,1925.24000000,1936.99000000,1917.15000000,1929.86000000,12236.73040000,2026-07-30 13:59:59.999,23592746.98726100,184514,6603.65980000,12734516.63245200,0
2026-07-30 14:00:00,1929.86000000,1930.20000000,1913.49000000,1917.40000000,15517.41340000,2026-07-30 14:59:59.999,29805024.25286500,134414,6169.36910000,11849115.03524700,0
2026-07-30 15:00:00,1917.41000000,1924.16000000,1914.67000000,1918.90000000,7141.67160000,2026-07-30 15:59:59.999,13698811.68535000,88935,3308.81050000,6347173.59497400,0
2026-07-30 16:00:00,1918.90000000,1925.98000000,1915.97000000,1919.38000000,5548.85420000,2026-07-30 16:59:59.999,10661829.15294400,63200,2765.93040000,5315172.90806500,0
2026-07-30 17:00:00,1919.37000000,1925.40000000,1916.28000000,1920.88000000,6281.46980000,2026-07-30 17:59:59.999,12069317.82792800,75459,3255.65120000,6255988.45019800,0
2026-07-30 18:00:00,1920.88000000,1922.73000000,1914.81000000,1916.29000000,3955.18230000,2026-07-30 18:59:59.999,7589742.74749100,39296,1772.85050000,3402312.56896900,0
2026-07-30 19:00:00,1916.30000000,1929.34000000,1916.00000000,1923.68000000,6300.45530000,2026-07-30 19:59:59.999,12124348.85450500,49810,3215.90660000,6187188.45829600,0
2026-07-30 20:00:00,1923.69000000,1927.40000000,1920.00000000,1921.68000000,4077.98520000,2026-07-30 20:59:59.999,7844138.75582000,45350,2213.07070000,4256852.24183700,0
2026-07-30 21:00:00,1921.69000000,1924.56000000,1917.23000000,1918.67000000,2954.97790000,2026-07-30 21:59:59.999,5677242.65139600,28712,1439.77900000,2765899.17090400,0
2026-07-30 22:00:00,1918.66000000,1933.41000000,1916.00000000,1925.63000000,6105.42280000,2026-07-30 22:59:59.999,11766568.86345000,77471,3082.15520000,5940351.47462500,0
2026-07-30 23:00:00,1925.62000000,1936.79000000,1918.07000000,1918.31000000,8715.69230000,2026-07-30 23:59:59.999,16790103.05562500,80050,4029.51560000,7764587.94152400,0
2026-07-31 00:00:00,1918.32000000,1922.09000000,1915.02000000,1917.15000000,7565.32090000,2026-07-31 00:59:59.999,14508549.88789100,68331,3856.57440000,7394889.02933700,0
2026-07-31 01:00:00,1917.15000000,1936.15000000,1906.79000000,1910.36000000,16082.18790000,2026-07-31 01:59:59.999,30912369.73119000,171721,7578.56990000,14574478.35031300,0
2026-07-31 02:00:00,1910.35000000,1912.00000000,1901.60000000,1904.15000000,6723.69320000,2026-07-31 02:59:59.999,12813303.88362400,79228,2972.96610000,5665345.30367600,0
2026-07-31 03:00:00,1904.15000000,1911.60000000,1899.09000000,1908.90000000,8585.88260000,2026-07-31 03:59:59.999,16365613.25598800,57406,4969.10350000,9475439.03393300,0
2026-07-31 04:00:00,1908.90000000,1909.49000000,1903.24000000,1905.96000000,3562.04320000,2026-07-31 04:59:59.999,6789362.99686500,39351,1569.85300000,2992260.06379100,0
2026-07-31 05:00:00,1905.97000000,1909.10000000,1901.49000000,1906.13000000,3830.96340000,2026-07-31 05:59:59.999,7299793.11179200,50562,1572.63420000,2996805.67148100,0
2026-07-31 06:00:00,1906.14000000,1911.16000000,1900.30000000,1902.61000000,4344.43450000,2026-07-31 06:59:59.999,8278700.48806700,49503,2453.58110000,4676116.36033000,0
2026-07-31 07:00:00,1902.60000000,1902.78000000,1884.53000000,1890.20000000,16831.51140000,2026-07-31 07:59:59.999,31816771.41617100,139076,7484.82630000,14147175.89990500,0
2026-07-31 08:00:00,1890.20000000,1893.33000000,1888.22000000,1890.45000000,9163.76080000,2026-07-31 08:59:59.999,17326642.98268500,53315,4772.56100000,9023782.46994800,0
2026-07-31 09:00:00,1890.45000000,1891.26000000,1881.42000000,1883.74000000,10359.24770000,2026-07-31 09:59:59.999,19545228.09683200,62076,2844.12140000,5364198.11448100,0
2026-07-31 10:00:00,1883.73000000,1890.16000000,1877.93000000,1887.12000000,6960.12990000,2026-07-31 10:59:59.999,13116171.44452400,65469,2941.34930000,5544569.47634000,0
2026-07-31 11:00:00,1887.12000000,1889.83000000,1882.49000000,1884.26000000,9120.41360000,2026-07-31 11:59:59.999,17197054.85285700,44737,2688.16240000,5068963.92178100,0
2026-07-31 12:00:00,1884.27000000,1884.82000000,1873.61000000,1882.92000000,11994.96950000,2026-07-31 12:59:59.999,22528773.40621500,69189,3992.86340000,7499375.36991300,0
2026-07-31 13:00:00,1882.93000000,1890.61000000,1865.00000000,1867.12000000,17383.30010000,2026-07-31 13:59:59.999,32632005.11425800,192842,7916.04160000,14870691.93332000,0
2026-07-31 14:00:00,1867.13000000,1870.29000000,1848.70000000,1860.19000000,45592.39770000,2026-07-31 14:59:59.999,84848374.19773400,389594,21990.32840000,40940112.31096900,0
2026-07-31 15:00:00,1860.20000000,1866.53000000,1854.77000000,1862.94000000,15413.44630000,2026-07-31 15:59:59.999,28670177.94878200,195655,6391.25250000,11889828.27526400,0
2026-07-31 16:00:00,1862.93000000,1867.32000000,1860.83000000,1864.57000000,10901.03910000,2026-07-31 16:59:59.999,20315614.60097200,117641,3945.31700000,7353299.16928700,0
2026-07-31 17:00:00,1864.57000000,1878.14000000,1863.26000000,1875.01000000,9319.64140000,2026-07-31 17:59:59.999,17428855.27842900,75708,3875.51970000,7253942.10485600,0
2026-07-31 18:00:00,1875.01000000,1876.74000000,1864.95000000,1871.83000000,4001.66270000,2026-07-31 18:59:59.999,7489220.38148100,50113,1972.09830000,3691519.09148700,0
2026-07-31 19:00:00,1871.82000000,1874.04000000,1865.38000000,1868.19000000,6567.60970000,2026-07-31 19:59:59.999,12268368.91655400,55592,2376.25060000,4439602.79239600,0
2026-07-31 20:00:00,1868.19000000,1870.73000000,1861.60000000,1862.25000000,5039.95440000,2026-07-31 20:59:59.999,9406467.25606800,55696,2026.45090000,3781836.68286300,0
2026-07-31 21:00:00,1862.25000000,1864.83000000,1859.64000000,1861.81000000,4404.16470000,2026-07-31 21:59:59.999,8202146.29825100,51314,1849.45130000,3444304.79705900,0
2026-07-31 22:00:00,1861.81000000,1865.56000000,1858.80000000,1861.49000000,6218.89520000,2026-07-31 22:59:59.999,11586555.14939500,42199,1799.90850000,3352581.09981700,0
2026-07-31 23:00:00,1861.49000000,1864.77000000,1860.95000000,1862.60000000,2938.11660000,2026-07-31 23:59:59.999,5474178.93871300,32816,1312.36080000,2445011.80464200,0
2026-08-01 00:00:00,1862.60000000,1867.64000000,1862.38000000,1864.70000000,4320.59220000,2026-08-01 00:59:59.999,8059269.74173200,40804,1900.93540000,3546490.61012500,0
2026-08-01 01:00:00,1864.69000000,1867.51000000,1864.69000000,1867.03000000,2874.57580000,2026-08-01 01:59:59.999,5365511.49027500,19955,1649.30510000,3078524.19848700,0
2026-08-01 02:00:00,1867.03000000,1870.00000000,1866.74000000,1868.25000000,1629.94060000,2026-08-01 02:59:59.999,3045208.33520200,14738,801.71940000,1497879.95153300,0
2026-08-01 03:00:00,1868.25000000,1869.89000000,1866.47000000,1869.88000000,1797.94060000,2026-08-01 03:59:59.999,3359289.89299400,12318,873.66700000,1632421.52042700,0
2026-08-01 04:00:00,1869.88000000,1870.53000000,1867.13000000,1869.76000000,1890.54880000,2026-08-01 04:59:59.999,3534049.52885800,11214,807.75740000,1510277.20894100,0
2026-08-01 05:00:00,1869.76000000,1871.05000000,1865.34000000,1867.59000000,2681.18960000,2026-08-01 05:59:59.999,5009353.54819000,12917,1045.21010000,1952628.65473300,0
2026-08-01 06:00:00,1867.58000000,1871.21000000,1866.46000000,1870.50000000,2375.60400000,2026-08-01 06:59:59.999,4441374.31944900,13680,1261.91830000,2359480.52687700,0
2026-08-01 07:00:00,1870.50000000,1871.98000000,1868.49000000,1869.80000000,2112.78990000,2026-08-01 07:59:59.999,3951129.62955700,16997,1159.71150000,2168885.88172400,0
2026-08-01 08:00:00,1869.81000000,1870.28000000,1867.60000000,1869.49000000,1883.94800000,2026-08-01 08:59:59.999,3520874.41190500,14130,943.18450000,1762597.31116500,0
2026-08-01 09:00:00,1869.50000000,1870.74000000,1867.59000000,1867.93000000,2411.82890000,2026-08-01 09:59:59.999,4508881.65510200,21277,1295.89640000,2422592.33571900,0
2026-08-01 10:00:00,1867.94000000,1869.11000000,1863.10000000,1867.35000000,7323.61470000,2026-08-01 10:59:59.999,13662298.89456900,40201,3594.93640000,6706965.97060200,0
2026-08-01 11:00:00,1867.36000000,1867.77000000,1865.79000000,1866.90000000,5035.63510000,2026-08-01 11:59:59.999,9400277.17822200,16827,2070.42400000,3864851.45846000,0
2026-08-01 12:00:00,1866.90000000,1870.00000000,1866.89000000,1869.06000000,2013.37820000,2026-08-01 12:59:59.999,3761668.96240100,23710,1076.63310000,2011477.23754900,0
2026-08-01 13:00:00,1869.07000000,1869.60000000,1867.54000000,1869.28000000,1883.48120000,2026-08-01 13:59:59.999,3519802.23282300,15475,974.55010000,1821244.50042000,0
2026-08-01 14:00:00,1869.29000000,1875.33000000,1869.25000000,1875.18000000,4139.18140000,2026-08-01 14:59:59.999,7748617.68161000,27739,2248.31240000,4208806.25155200,0
2026-08-01 15:00:00,1875.18000000,1875.45000000,1870.07000000,1870.09000000,3029.88050000,2026-08-01 15:59:59.999,5672702.71902500,27255,1089.96800000,2040961.53810900,0
2026-08-01 16:00:00,1870.10000000,1873.60000000,1866.47000000,1868.79000000,2510.60590000,2026-08-01 16:59:59.999,4694699.29887700,27068,1224.06060000,2289216.61701100,0
2026-08-01 17:00:00,1868.79000000,1870.25000000,1857.41000000,1862.07000000,4950.83850000,2026-08-01 17:59:59.999,9225159.48525300,58716,1989.44700000,3705411.11977700,0
2026-08-01 18:00:00,1862.06000000,1863.03000000,1822.06000000,1836.81000000,30668.78090000,2026-08-01 18:59:59.999,56429784.71716100,237814,12835.74840000,23602065.49180200,0
2026-08-01 19:00:00,1836.80000000,1840.58000000,1834.20000000,1837.30000000,6052.42540000,2026-08-01 19:59:59.999,11122633.76868600,75925,2216.28440000,4072657.23012500,0
2026-08-01 20:00:00,1837.29000000,1840.48000000,1833.07000000,1838.41000000,5521.29180000,2026-08-01 20:59:59.999,10139236.76686600,42655,2065.99460000,3795178.52286500,0
2026-08-01 21:00:00,1838.41000000,1845.96000000,1836.61000000,1845.78000000,5894.90770000,2026-08-01 21:59:59.999,10855868.26406500,51331,2663.89790000,4906897.59910000,0
2026-08-01 22:00:00,1845.79000000,1849.26000000,1844.76000000,1847.28000000,2856.17860000,2026-08-01 22:59:59.999,5276663.07887600,35025,1157.29580000,2137896.08380500,0
2026-08-01 23:00:00,1847.28000000,1849.10000000,1843.39000000,1844.94000000,3027.82950000,2026-08-01 23:59:59.999,5588158.20289600,22829,1061.05360000,1958334.81477600,0
2026-08-02 00:00:00,1844.95000000,1849.70000000,1843.67000000,1846.69000000,4031.20870000,2026-08-02 00:59:59.999,7443219.26834800,24804,1496.76900000,2763990.33403800,0
2026-08-02 01:00:00,1846.69000000,1859.41000000,1846.69000000,1857.09000000,7392.10310000,2026-08-02 01:59:59.999,13711494.19758400,34232,3701.20920000,6862988.07947700,0
2026-08-02 02:00:00,1857.09000000,1884.69000000,1856.51000000,1876.90000000,17693.75960000,2026-08-02 02:59:59.999,33177039.74271900,142791,9967.05720000,18686645.33978000,0
2026-08-02 03:00:00,1876.90000000,1880.54000000,1874.32000000,1877.43000000,4976.34280000,2026-08-02 03:59:59.999,9341728.55149200,53311,2128.01710000,3994337.99418500,0
2026-08-02 04:00:00,1877.44000000,1882.67000000,1877.44000000,1881.22000000,4678.13170000,2026-08-02 04:59:59.999,8794508.02408900,31205,2404.04580000,4519164.77469100,0
2026-08-02 05:00:00,1881.21000000,1882.68000000,1875.26000000,1876.33000000,4198.76770000,2026-08-02 05:59:59.999,7884506.84352100,24181,1912.35050000,3591660.79129300,0
2026-08-02 06:00:00,1876.32000000,1879.33000000,1875.00000000,1877.54000000,3148.45840000,2026-08-02 06:59:59.999,5909571.72566300,16846,1488.91880000,2794434.89524800,0
2026-08-02 07:00:00,1877.54000000,1878.78000000,1875.67000000,1876.10000000,2714.39670000,2026-08-02 07:59:59.999,5096705.88160400,12139,1134.70550000,2130419.08828100,0
2026-08-02 08:00:00,1876.10000000,1879.00000000,1867.04000000,1868.20000000,5044.73120000,2026-08-02 08:59:59.999,9445851.32049700,33580,2119.94320000,3969436.30811600,0
2026-08-02 09:00:00,1868.19000000,1872.97000000,1862.30000000,1870.95000000,3014.65380000,2026-08-02 09:59:59.999,5634738.23810100,32715,1423.51080000,2661092.45597700,0
2026-08-02 10:00:00,1870.94000000,1871.13000000,1865.63000000,1868.75000000,1753.02720000,2026-08-02 10:59:59.999,3275889.62460600,17883,852.37730000,1592815.04441000,0
2026-08-02 11:00:00,1868.76000000,1869.74000000,1849.50000000,1852.58000000,8195.86410000,2026-08-02 11:59:59.999,15222310.46316300,62165,3340.91000000,6205923.10792000,0
2026-08-02 12:00:00,1852.65000000,1860.58000000,1852.46000000,1857.06000000,3764.41640000,2026-08-02 12:59:59.999,6990021.57525300,41411,2209.09990000,4101413.77273700,0
2026-08-02 13:00:00,1857.07000000,1858.05000000,1852.41000000,1854.89000000,2230.66750000,2026-08-02 13:59:59.999,4139517.47806100,39924,1187.48620000,2203483.81913800,0
2026-08-02 14:00:00,1854.88000000,1859.27000000,1852.42000000,1854.94000000,2752.81670000,2026-08-02 14:59:59.999,5109485.63741700,36033,1418.30460000,2632590.23070200,0
2026-08-02 15:00:00,1854.95000000,1863.05000000,1853.81000000,1858.82000000,2831.04970000,2026-08-02 15:59:59.999,5262406.31313100,32802,1747.00640000,3247362.39781700,0
2026-08-02 16:00:00,1858.82000000,1865.70000000,1856.03000000,1863.13000000,2850.25100000,2026-08-02 16:59:59.999,5306724.01234300,49536,1829.67090000,3406616.52027100,0
2026-08-02 17:00:00,1863.13000000,1870.57000000,1862.40000000,1868.65000000,3299.47410000,2026-08-02 17:59:59.999,6158395.43494200,30512,1970.22220000,3677029.63487700,0
2026-08-02 18:00:00,1868.64000000,1887.20000000,1868.49000000,1875.86000000,10697.25430000,2026-08-02 18:59:59.999,20100411.97752800,76810,6323.51000000,11882476.98891300,0
2026-08-02 19:00:00,1875.86000000,1883.93000000,1874.80000000,1882.20000000,4040.81190000,2026-08-02 19:59:59.999,7591529.37529600,47909,2274.95570000,4273404.93717900,0
2026-08-02 20:00:00,1882.20000000,1885.71000000,1879.61000000,1883.78000000,3060.42890000,2026-08-02 20:59:59.999,5761266.42920800,34467,1573.70630000,2962846.99431800,0
2026-08-02 21:00:00,1883.79000000,1898.50000000,1882.15000000,1890.43000000,8410.48180000,2026-08-02 21:59:59.999,15897955.20296100,94374,4776.19930000,9030362.44275800,0
2026-08-02 22:00:00,1890.44000000,1897.80000000,1880.50000000,1882.11000000,9510.33730000,2026-08-02 22:59:59.999,17980332.36105400,108668,5280.98890000,9987024.24111100,0
2026-08-02 23:00:00,1882.10000000,1885.68000000,1876.39000000,1885.36000000,3365.62860000,2026-08-02 23:59:59.999,6333698.68274900,51529,1942.16330000,3655127.18414500,0
2026-08-03 00:00:00,1885.36000000,1885.95000000,1871.68000000,1873.87000000,4671.49070000,2026-08-03 00:59:59.999,8772784.03834600,59704,1703.79550000,3198468.28222200,0
2026-08-03 01:00:00,1873.86000000,1875.52000000,1866.00000000,1867.19000000,4120.46840000,2026-08-03 01:59:59.999,7707184.07455600,69028,1965.62050000,3676952.95268900,0
2026-08-03 02:00:00,1867.19000000,1872.00000000,1862.90000000,1864.51000000,4058.06050000,2026-08-03 02:59:59.999,7575898.26043200,57684,1635.01860000,3052414.88618600,0
2026-08-03 03:00:00,1864.51000000,1865.71000000,1851.05000000,1857.22000000,5297.84040000,2026-08-03 03:59:59.999,9850586.12411300,46798,2078.02960000,3864035.90433200,0
2026-08-03 04:00:00,1857.21000000,1863.14000000,1854.81000000,1854.97000000,3716.61990000,2026-08-03 04:59:59.999,6911352.45984500,52380,1378.66200000,2563734.46757500,0
2026-08-03 05:00:00,1854.97000000,1860.91000000,1853.55000000,1859.88000000,4111.39520000,2026-08-03 05:59:59.999,7637450.96642400,48238,2189.74870000,4068689.74039800,0
2026-08-03 06:00:00,1859.88000000,1861.11000000,1846.38000000,1849.28000000,7050.06200000,2026-08-03 06:59:59.999,13061681.73525900,63777,3196.23820000,5921834.22698700,0
2026-08-03 07:00:00,1849.29000000,1849.94000000,1840.00000000,1843.97000000,12612.23200000,2026-08-03 07:59:59.999,23264423.06724200,81307,6055.32270000,11169408.73875700,0
2026-08-03 08:00:00,1843.96000000,1845.57000000,1828.62000000,1840.32000000,15329.10920000,2026-08-03 08:59:59.999,28143284.55419700,136761,6660.89370000,12227283.91637200,0
2026-08-03 09:00:00,1840.32000000,1853.91000000,1839.35000000,1852.63000000,8512.85960000,2026-08-03 09:59:59.999,15699192.27187000,63792,4507.67020000,8314034.75366600,0
2026-08-03 10:00:00,1852.62000000,1854.46000000,1841.55000000,1846.24000000,7708.79260000,2026-08-03 10:59:59.999,14251046.17147300,61847,3415.95470000,6316666.09477100,0
2026-08-03 11:00:00,1846.24000000,1847.88000000,1838.48000000,1839.89000000,4323.40950000,2026-08-03 11:59:59.999,7969220.75362600,52813,1847.33740000,3405715.07595900,0
2026-08-03 12:00:00,1839.88000000,1845.38000000,1836.75000000,1843.70000000,5012.54950000,2026-08-03 12:59:59.999,9232034.20484900,61524,2711.71450000,4994547.32006800,0
2026-08-03 13:00:00,1843.69000000,1860.24000000,1838.42000000,1859.18000000,13330.20370000,2026-08-03 13:59:59.999,24653223.34653800,197151,7793.90660000,14419876.14846900,0
2026-08-03 14:00:00,1859.18000000,1874.35000000,1851.34000000,1873.79000000,21006.52460000,2026-08-03 14:59:59.999,39135942.21057000,204118,12524.98580000,23338322.07036200,0
2026-08-03 15:00:00,1873.79000000,1874.08000000,1860.43000000,1863.34000000,10839.81820000,2026-08-03 15:59:59.999,20226172.75794700,110763,5412.07050000,10099743.37165700,0
2026-08-03 16:00:00,1863.34000000,1872.22000000,1861.68000000,1866.22000000,6771.24570000,2026-08-03 16:59:59.999,12644998.67588000,79304,3814.70940000,7123282.93852400,0
2026-08-03 17:00:00,1866.22000000,1874.93000000,1863.64000000,1868.84000000,5795.35620000,2026-08-03 17:59:59.999,10834197.08209300,54816,2844.21620000,5317084.94980900,0
2026-08-03 18:00:00,1868.85000000,1874.00000000,1866.72000000,1868.96000000,4466.28200000,2026-08-03 18:59:59.999,8353605.98151000,72167,1713.75900000,3205703.68716200,0
2026-08-03 19:00:00,1868.96000000,1876.50000000,1868.20000000,1870.20000000,5831.24050000,2026-08-03 19:59:59.999,10915762.09720100,54923,2288.58870000,4284489.96993300,0
2026-08-03 20:00:00,1870.20000000,1875.99000000,1866.61000000,1868.97000000,7347.36910000,2026-08-03 20:59:59.999,13743860.54129500,36104,3497.55390000,6542139.14097500,0
2026-08-03 21:00:00,1868.97000000,1869.15000000,1863.57000000,1863.60000000,4725.16510000,2026-08-03 21:59:59.999,8818866.09612100,28551,1619.84250000,3022853.16588000,0
2026-08-03 22:00:00,1863.60000000,1866.12000000,1852.45000000,1860.40000000,6401.30770000,2026-08-03 22:59:59.999,11901661.52712500,55872,2760.19540000,5131531.66815400,0
2026-08-03 23:00:00,1860.39000000,1860.50000000,1856.22000000,1860.50000000,2567.60760000,2026-08-03 23:59:59.999,4772045.96928700,25941,1159.23370000,2154323.74152300,0
2026-08-04 00:00:00,1860.50000000,1863.12000000,1848.38000000,1851.30000000,10087.43700000,2026-08-04 00:59:59.999,18698022.54601100,73285,5341.35970000,9897569.43672300,0
2026-08-04 01:00:00,1851.30000000,1869.72000000,1849.12000000,1867.64000000,9043.60290000,2026-08-04 01:59:59.999,16829027.21436000,93586,5272.73060000,9808277.47118500,0
2026-08-04 02:00:00,1867.64000000,1872.50000000,1862.09000000,1866.17000000,5344.81340000,2026-08-04 02:59:59.999,9974975.02195300,49563,2530.70670000,4723915.77490900,0
2026-08-04 03:00:00,1866.17000000,1866.96000000,1858.38000000,1864.19000000,4382.46690000,2026-08-04 03:59:59.999,8163565.79608200,40392,2158.19840000,4020507.48886600,0
2026-08-04 04:00:00,1864.20000000,1874.71000000,1862.09000000,1868.01000000,6131.05730000,2026-08-04 04:59:59.999,11456377.14454600,46484,3131.01780000,5850758.38282700,0
2026-08-04 05:00:00,1868.00000000,1870.54000000,1864.28000000,1864.42000000,3298.80710000,2026-08-04 05:59:59.999,6155928.92498600,29335,1099.05980000,2050551.46452500,0
2026-08-04 06:00:00,1864.42000000,1882.44000000,1854.65000000,1856.96000000,15678.00580000,2026-08-04 06:59:59.999,29241255.09240600,76093,10511.57690000,19621762.47162600,0
2026-08-04 07:00:00,1856.96000000,1864.98000000,1853.54000000,1863.87000000,7711.02010000,2026-08-04 07:59:59.999,14338819.97004900,67782,3729.15200000,6932847.78090200,0
2026-08-04 08:00:00,1863.88000000,1865.88000000,1856.96000000,1857.89000000,4180.90940000,2026-08-04 08:59:59.999,7779854.91768500,49285,2155.03500000,4009617.96315800,0
2026-08-04 09:00:00,1857.88000000,1858.83000000,1853.48000000,1858.71000000,5488.82720000,2026-08-04 09:59:59.999,10189980.02554500,57579,2605.55760000,4836841.14538500,0
2026-08-04 10:00:00,1858.71000000,1873.03000000,1854.11000000,1866.94000000,8858.65660000,2026-08-04 10:59:59.999,16503223.08004200,114033,4476.97630000,8338189.97356100,0
2026-08-04 11:00:00,1866.95000000,1874.78000000,1866.18000000,1872.89000000,6980.93970000,2026-08-04 11:59:59.999,13054042.97602700,93561,3264.21420000,6105936.16047500,0
2026-08-04 12:00:00,1872.88000000,1882.00000000,1868.09000000,1875.11000000,8155.32000000,2026-08-04 12:59:59.999,15294308.30891200,95289,4497.82760000,8435900.06379100,0
2026-08-04 13:00:00,1875.11000000,1877.63000000,1860.01000000,1862.06000000,14674.10470000,2026-08-04 13:59:59.999,27451654.55221400,184059,8031.49540000,15026107.33381600,0
2026-08-04 14:00:00,1862.06000000,1875.71000000,1858.72000000,1873.03000000,12625.04540000,2026-08-04 14:59:59.999,23574315.00884800,121913,6996.82850000,13067680.21448900,0
2026-08-04 15:00:00,1873.02000000,1877.85000000,1862.05000000,1873.07000000,9729.29620000,2026-08-04 15:59:59.999,18198685.42820400,104222,4365.98180000,8168010.54671700,0
2026-08-04 16:00:00,1873.08000000,1874.09000000,1865.65000000,1869.68000000,7985.34080000,2026-08-04 16:59:59.999,14939398.79980100,70322,3591.74290000,6718870.95014700,0
2026-08-04 17:00:00,1869.69000000,1877.88000000,1867.01000000,1869.53000000,12012.49400000,2026-08-04 17:59:59.999,22498875.28675600,91708,5037.44640000,9437536.98484600,0
2026-08-04 18:00:00,1869.54000000,1880.94000000,1869.30000000,1875.29000000,7528.93020000,2026-08-04 18:59:59.999,14129310.75048400,83758,3270.10640000,6136916.44286400,0
2026-08-04 19:00:00,1875.29000000,1881.81000000,1873.86000000,1875.26000000,8184.46530000,2026-08-04 19:59:59.999,15363520.46015900,56678,3850.44870000,7228552.86012700,0
2026-08-04 20:00:00,1875.26000000,1879.84000000,1866.17000000,1876.65000000,5884.95770000,2026-08-04 20:59:59.999,11025161.01303700,77798,2732.80420000,5120558.33095000,0
2026-08-04 21:00:00,1876.65000000,1876.65000000,1871.85000000,1872.32000000,2412.32420000,2026-08-04 21:59:59.999,4519904.72704500,41772,1017.40700000,1905976.50942700,0
2026-08-04 22:00:00,1872.32000000,1876.92000000,1868.48000000,1875.64000000,3303.52950000,2026-08-04 22:59:59.999,6186773.52621400,44048,1614.80460000,3024585.43106800,0
2026-08-04 23:00:00,1875.64000000,1881.28000000,1869.07000000,1869.75000000,5572.19380000,2026-08-04 23:59:59.999,10441930.06181900,47261,2683.73760000,5029798.41796900,0
2026-08-05 00:00:00,1869.74000000,1873.87000000,1863.33000000,1863.93000000,7040.38280000,2026-08-05 00:59:59.999,13147816.49427500,91190,3220.13460000,6013778.07602900,0
2026-08-05 01:00:00,1863.94000000,1874.40000000,1861.34000000,1873.37000000,3984.15490000,2026-08-05 01:59:59.999,7442977.82138600,74667,2007.69560000,3751320.56398000,0
2026-08-05 02:00:00,1873.37000000,1878.00000000,1872.50000000,1874.49000000,5850.92230000,2026-08-05 02:59:59.999,10970992.67076800,69510,2542.90640000,4768495.45896300,0
2026-08-05 03:00:00,1874.49000000,1876.23000000,1863.91000000,1867.75000000,7838.78400000,2026-08-05 03:59:59.999,14646928.27790300,74654,4035.88010000,7539757.76176700,0
2026-08-05 04:00:00,1867.75000000,1869.79000000,1865.00000000,1867.50000000,3487.17210000,2026-08-05 04:59:59.999,6511230.48941100,35321,1714.98080000,3201527.36651600,0
2026-08-05 05:00:00,1867.50000000,1877.69000000,1867.21000000,1873.46000000,4816.00390000,2026-08-05 05:59:59.999,9020610.92092900,53040,1754.71160000,3286520.04185500,0
2026-08-05 06:00:00,1873.46000000,1873.69000000,1868.26000000,1869.88000000,9338.51860000,2026-08-05 06:59:59.999,17464061.14392900,32604,3671.15440000,6865520.81746300,0
2026-08-05 07:00:00,1869.88000000,1872.20000000,1863.53000000,1872.20000000,13188.65250000,2026-08-05 07:59:59.999,24628722.98004100,60843,7557.66830000,14114329.02139600,0
2026-08-05 08:00:00,1872.20000000,1874.48000000,1868.00000000,1869.99000000,10385.84540000,2026-08-05 08:59:59.999,19440462.30435100,49569,6660.83670000,12468838.79047600,0
2026-08-05 09:00:00,1869.99000000,1874.66000000,1868.89000000,1871.94000000,4866.20030000,2026-08-05 09:59:59.999,9113943.89401700,43859,2135.28070000,3998903.60438900,0
2026-08-05 10:00:00,1871.94000000,1876.06000000,1866.16000000,1868.33000000,5390.38050000,2026-08-05 10:59:59.999,10085657.36763100,67104,2713.59600000,5077751.96893600,0
2026-08-05 11:00:00,1868.32000000,1871.15000000,1867.27000000,1868.92000000,4882.52020000,2026-08-05 11:59:59.999,9125409.79392300,62080,3002.27290000,5610793.38273500,0
2026-08-05 12:00:00,1868.92000000,1885.29000000,1867.47000000,1876.25000000,13717.36620000,2026-08-05 12:59:59.999,25774310.56249200,122743,6800.10890000,12777596.60352300,0
2026-08-05 13:00:00,1876.26000000,1879.51000000,1855.50000000,1878.53000000,21971.72990000,2026-08-05 13:59:59.999,41028269.18341400,228559,11232.28610000,20973458.14639700,0
2026-08-05 14:00:00,1878.52000000,1882.84000000,1869.24000000,1875.89000000,15946.01810000,2026-08-05 14:59:59.999,29909048.04465100,165412,7982.85400000,14976301.12719300,0
2026-08-05 15:00:00,1875.89000000,1882.76000000,1872.95000000,1873.91000000,8156.14610000,2026-08-05 15:59:59.999,15316716.83945900,109975,4231.18640000,7947878.05706400,0
2026-08-05 16:00:00,1873.91000000,1897.32000000,1873.40000000,1895.56000000,20344.73610000,2026-08-05 16:59:59.999,38444323.53913300,172665,12213.26690000,23077976.81355900,0
2026-08-05 17:00:00,1895.55000000,1917.72000000,1891.07000000,1916.75000000,24840.23380000,2026-08-05 17:59:59.999,47333695.94196700,188278,15417.02830000,29383546.05429600,0
2026-08-05 18:00:00,1916.75000000,1928.00000000,1913.90000000,1918.06000000,19879.61670000,2026-08-05 18:59:59.999,38158204.49188900,189196,10498.62450000,20152908.12510500,0
2026-08-05 19:00:00,1918.05000000,1921.00000000,1915.60000000,1917.03000000,9433.08910000,2026-08-05 19:59:59.999,18098681.07685600,91149,4267.13060000,8186532.49254200,0
2026-08-05 20:00:00,1917.02000000,1924.56000000,1916.71000000,1917.10000000,6965.04060000,2026-08-05 20:59:59.999,13370336.87780000,84098,3397.40660000,6521815.18972900,0
2026-08-05 21:00:00,1917.10000000,1917.47000000,1907.07000000,1908.75000000,8180.00170000,2026-08-05 21:59:59.999,15627994.96053300,100082,3777.84370000,7217060.87611800,0
2026-08-05 22:00:00,1908.75000000,1913.43000000,1906.59000000,1906.86000000,4213.44090000,2026-08-05 22:59:59.999,8048762.17127500,62780,1994.30560000,3809459.43284800,0
2026-08-05 23:00:00,1906.85000000,1912.31000000,1904.34000000,1908.90000000,3613.37020000,2026-08-05 23:59:59.999,6897115.20392300,41227,1594.09650000,3042538.73357200,0
2026-08-06 00:00:00,1908.91000000,1914.02000000,1907.29000000,1910.40000000,4876.59250000,2026-08-06 00:59:59.999,9315859.31872000,55186,2455.58140000,4690906.90221800,0
2026-08-06 01:00:00,1910.40000000,1911.21000000,1903.36000000,1906.75000000,5637.57950000,2026-08-06 01:59:59.999,10755874.01346600,56371,2607.33880000,4974714.36555200,0
2026-08-06 02:00:00,1906.74000000,1910.82000000,1895.10000000,1899.21000000,9631.15080000,2026-08-06 02:59:59.999,18306615.03896700,87404,3678.51800000,6990376.50476300,0
2026-08-06 03:00:00,1899.21000000,1899.70000000,1895.37000000,1899.03000000,4875.44290000,2026-08-06 03:59:59.999,9251804.04207700,63628,1939.01350000,3679557.69101100,0
2026-08-06 04:00:00,1899.04000000,1908.05000000,1895.73000000,1907.70000000,6770.17790000,2026-08-06 04:59:59.999,12883846.55649200,70851,3496.20190000,6653617.62780300,0
2026-08-06 05:00:00,1907.70000000,1918.70000000,1907.29000000,1914.34000000,8409.61510000,2026-08-06 05:59:59.999,16094926.47237900,99299,4473.73010000,8562053.31282500,0
2026-08-06 06:00:00,1914.35000000,1914.77000000,1909.60000000,1913.66000000,3374.41980000,2026-08-06 06:59:59.999,6453275.99835000,57746,1604.01650000,3067584.52108800,0
2026-08-06 07:00:00,1913.67000000,1915.33000000,1907.65000000,1909.33000000,6344.03210000,2026-08-06 07:59:59.999,12124334.84605600,49807,2003.93080000,3830756.04553400,0
2026-08-06 08:00:00,1909.33000000,1920.51000000,1908.41000000,1916.26000000,9089.52390000,2026-08-06 08:59:59.999,17393166.15573200,66792,4526.59280000,8662677.14969000,0
2026-08-06 09:00:00,1916.26000000,1917.03000000,1904.83000000,1907.67000000,9792.34110000,2026-08-06 09:59:59.999,18703910.20651900,66440,3955.58150000,7554325.82600900,0
2026-08-06 10:00:00,1907.67000000,1907.67000000,1901.62000000,1902.58000000,5165.42820000,2026-08-06 10:59:59.999,9836777.44193800,44648,2221.05560000,4229701.02888600,0
2026-08-06 11:00:00,1902.59000000,1909.20000000,1897.00000000,1907.77000000,5920.43880000,2026-08-06 11:59:59.999,11271325.76573300,51107,2897.87720000,5518393.94625200,0
2026-08-06 12:00:00,1907.77000000,1908.02000000,1899.02000000,1899.09000000,5851.21060000,2026-08-06 12:59:59.999,11136701.01081500,51318,2366.61160000,4504445.79329200,0
2026-08-06 13:00:00,1899.10000000,1911.11000000,1892.38000000,1907.43000000,16539.65290000,2026-08-06 13:59:59.999,31431615.01285400,184768,8636.86960000,16416731.23439000,0
2026-08-06 14:00:00,1907.44000000,1918.72000000,1892.04000000,1915.01000000,18795.11920000,2026-08-06 14:59:59.999,35893426.12235700,222724,8033.69530000,15348596.07400600,0
2026-08-06 15:00:00,1915.01000000,1919.68000000,1910.38000000,1910.69000000,11802.67460000,2026-08-06 15:59:59.999,22609572.28353000,127397,6091.86240000,11669987.40159700,0
2026-08-06 16:00:00,1910.70000000,1916.80000000,1908.46000000,1915.77000000,7760.99050000,2026-08-06 16:59:59.999,14840413.58551200,95829,3698.78040000,7072890.00922400,0
2026-08-06 17:00:00,1915.78000000,1918.47000000,1910.38000000,1914.08000000,5696.33540000,2026-08-06 17:59:59.999,10907834.60146200,54484,2716.33700000,5201724.29324100,0
2026-08-06 18:00:00,1914.08000000,1914.10000000,1903.08000000,1905.95000000,7958.32940000,2026-08-06 18:59:59.999,15176783.80628400,74600,2147.88010000,4097791.70810000,0
2026-08-06 19:00:00,1905.95000000,1911.29000000,1905.95000000,1910.06000000,10004.77650000,2026-08-06 19:59:59.999,19093208.02659400,60360,6119.22780000,11678036.01517100,0
2026-08-06 20:00:00,1910.07000000,1910.85000000,1906.00000000,1907.14000000,2869.75780000,2026-08-06 20:59:59.999,5476228.02164500,36015,1059.96260000,2022321.86610200,0
2026-08-06 21:00:00,1907.15000000,1909.45000000,1905.88000000,1906.28000000,3309.82350000,2026-08-06 21:59:59.999,6313639.15861600,38931,1335.13580000,2546579.40340300,0
2026-08-06 22:00:00,1906.28000000,1907.44000000,1902.27000000,1905.25000000,3479.94430000,2026-08-06 22:59:59.999,6629052.67387300,34225,1546.96640000,2946594.72485800,0
2026-08-06 23:00:00,1905.24000000,1905.79000000,1898.94000000,1904.10000000,3574.35620000,2026-08-06 23:59:59.999,6798096.06611300,32441,1547.36800000,2943001.93092600,0
2026-08-07 00:00:00,1904.10000000,1905.47000000,1899.84000000,1903.88000000,3516.21530000,2026-08-07 00:59:59.999,6689094.05885600,46951,1641.82050000,3122921.54658600,0
2026-08-07 01:00:00,1903.89000000,1907.55000000,1899.04000000,1903.36000000,4823.46980000,2026-08-07 01:59:59.999,9180620.21070900,57946,2310.23000000,4397473.01632800,0
2026-08-07 02:00:00,1903.36000000,1908.61000000,1897.52000000,1902.73000000,5702.72900000,2026-08-07 02:59:59.999,10849601.73445900,86144,2816.93340000,5360387.02889400,0
2026-08-07 03:00:00,1902.72000000,1903.95000000,1896.16000000,1897.43000000,4269.37590000,2026-08-07 03:59:59.999,8113434.75122800,54617,2029.23440000,3856295.96469900,0
2026-08-07 04:00:00,1897.43000000,1900.76000000,1894.35000000,1897.44000000,6754.20400000,2026-08-07 04:59:59.999,12823303.90211800,57098,3523.07130000,6689687.83227500,0
2026-08-07 05:00:00,1897.44000000,1902.40000000,1895.41000000,1901.58000000,4024.05540000,2026-08-07 05:59:59.999,7640403.76755500,36281,1916.50790000,3638308.54214200,0
2026-08-07 06:00:00,1901.59000000,1907.58000000,1900.00000000,1904.53000000,4864.32050000,2026-08-07 06:59:59.999,9261976.67390600,34537,2436.15850000,4638326.48330200,0
2026-08-07 07:00:00,1904.54000000,1907.44000000,1902.35000000,1902.36000000,5166.21500000,2026-08-07 07:59:59.999,9840644.84799900,35542,2111.21100000,4022347.63878100,0
2026-08-07 08:00:00,1902.35000000,1914.90000000,1901.91000000,1910.70000000,10662.37130000,2026-08-07 08:59:59.999,20355810.30925400,53781,5105.35950000,9748473.86318200,0
2026-08-07 09:00:00,1910.70000000,1917.67000000,1910.30000000,1913.04000000,28602.95420000,2026-08-07 09:59:59.999,54730225.10889900,77669,6679.54870000,12781318.81040400,0
2026-08-07 10:00:00,1913.04000000,1916.00000000,1912.64000000,1912.85000000,4509.05800000,2026-08-07 10:59:59.999,8631033.72257100,27556,1816.17530000,3476362.35908300,0
2026-08-07 11:00:00,1912.85000000,1921.00000000,1912.62000000,1916.33000000,8756.75640000,2026-08-07 11:59:59.999,16784169.64034500,43714,4478.14890000,8584324.07892200,0
2026-08-07 12:00:00,1916.33000000,1943.02000000,1916.33000000,1932.13000000,31004.22830000,2026-08-07 12:59:59.999,59856763.37935600,186042,17612.05210000,34000178.16174500,0
2026-08-07 13:00:00,1932.14000000,1935.05000000,1921.53000000,1923.50000000,15610.45820000,2026-08-07 13:59:59.999,30115511.78942100,134220,8785.19540000,16951373.75970800,0
2026-08-07 14:00:00,1923.50000000,1926.50000000,1910.53000000,1913.57000000,18780.52790000,2026-08-07 14:59:59.999,36015055.98635000,169804,9551.69390000,18318728.10829000,0
2026-08-07 15:00:00,1913.57000000,1921.00000000,1913.02000000,1917.88000000,6340.57180000,2026-08-07 15:59:59.999,12156823.83566700,75368,3051.77660000,5850496.31432400,0
2026-08-07 16:00:00,1917.87000000,1925.00000000,1909.34000000,1909.51000000,7968.61010000,2026-08-07 16:59:59.999,15274189.73133200,90170,3133.24140000,6007006.07354700,0
2026-08-07 17:00:00,1909.50000000,1912.99000000,1905.40000000,1912.45000000,9390.78880000,2026-08-07 17:59:59.999,17925914.88770800,85573,3827.30230000,7306702.60319600,0
2026-08-07 18:00:00,1912.45000000,1915.29000000,1906.28000000,1909.86000000,4337.39200000,2026-08-07 18:59:59.999,8293507.70505600,40688,2400.17170000,4589899.08951200,0
2026-08-07 19:00:00,1909.87000000,1920.24000000,1909.87000000,1918.85000000,10178.49960000,2026-08-07 19:59:59.999,19504668.29340300,69719,3284.26920000,6293900.19345200,0
2026-08-07 20:00:00,1918.84000000,1920.36000000,1914.38000000,1914.81000000,3750.11990000,2026-08-07 20:59:59.999,7187569.93742000,32067,1520.23380000,2914048.41599200,0
2026-08-07 21:00:00,1914.82000000,1922.81000000,1912.72000000,1916.55000000,6300.71530000,2026-08-07 21:59:59.999,12078295.07714000,50629,3282.85620000,6294256.68003700,0
2026-08-07 22:00:00,1916.55000000,1916.56000000,1913.92000000,1914.84000000,3447.60540000,2026-08-07 22:59:59.999,6603114.35478600,23185,1082.94560000,2073944.78630900,0
2026-08-07 23:00:00,1914.84000000,1916.41000000,1913.92000000,1914.18000000,1515.28690000,2026-08-07 23:59:59.999,2902006.30204600,10635,632.97250000,1212313.95731100,0
2026-08-08 00:00:00,1914.19000000,1915.10000000,1912.50000000,1914.35000000,2385.63660000,2026-08-08 00:59:59.999,4566326.04086400,14474,911.49070000,1744756.43312400,0
2026-08-08 01:00:00,1914.36000000,1916.62000000,1914.04000000,1914.65000000,3177.84970000,2026-08-08 01:59:59.999,6085172.74589900,17993,789.20540000,1511166.59697300,0
2026-08-08 02:00:00,1914.66000000,1914.66000000,1912.27000000,1913.18000000,1370.50730000,2026-08-08 02:59:59.999,2622198.88495600,7600,644.93270000,1233908.35986500,0
2026-08-08 03:00:00,1913.18000000,1919.02000000,1913.17000000,1918.08000000,2097.62490000,2026-08-08 03:59:59.999,4019907.53078200,13774,1275.18980000,2443365.05254700,0
2026-08-08 04:00:00,1918.09000000,1919.58000000,1916.40000000,1917.00000000,2245.98620000,2026-08-08 04:59:59.999,4307093.65662500,13654,1266.93400000,2429675.85709300,0
2026-08-08 05:00:00,1917.00000000,1918.78000000,1915.81000000,1917.56000000,1176.49420000,2026-08-08 05:59:59.999,2255513.21115600,10721,666.17690000,1277119.34268400,0
2026-08-08 06:00:00,1917.55000000,1917.89000000,1916.17000000,1916.44000000,1409.70900000,2026-08-08 06:59:59.999,2702286.77119300,10481,581.89360000,1115338.79017700,0
2026-08-08 07:00:00,1916.45000000,1916.75000000,1914.00000000,1915.11000000,1799.65350000,2026-08-08 07:59:59.999,3446896.70256800,10104,866.48310000,1659395.34867500,0
2026-08-08 08:00:00,1915.11000000,1917.73000000,1914.58000000,1916.85000000,1481.47060000,2026-08-08 08:59:59.999,2838689.54019700,10778,491.91620000,942515.36780600,0
2026-08-08 09:00:00,1916.85000000,1923.22000000,1916.25000000,1918.95000000,3514.25640000,2026-08-08 09:59:59.999,6744309.20919000,28579,1629.62070000,3126976.97567700,0
2026-08-08 10:00:00,1918.94000000,1922.72000000,1918.94000000,1921.17000000,2167.10790000,2026-08-08 10:59:59.999,4162881.80256400,20846,875.83380000,1682313.07139000,0
2026-08-08 11:00:00,1921.18000000,1923.57000000,1919.53000000,1920.99000000,2555.55600000,2026-08-08 11:59:59.999,4909230.26122100,18309,1314.84720000,2525973.28878700,0
2026-08-08 12:00:00,1920.99000000,1922.47000000,1918.70000000,1919.19000000,2376.31970000,2026-08-08 12:59:59.999,4563450.60861900,21137,1020.02870000,1958911.28041600,0
2026-08-08 13:00:00,1919.20000000,1920.55000000,1918.61000000,1920.00000000,1981.21860000,2026-08-08 13:59:59.999,3802760.84228600,16190,870.71580000,1671260.25637900,0
2026-08-08 14:00:00,1920.00000000,1926.72000000,1919.99000000,1923.77000000,5059.46110000,2026-08-08 14:59:59.999,9729778.65756800,44814,2816.64040000,5416553.20054500,0
2026-08-08 15:00:00,1923.78000000,1924.56000000,1921.35000000,1922.62000000,2945.89680000,2026-08-08 15:59:59.999,5664431.49019600,22528,1677.09940000,3224787.16886400,0
2026-08-08 16:00:00,1922.63000000,1925.00000000,1921.65000000,1922.46000000,2239.30850000,2026-08-08 16:59:59.999,4305673.93587000,21937,1317.90890000,2533902.49535200,0
2026-08-08 17:00:00,1922.45000000,1926.45000000,1922.25000000,1923.85000000,3927.54130000,2026-08-08 17:59:59.999,7556157.31503200,26351,2420.90700000,4657472.49479400,0
2026-08-08 18:00:00,1923.84000000,1923.84000000,1919.77000000,1921.10000000,2781.19200000,2026-08-08 18:59:59.999,5344085.33092600,20719,1314.36020000,2525469.61969600,0
2026-08-08 19:00:00,1921.10000000,1921.54000000,1919.67000000,1920.41000000,1779.51100000,2026-08-08 19:59:59.999,3417749.21052600,15903,834.76800000,1603239.89741300,0
2026-08-08 20:00:00,1920.41000000,1921.21000000,1919.95000000,1920.39000000,1344.39560000,2026-08-08 20:59:59.999,2581901.90689900,9992,702.65720000,1349464.12649200,0
2026-08-08 21:00:00,1920.39000000,1922.73000000,1920.27000000,1920.82000000,1842.59950000,2026-08-08 21:59:59.999,3540187.55024200,19300,959.61540000,1843645.68792700,0
2026-08-08 22:00:00,1920.82000000,1921.59000000,1916.66000000,1916.75000000,2433.24680000,2026-08-08 22:59:59.999,4670954.73907400,19499,1194.83690000,2293804.60086900,0
2026-08-08 23:00:00,1916.74000000,1919.00000000,1914.69000000,1916.74000000,2779.84990000,2026-08-08 23:59:59.999,5329500.34999200,18272,1108.53840000,2125271.90338800,0
2026-08-09 00:00:00,1916.75000000,1918.66000000,1916.34000000,1918.09000000,2792.46120000,2026-08-09 00:59:59.999,5353808.04344500,17426,974.33200000,1868167.08170500,0
2026-08-09 01:00:00,1918.08000000,1920.21000000,1913.37000000,1916.14000000,2176.03060000,2026-08-09 01:59:59.999,4171006.75421600,21438,886.30630000,1698535.92189900,0
2026-08-09 02:00:00,1916.15000000,1916.71000000,1913.64000000,1914.80000000,1341.97490000,2026-08-09 02:59:59.999,2570487.77608000,14559,520.01590000,996064.30578000,0
2026-08-09 03:00:00,1914.79000000,1914.79000000,1912.36000000,1914.04000000,2034.98630000,2026-08-09 03:59:59.999,3894194.26632700,13832,975.13610000,1866020.24754300,0
2026-08-09 04:00:00,1914.04000000,1915.63000000,1912.99000000,1913.16000000,1394.21980000,2026-08-09 04:59:59.999,2668513.10099100,13444,688.56630000,1317838.30531300,0
2026-08-09 05:00:00,1913.17000000,1915.04000000,1913.11000000,1914.46000000,1455.49140000,2026-08-09 05:59:59.999,2785947.04829700,10945,624.69900000,1195697.43047500,0
2026-08-09 06:00:00,1914.45000000,1919.51000000,1912.83000000,1919.33000000,4314.98980000,2026-08-09 06:59:59.999,8267254.58815100,16396,1504.89170000,2884442.46117900,0
2026-08-09 07:00:00,1919.34000000,1919.79000000,1917.14000000,1918.97000000,4950.81160000,2026-08-09 07:59:59.999,9497103.45444500,21755,2894.29430000,5551772.37720900,0
2026-08-09 08:00:00,1918.97000000,1925.00000000,1914.00000000,1915.94000000,4019.24020000,2026-08-09 08:59:59.999,7715216.97764900,37617,1825.32530000,3504382.35776900,0
2026-08-09 09:00:00,1915.94000000,1921.45000000,1913.39000000,1921.45000000,4402.57050000,2026-08-09 09:59:59.999,8435395.29136200,31737,2956.88430000,5665851.42825500,0
2026-08-09 10:00:00,1921.45000000,1922.96000000,1919.64000000,1920.10000000,3788.59320000,2026-08-09 10:59:59.999,7278639.47692800,28442,1293.22650000,2484327.17030800,0
2026-08-09 11:00:00,1920.09000000,1921.51000000,1918.37000000,1919.23000000,1585.78680000,2026-08-09 11:59:59.999,3045322.49285400,13969,818.62190000,1572098.18678100,0
2026-08-09 12:00:00,1919.23000000,1919.23000000,1916.51000000,1917.50000000,2317.05550000,2026-08-09 12:59:59.999,4443329.91470600,16883,1312.06360000,2515991.76514400,0
2026-08-09 13:00:00,1917.50000000,1926.31000000,1917.50000000,1923.36000000,6087.61270000,2026-08-09 13:59:59.999,11710128.08660600,43268,3122.40710000,6005571.75279500,0
2026-08-09 14:00:00,1923.36000000,1926.58000000,1922.61000000,1925.07000000,3783.09760000,2026-08-09 14:59:59.999,7280662.46588400,27583,1953.70890000,3760062.58489700,0
2026-08-09 15:00:00,1925.08000000,1927.36000000,1924.16000000,1926.56000000,3293.34030000,2026-08-09 15:59:59.999,6344147.15986500,20294,1783.62150000,3435983.89799000,0
2026-08-09 16:00:00,1926.57000000,1926.95000000,1921.60000000,1924.11000000,2527.66860000,2026-08-09 16:59:59.999,4864689.95989000,20625,1111.31490000,2138831.56028700,0
2026-08-09 17:00:00,1924.10000000,1924.84000000,1923.11000000,1923.11000000,2161.81390000,2026-08-09 17:59:59.999,4159542.82052100,11611,949.24230000,1826452.32243800,0
2026-08-09 18:00:00,1923.10000000,1923.80000000,1920.15000000,1921.52000000,1893.96770000,2026-08-09 18:59:59.999,3639945.08393600,14763,959.75720000,1844416.97136600,0
2026-08-09 19:00:00,1921.51000000,1922.47000000,1921.35000000,1922.04000000,1346.59220000,2026-08-09 19:59:59.999,2588180.66320500,12389,714.73260000,1373692.13782800,0
2026-08-09 20:00:00,1922.04000000,1922.27000000,1918.00000000,1920.73000000,3716.99960000,2026-08-09 20:59:59.999,7138306.15601400,32610,1501.63860000,2883592.60223400,0
2026-08-09 21:00:00,1920.72000000,1926.91000000,1919.84000000,1924.73000000,3133.08720000,2026-08-09 21:59:59.999,6028056.05613300,31486,1427.42420000,2745908.84736000,0
2026-08-09 22:00:00,1924.73000000,1938.22000000,1915.00000000,1919.55000000,12501.37200000,2026-08-09 22:59:59.999,24097286.00883000,99681,6515.81700000,12562661.17597600,0
2026-08-09 23:00:00,1919.54000000,1920.61000000,1907.56000000,1910.65000000,10835.56170000,2026-08-09 23:59:59.999,20731330.77342400,108438,5404.94780000,10342173.61210700,0
2026-08-10 00:00:00,1910.65000000,1928.28000000,1906.17000000,1912.78000000,10209.71560000,2026-08-10 00:59:59.999,19550991.14709000,143879,5265.40470000,10084270.63463100,0
2026-08-10 01:00:00,1912.79000000,1931.57000000,1908.01000000,1925.23000000,8100.91080000,2026-08-10 01:59:59.999,15551463.75831700,95443,4441.59130000,8525392.32377000,0
2026-08-10 02:00:00,1925.23000000,1926.72000000,1912.86000000,1923.52000000,6858.70030000,2026-08-10 02:59:59.999,13171977.89636600,85397,3044.48480000,5845217.60815200,0
2026-08-10 03:00:00,1923.51000000,1924.66000000,1913.66000000,1917.44000000,6345.05280000,2026-08-10 03:59:59.999,12178588.44882100,70387,2351.15330000,4511698.87658900,0
2026-08-10 04:00:00,1917.44000000,1921.01000000,1912.60000000,1915.79000000,7866.78880000,2026-08-10 04:59:59.999,15086133.64021700,66745,3663.33780000,7024512.34690000,0
2026-08-10 05:00:00,1915.79000000,1925.02000000,1915.33000000,1923.17000000,4320.40890000,2026-08-10 05:59:59.999,8295141.38198500,56022,2385.06580000,4578279.32670200,0
2026-08-10 06:00:00,1923.18000000,1929.43000000,1923.01000000,1928.03000000,7905.01730000,2026-08-10 06:59:59.999,15230178.10415600,78197,3721.44930000,7170181.88654400,0
2026-08-10 07:00:00,1928.03000000,1930.84000000,1924.80000000,1925.26000000,5929.02610000,2026-08-10 07:59:59.999,11433956.75404800,42307,2508.25410000,4837251.31122300,0
2026-08-10 08:00:00,1925.26000000,1929.74000000,1923.21000000,1926.80000000,4421.81200000,2026-08-10 08:59:59.999,8518717.47664200,45320,1977.52320000,3809466.54104800,0
2026-08-10 09:00:00,1926.80000000,1927.09000000,1916.21000000,1916.39000000,6913.47530000,2026-08-10 09:59:59.999,13273651.02917200,65793,3813.89750000,7322473.72793900,0
2026-08-10 10:00:00,1916.38000000,1920.70000000,1916.12000000,1917.75000000,4895.29600000,2026-08-10 10:59:59.999,9392693.61074600,39696,2951.37150000,5662569.06332000,0
2026-08-10 11:00:00,1917.75000000,1921.11000000,1914.68000000,1920.42000000,4343.57360000,2026-08-10 11:59:59.999,8331980.17415600,36487,2084.55100000,3999065.71698900,0
2026-08-10 12:00:00,1920.42000000,1923.34000000,1905.00000000,1906.00000000,13063.35650000,2026-08-10 12:59:59.999,24995621.10669100,70375,5001.76560000,9574940.21074700,0
2026-08-10 13:00:00,1905.99000000,1910.46000000,1894.56000000,1897.60000000,20184.68700000,2026-08-10 13:59:59.999,38396572.10781100,138693,8868.52420000,16873397.19261600,0
2026-08-10 14:00:00,1897.61000000,1902.84000000,1891.60000000,1893.59000000,10048.24370000,2026-08-10 14:59:59.999,19073414.07165900,87883,5245.40940000,9958709.41913400,0
2026-08-10 15:00:00,1893.58000000,1893.58000000,1871.37000000,1877.00000000,29430.81170000,2026-08-10 15:59:59.999,55339549.51354100,224835,11199.97800000,21056021.83437200,0
2026-08-10 16:00:00,1876.99000000,1878.71000000,1867.96000000,1872.36000000,17767.95190000,2026-08-10 16:59:59.999,33304707.62906900,128775,6738.11410000,12631147.32265400,0
2026-08-10 17:00:00,1872.38000000,1877.39000000,1868.71000000,1873.70000000,8222.67010000,2026-08-10 17:59:59.999,15409542.88947300,69814,3807.00850000,7134425.53668800,0
2026-08-10 18:00:00,1873.70000000,1875.24000000,1868.00000000,1872.95000000,8602.64950000,2026-08-10 18:59:59.999,16105657.14603800,65263,3591.96490000,6725629.45481900,0
2026-08-10 19:00:00,1872.95000000,1880.47000000,1871.86000000,1878.51000000,6928.21030000,2026-08-10 19:59:59.999,13002098.42902200,64294,3290.93880000,6177855.05205800,0
2026-08-10 20:00:00,1878.52000000,1881.31000000,1877.74000000,1879.73000000,3650.57490000,2026-08-10 20:59:59.999,6859986.44394000,42502,1641.42290000,3084444.49710600,0
2026-08-10 21:00:00,1879.72000000,1879.72000000,1873.54000000,1874.45000000,4144.17110000,2026-08-10 21:59:59.999,7774882.05677500,56620,1612.91170000,3026116.21225200,0
2026-08-10 22:00:00,1874.45000000,1878.13000000,1872.13000000,1876.14000000,4964.41980000,2026-08-10 22:59:59.999,9308015.36718500,54821,1861.08830000,3489256.14377600,0
2026-08-10 23:00:00,1876.15000000,1876.15000000,1870.12000000,1873.16000000,4691.49810000,2026-08-10 23:59:59.999,8789098.62017900,37039,1800.82220000,3373061.97029900,0
2026-08-11 00:00:00,1873.16000000,1876.04000000,1871.00000000,1875.32000000,5360.81210000,2026-08-11 00:59:59.999,10042400.64492700,41402,2211.22030000,4142033.73128500,0
2026-08-11 01:00:00,1875.31000000,1878.60000000,1873.49000000,1878.14000000,4604.82170000,2026-08-11 01:59:59.999,8641130.58306700,51159,2341.58230000,4394166.17056800,0
2026-08-11 02:00:00,1878.13000000,1881.78000000,1877.36000000,1878.60000000,5445.04660000,2026-08-11 02:59:59.999,10230190.02462400,24182,3411.61430000,6410476.39577800,0
2026-08-11 03:00:00,1878.61000000,1881.78000000,1878.60000000,1881.03000000,3766.38880000,2026-08-11 03:59:59.999,7082644.73181700,19079,1945.10150000,3657704.23343600,0
2026-08-11 04:00:00,1881.02000000,1882.18000000,1876.22000000,1876.25000000,3740.00490000,2026-08-11 04:59:59.999,7028080.20442200,14711,1392.21450000,2616004.73902800,0
2026-08-11 05:00:00,1876.25000000,1876.81000000,1872.19000000,1874.03000000,5181.40130000,2026-08-11 05:59:59.999,9715431.40772700,23652,1718.90580000,3223293.58598800,0
2026-08-11 06:00:00,1874.03000000,1875.02000000,1870.86000000,1874.24000000,9415.54660000,2026-08-11 06:59:59.999,17634100.92793800,49195,3327.40790000,6231872.30304900,0
2026-08-11 07:00:00,1874.25000000,1879.34000000,1870.29000000,1877.95000000,10253.55980000,2026-08-11 07:59:59.999,19235015.79681200,56073,5211.29660000,9776963.80695100,0
2026-08-11 08:00:00,1877.95000000,1880.39000000,1875.75000000,1879.21000000,8442.73990000,2026-08-11 08:59:59.999,15853015.79070100,34335,2990.85490000,5615407.72015600,0
2026-08-11 09:00:00,1879.20000000,1885.41000000,1877.32000000,1885.41000000,8242.42180000,2026-08-11 09:59:59.999,15495374.35218200,43078,3687.86780000,6934930.15086600,0
2026-08-11 10:00:00,1885.41000000,1889.00000000,1882.66000000,1886.16000000,7409.16800000,2026-08-11 10:59:59.999,13974141.48977100,62714,3926.12260000,7405006.54095600,0
2026-08-11 11:00:00,1886.17000000,1895.60000000,1886.17000000,1892.97000000,9187.16450000,2026-08-11 11:59:59.999,17383756.00708400,61501,5230.81660000,9895216.30164000,0
2026-08-11 12:00:00,1892.96000000,1897.80000000,1887.34000000,1888.00000000,10397.17250000,2026-08-11 12:59:59.999,19673979.92585900,69253,5454.55530000,10322825.09787600,0
2026-08-11 13:00:00,1888.00000000,1892.69000000,1883.63000000,1890.03000000,9070.30610000,2026-08-11 13:59:59.999,17129362.55246900,101714,4424.50090000,8356248.30041400,0
2026-08-11 14:00:00,1890.02000000,1891.61000000,1870.33000000,1873.69000000,14477.25280000,2026-08-11 14:59:59.999,27191075.36667200,137628,5618.36740000,10552147.28102100,0
2026-08-11 15:00:00,1873.68000000,1877.71000000,1853.62000000,1862.74000000,22054.18420000,2026-08-11 15:59:59.999,41144004.52279300,186351,8706.65390000,16246848.83985400,0
2026-08-11 16:00:00,1862.75000000,1867.06000000,1859.78000000,1864.82000000,8942.38770000,2026-08-11 16:59:59.999,16669520.62995900,101306,3777.61940000,7042552.25583600,0
2026-08-11 17:00:00,1864.83000000,1867.95000000,1862.88000000,1864.69000000,6492.29210000,2026-08-11 17:59:59.999,12105797.06254800,45362,2492.17020000,4647087.65322900,0
2026-08-11 18:00:00,1864.69000000,1867.09000000,1860.00000000,1866.03000000,7345.34460000,2026-08-11 18:59:59.999,13690820.47486800,63147,3149.63780000,5871152.53059300,0
2026-08-11 19:00:00,1866.03000000,1884.83000000,1862.90000000,1881.90000000,9965.28980000,2026-08-11 19:59:59.999,18672022.63178100,72580,5707.68420000,10695202.73901900,0
2026-08-11 20:00:00,1881.90000000,1885.38000000,1879.09000000,1882.22000000,7300.62730000,2026-08-11 20:59:59.999,13737497.57553100,61230,4150.56900000,7809914.30495700,0
2026-08-11 21:00:00,1882.22000000,1885.32000000,1880.43000000,1884.68000000,6936.39190000,2026-08-11 21:59:59.999,13056859.83746400,52615,3722.32220000,7006098.01252300,0
2026-08-11 22:00:00,1884.68000000,1887.64000000,1879.61000000,1882.16000000,5904.54620000,2026-08-11 22:59:59.999,11124123.18058200,40233,3290.74070000,6200457.70514500,0
2026-08-11 23:00:00,1882.17000000,1884.41000000,1878.92000000,1882.59000000,3365.64540000,2026-08-11 23:59:59.999,6333158.21629100,28639,1544.38540000,2906095.53068900,0
2026-08-12 00:00:00,1882.58000000,1883.72000000,1880.65000000,1882.35000000,4050.86790000,2026-08-12 00:59:59.999,7624098.99551700,38019,2047.92590000,3854445.11990800,0
2026-08-12 01:00:00,1882.36000000,1886.53000000,1881.11000000,1884.77000000,4162.09730000,2026-08-12 01:59:59.999,7841706.23844100,32440,2174.47790000,4096542.58480400,0
2026-08-12 02:00:00,1884.77000000,1887.91000000,1883.59000000,1884.47000000,3454.69530000,2026-08-12 02:59:59.999,6513812.48759500,37085,1533.16260000,2890771.85884500,0
2026-08-12 03:00:00,1884.48000000,1887.33000000,1882.66000000,1886.62000000,2942.85080000,2026-08-12 03:59:59.999,5547353.28203600,25843,1340.58390000,2527203.61715100,0
2026-08-12 04:00:00,1886.63000000,1893.37000000,1885.47000000,1889.42000000,6246.90580000,2026-08-12 04:59:59.999,11806913.90164800,40360,3846.38130000,7271579.10593300,0
2026-08-12 05:00:00,1889.41000000,1892.44000000,1886.77000000,1891.71000000,3205.70910000,2026-08-12 05:59:59.999,6060523.35957500,28935,1635.78860000,3092715.14577800,0
2026-08-12 06:00:00,1891.70000000,1891.71000000,1885.38000000,1887.73000000,4888.44750000,2026-08-12 06:59:59.999,9227573.31528100,32755,1597.60620000,3015232.02226500,0
2026-08-12 07:00:00,1887.74000000,1891.82000000,1886.34000000,1891.69000000,4124.27430000,2026-08-12 07:59:59.999,7792725.16104400,31865,1949.60390000,3683994.91251200,0
2026-08-12 08:00:00,1891.70000000,1896.11000000,1890.63000000,1890.95000000,4725.34540000,2026-08-12 08:59:59.999,8945390.43743300,48291,2654.55890000,5025254.20893400,0
2026-08-12 09:00:00,1890.94000000,1909.63000000,1890.00000000,1905.84000000,13427.15490000,2026-08-12 09:59:59.999,25540201.99825300,96406,7273.02750000,13831434.22737100,0
2026-08-12 10:00:00,1905.84000000,1915.54000000,1905.84000000,1909.17000000,12974.71640000,2026-08-12 10:59:59.999,24799778.25649900,98374,6014.54420000,11496501.40859600,0
2026-08-12 11:00:00,1909.18000000,1915.99000000,1907.41000000,1915.57000000,6783.14870000,2026-08-12 11:59:59.999,12973558.03447200,45482,3430.17170000,6560313.34028600,0
2026-08-12 12:00:00,1915.58000000,1925.00000000,1905.52000000,1911.32000000,22567.20840000,2026-08-12 12:59:59.999,43201483.00527700,165700,10712.08090000,20516241.99400200,0
2026-08-12 13:00:00,1911.31000000,1912.60000000,1900.04000000,1901.32000000,11484.43350000,2026-08-12 13:59:59.999,21889394.77209000,133209,5912.65500000,11269273.29789600,0
2026-08-12 14:00:00,1901.31000000,1903.71000000,1885.00000000,1887.79000000,15718.62200000,2026-08-12 14:59:59.999,29752434.59767800,200574,6884.60960000,13031161.00082900,0
2026-08-12 15:00:00,1887.78000000,1896.29000000,1884.54000000,1892.75000000,7679.75580000,2026-08-12 15:59:59.999,14536243.36998400,106018,3944.38610000,7465474.93043300,0
2026-08-12 16:00:00,1892.75000000,1895.77000000,1889.24000000,1890.70000000,5223.56710000,2026-08-12 16:59:59.999,9887093.20105600,60032,2613.30970000,4945959.59729500,0
2026-08-12 17:00:00,1890.70000000,1891.89000000,1885.12000000,1888.14000000,6045.24960000,2026-08-12 17:59:59.999,11415795.09006300,48863,2774.41690000,5239403.14952400,0
2026-08-12 18:00:00,1888.13000000,1891.33000000,1885.50000000,1885.55000000,3671.54720000,2026-08-12 18:59:59.999,6931202.74230700,41772,1890.55200000,3568985.85498300,0
2026-08-12 19:00:00,1885.54000000,1886.80000000,1877.98000000,1879.38000000,6667.36740000,2026-08-12 19:59:59.999,12548250.33926600,70109,2711.62860000,5104017.88586400,0
2026-08-12 20:00:00,1879.37000000,1887.68000000,1877.81000000,1886.60000000,4232.15130000,2026-08-12 20:59:59.999,7969891.58267600,30246,2792.93280000,5260247.99019100,0
2026-08-12 21:00:00,1886.60000000,1889.47000000,1873.29000000,1877.95000000,7857.95490000,2026-08-12 21:59:59.999,14784294.46025200,72634,3579.18690000,6735569.00037500,0
2026-08-12 22:00:00,1877.94000000,1881.37000000,1875.63000000,1878.45000000,5234.38730000,2026-08-12 22:59:59.999,9834197.76475500,47197,2649.41400000,4977745.28963200,0
2026-08-12 23:00:00,1878.46000000,1880.11000000,1874.81000000,1879.81000000,3887.53960000,2026-08-12 23:59:59.999,7298807.14790000,32335,2126.63070000,3992843.68485200,0
2026-08-13 00:00:00,1879.80000000,1885.55000000,1877.26000000,1880.29000000,6876.09250000,2026-08-13 00:59:59.999,12935742.76570600,63185,3616.48050000,6803680.91630300,0
2026-08-13 01:00:00,1880.28000000,1882.83000000,1875.01000000,1878.09000000,6179.03070000,2026-08-13 01:59:59.999,11607857.33605900,43123,2927.95170000,5500296.60596400,0
2026-08-13 02:00:00,1878.09000000,1883.28000000,1873.17000000,1881.93000000,5675.98320000,2026-08-13 02:59:59.999,10656298.64071900,47544,3120.94580000,5860530.60839600,0
2026-08-13 03:00:00,1881.94000000,1888.89000000,1881.68000000,1887.52000000,6304.26060000,2026-08-13 03:59:59.999,11881752.13927600,43224,3893.82180000,7338689.11584900,0
2026-08-13 04:00:00,1887.52000000,1894.99000000,1885.46000000,1892.37000000,4484.43650000,2026-08-13 04:59:59.999,8475227.78805800,46796,2694.64410000,5093074.71372800,0
2026-08-13 05:00:00,1892.37000000,1900.00000000,1891.77000000,1895.81000000,7618.33590000,2026-08-13 05:59:59.999,14454297.76531800,68798,4356.09060000,8265012.80661000,0
2026-08-13 06:00:00,1895.80000000,1898.62000000,1892.17000000,1898.62000000,3461.10790000,2026-08-13 06:59:59.999,6557908.48958600,41673,1718.16860000,3255935.93136200,0
2026-08-13 07:00:00,1898.62000000,1898.93000000,1895.31000000,1895.57000000,4212.47450000,2026-08-13 07:59:59.999,7990989.85394200,24991,2228.58210000,4227537.17355000,0
2026-08-13 08:00:00,1895.57000000,1897.00000000,1888.38000000,1890.05000000,7584.88910000,2026-08-13 08:59:59.999,14349150.27972200,39318,4062.56270000,7684748.76618800,0
2026-08-13 09:00:00,1890.05000000,1890.59000000,1881.39000000,1889.78000000,5856.48520000,2026-08-13 09:59:59.999,11051519.56808700,54141,3104.75810000,5858848.52534800,0
2026-08-13 10:00:00,1889.78000000,1890.24000000,1882.08000000,1883.17000000,8965.85760000,2026-08-13 10:59:59.999,16901614.56288300,71400,4718.01160000,8894645.92685900,0
2026-08-13 11:00:00,1883.18000000,1883.72000000,1875.49000000,1880.39000000,7000.70250000,2026-08-13 11:59:59.999,13154267.41907700,74561,3664.96080000,6885728.84934300,0
2026-08-13 12:00:00,1880.40000000,1890.18000000,1879.17000000,1889.04000000,6735.80490000,2026-08-13 12:59:59.999,12703819.13409600,69552,3425.37760000,6458682.75424600,0
2026-08-13 13:00:00,1889.04000000,1895.71000000,1887.06000000,1890.39000000,11615.91750000,2026-08-13 13:59:59.999,21974831.32878900,99830,6286.77620000,11893064.39673900,0
2026-08-13 14:00:00,1890.39000000,1897.36000000,1888.64000000,1893.43000000,7248.05180000,2026-08-13 14:59:59.999,13724452.48459700,82960,3819.43120000,7232882.03702600,0
2026-08-13 15:00:00,1893.44000000,1896.04000000,1880.00000000,1880.01000000,7332.76450000,2026-08-13 15:59:59.999,13849415.40443900,85990,3115.68430000,5884498.90810100,0
2026-08-13 16:00:00,1880.01000000,1884.94000000,1863.67000000,1874.85000000,20788.59950000,2026-08-13 16:59:59.999,38955625.02456700,173037,9804.77280000,18376603.75428900,0
2026-08-13 17:00:00,1874.86000000,1881.01000000,1873.73000000,1876.98000000,5292.36090000,2026-08-13 17:59:59.999,9936133.65976900,90989,2812.45600000,5279608.06568700,0
2026-08-13 18:00:00,1876.98000000,1887.30000000,1876.63000000,1885.52000000,3857.16630000,2026-08-13 18:59:59.999,7256493.91614300,82423,2152.56520000,4049796.62155700,0
2026-08-13 19:00:00,1885.52000000,1892.73000000,1885.16000000,1887.41000000,6746.66040000,2026-08-13 19:59:59.999,12739657.15690200,92271,3015.33450000,5693438.77117700,0
2026-08-13 20:00:00,1887.41000000,1889.56000000,1885.32000000,1886.43000000,2575.24890000,2026-08-13 20:59:59.999,4860454.99218200,26996,1087.19680000,2052079.46754900,0
2026-08-13 21:00:00,1886.43000000,1889.47000000,1886.01000000,1888.76000000,1906.73760000,2026-08-13 21:59:59.999,3600116.15071300,24656,981.56940000,1853177.69612800,0
2026-08-13 22:00:00,1888.77000000,1893.03000000,1888.60000000,1889.40000000,2636.37600000,2026-08-13 22:59:59.999,4984921.40475900,31627,1353.45780000,2559190.50415500,0
2026-08-13 23:00:00,1889.41000000,1889.41000000,1884.60000000,1886.15000000,3185.28630000,2026-08-13 23:59:59.999,6008747.40788300,35772,1382.02360000,2606948.32861500,0
2026-08-14 00:00:00,1886.16000000,1889.49000000,1883.53000000,1889.40000000,3116.90900000,2026-08-14 00:59:59.999,5881080.94592600,41572,1499.45080000,2829200.38304400,0
2026-08-14 01:00:00,1889.40000000,1890.23000000,1884.85000000,1889.41000000,3101.18480000,2026-08-14 01:59:59.999,5853655.40136100,41612,1362.80660000,2572484.36410700,0
2026-08-14 02:00:00,1889.41000000,1891.30000000,1886.05000000,1886.62000000,2797.74200000,2026-08-14 02:59:59.999,5283579.85262600,29486,910.00980000,1718813.68886500,0
2026-08-14 03:00:00,1886.63000000,1889.07000000,1882.44000000,1883.00000000,2946.71220000,2026-08-14 03:59:59.999,5554379.11956400,31200,1339.96560000,2525728.79690500,0
2026-08-14 04:00:00,1883.00000000,1887.87000000,1882.16000000,1884.77000000,2282.52470000,2026-08-14 04:59:59.999,4303339.90854200,21477,1311.60220000,2472602.02289100,0
2026-08-14 05:00:00,1884.78000000,1885.54000000,1880.55000000,1884.07000000,2570.60380000,2026-08-14 05:59:59.999,4840805.40061100,26231,910.84170000,1715057.81691500,0
2026-08-14 06:00:00,1884.07000000,1884.08000000,1872.83000000,1872.85000000,6617.59570000,2026-08-14 06:59:59.999,12424336.37344500,61080,2595.47250000,4872265.42131400,0
2026-08-14 07:00:00,1872.86000000,1878.29000000,1872.28000000,1873.40000000,5655.44670000,2026-08-14 07:59:59.999,10606939.68569800,44206,3153.62210000,5914724.28865700,0
2026-08-14 08:00:00,1873.40000000,1878.71000000,1869.32000000,1878.71000000,7520.23780000,2026-08-14 08:59:59.999,14086531.00953400,75475,4148.21860000,7770343.38288800,0
2026-08-14 09:00:00,1878.72000000,1878.91000000,1871.34000000,1873.22000000,3960.72960000,2026-08-14 09:59:59.999,7424711.25692100,51616,1752.06890000,3284197.35433500,0
2026-08-14 10:00:00,1873.21000000,1878.43000000,1872.51000000,1876.19000000,5023.66300000,2026-08-14 10:59:59.999,9427187.31999600,52911,3503.73480000,6575251.91890100,0
2026-08-14 11:00:00,1876.18000000,1881.19000000,1875.07000000,1878.20000000,3998.06160000,2026-08-14 11:59:59.999,7508532.67869600,39652,1742.64250000,3272487.72483600,0
2026-08-14 12:00:00,1878.20000000,1879.59000000,1873.00000000,1873.51000000,5265.50620000,2026-08-14 12:59:59.999,9880101.01695500,56089,2777.50830000,5211223.73700500,0
2026-08-14 13:00:00,1873.51000000,1873.94000000,1866.43000000,1869.97000000,9113.79040000,2026-08-14 13:59:59.999,17040005.05623600,124928,4147.87880000,7754747.94959600,0
2026-08-14 14:00:00,1869.98000000,1873.54000000,1864.28000000,1866.93000000,7118.76420000,2026-08-14 14:59:59.999,13299671.21869800,117451,3053.73320000,5705972.32408100,0
2026-08-14 15:00:00,1866.94000000,1884.71000000,1866.28000000,1881.56000000,9527.92980000,2026-08-14 15:59:59.999,17892917.18937400,113842,5652.77710000,10612004.55766100,0
2026-08-14 16:00:00,1881.56000000,1888.42000000,1879.32000000,1885.41000000,6301.79910000,2026-08-14 16:59:59.999,11871656.85909600,65445,3262.80020000,6146143.17669100,0
2026-08-14 17:00:00,1885.41000000,1887.66000000,1876.71000000,1878.57000000,4644.54130000,2026-08-14 17:59:59.999,8745748.30992900,56812,1954.89020000,3680999.69795600,0
2026-08-14 18:00:00,1878.57000000,1879.00000000,1873.70000000,1875.76000000,4800.95520000,2026-08-14 18:59:59.999,9010964.90076800,56596,2917.03730000,5474946.22920900,0
2026-08-14 19:00:00,1875.75000000,1881.96000000,1873.86000000,1880.89000000,3705.05200000,2026-08-14 19:59:59.999,6956698.28914900,50641,2143.54740000,4024532.57358800,0
2026-08-14 20:00:00,1880.89000000,1881.90000000,1878.95000000,1880.42000000,1812.27980000,2026-08-14 20:59:59.999,3407435.36712100,28299,870.71290000,1637125.03595400,0
2026-08-14 21:00:00,1880.42000000,1881.25000000,1877.35000000,1879.44000000,2133.29250000,2026-08-14 21:59:59.999,4008539.67235600,60105,963.29880000,1810001.36669700,0
2026-08-14 22:00:00,1879.43000000,1881.16000000,1876.10000000,1879.77000000,2175.34150000,2026-08-14 22:59:59.999,4086470.92254200,41398,911.98870000,1713150.82460500,0
2026-08-14 23:00:00,1879.77000000,1882.67000000,1878.74000000,1882.20000000,1933.11050000,2026-08-14 23:59:59.999,3635399.70881500,31104,913.00820000,1716960.78999500,0
2026-08-15 00:00:00,1882.20000000,1883.48000000,1881.71000000,1882.41000000,1606.54100000,2026-08-15 00:59:59.999,3024374.14656500,19087,774.02500000,1457049.58262200,0
2026-08-15 01:00:00,1882.41000000,1884.69000000,1881.12000000,1884.00000000,1837.37120000,2026-08-15 01:59:59.999,3459886.68661300,16732,871.84270000,1641769.66650900,0
2026-08-15 02:00:00,1884.00000000,1885.82000000,1883.99000000,1884.94000000,1694.97880000,2026-08-15 02:59:59.999,3194881.87194500,15039,808.10480000,1523148.69807800,0
2026-08-15 03:00:00,1884.94000000,1886.59000000,1882.68000000,1882.68000000,2004.67130000,2026-08-15 03:59:59.999,3778648.31502500,13256,927.87690000,1749144.82741100,0
2026-08-15 04:00:00,1882.69000000,1885.69000000,1882.69000000,1884.37000000,1352.45490000,2026-08-15 04:59:59.999,2548607.77278800,16018,645.67620000,1216703.03774800,0
2026-08-15 05:00:00,1884.38000000,1885.36000000,1880.00000000,1880.66000000,1880.87640000,2026-08-15 05:59:59.999,3540688.26385500,22812,939.02650000,1767516.19029900,0
2026-08-15 06:00:00,1880.67000000,1883.61000000,1880.02000000,1882.16000000,2440.64450000,2026-08-15 06:59:59.999,4590961.79491100,23661,1307.66040000,2459623.16827200,0
2026-08-15 07:00:00,1882.17000000,1882.59000000,1880.19000000,1880.40000000,1371.52800000,2026-08-15 07:59:59.999,2580395.39996900,14865,735.09280000,1383002.03704300,0
2026-08-15 08:00:00,1880.40000000,1881.69000000,1876.53000000,1877.05000000,3447.57780000,2026-08-15 08:59:59.999,6480815.83413400,26194,1905.44890000,3582170.27462600,0
2026-08-15 09:00:00,1877.04000000,1881.32000000,1876.01000000,1880.44000000,2238.47740000,2026-08-15 09:59:59.999,4204402.21577000,20169,1301.28390000,2443836.44072800,0
2026-08-15 10:00:00,1880.45000000,1881.39000000,1878.42000000,1881.01000000,1442.55920000,2026-08-15 10:59:59.999,2711632.16243800,10102,799.92280000,1503650.60007000,0
2026-08-15 11:00:00,1881.00000000,1881.30000000,1879.24000000,1879.49000000,980.57670000,2026-08-15 11:59:59.999,1843613.46540400,8205,404.80200000,761048.68280100,0
2026-08-15 12:00:00,1879.49000000,1883.97000000,1878.19000000,1883.86000000,2231.11530000,2026-08-15 12:59:59.999,4194589.14595100,14095,1332.26810000,2505152.54797400,0
2026-08-15 13:00:00,1883.86000000,1884.93000000,1882.33000000,1883.86000000,3670.78430000,2026-08-15 13:59:59.999,6914476.06380300,34355,1286.43220000,2423108.08625800,0
2026-08-15 14:00:00,1883.85000000,1884.61000000,1881.47000000,1883.56000000,2116.74170000,2026-08-15 14:59:59.999,3985779.67504400,18237,827.66070000,1558417.25713100,0
2026-08-15 15:00:00,1883.55000000,1885.83000000,1883.11000000,1884.91000000,2355.06370000,2026-08-15 15:59:59.999,4438525.14789500,22560,853.28310000,1608012.89674000,0
2026-08-15 16:00:00,1884.92000000,1885.70000000,1883.92000000,1884.98000000,2801.72120000,2026-08-15 16:59:59.999,5280361.61595500,17307,1272.27300000,2397758.84358600,0
2026-08-15 17:00:00,1884.98000000,1886.58000000,1883.03000000,1884.49000000,3077.76510000,2026-08-15 17:59:59.999,5800016.75116400,19078,1653.89910000,3116558.75680800,0
2026-08-15 18:00:00,1884.49000000,1885.80000000,1882.59000000,1882.82000000,1235.80780000,2026-08-15 18:59:59.999,2328016.50632500,10512,576.33040000,1085836.28425100,0
2026-08-15 19:00:00,1882.82000000,1884.97000000,1882.82000000,1884.55000000,1114.24860000,2026-08-15 19:59:59.999,2099187.57710200,10135,473.53730000,892119.72318200,0
2026-08-15 20:00:00,1884.55000000,1884.56000000,1882.80000000,1883.42000000,847.55230000,2026-08-15 20:59:59.999,1596368.66174300,6983,438.29830000,825503.75027300,0
2026-08-15 21:00:00,1883.41000000,1885.60000000,1883.41000000,1885.17000000,2194.46820000,2026-08-15 21:59:59.999,4136130.56695600,13622,1240.45640000,2337887.35956800,0
2026-08-15 22:00:00,1885.16000000,1885.80000000,1884.46000000,1884.84000000,1889.86220000,2026-08-15 22:59:59.999,3562487.32349700,16280,789.84240000,1488847.36209500,0
2026-08-15 23:00:00,1884.84000000,1884.85000000,1881.98000000,1882.64000000,2363.70330000,2026-08-15 23:59:59.999,4451396.25696700,20326,848.43600000,1597749.77243700,0
2026-08-16 00:00:00,1882.64000000,1883.33000000,1881.67000000,1882.57000000,1935.03430000,2026-08-16 00:59:59.999,3643019.02720500,15327,948.55530000,1785835.46514900,0
2026-08-16 01:00:00,1882.57000000,1882.57000000,1877.01000000,1880.54000000,2701.76600000,2026-08-16 01:59:59.999,5079751.31926300,31157,1442.44100000,2711783.26143900,0
2026-08-16 02:00:00,1880.54000000,1885.00000000,1879.09000000,1883.71000000,2554.00220000,2026-08-16 02:59:59.999,4809184.68941600,27559,1366.22750000,2572123.40306500,0
2026-08-16 03:00:00,1883.71000000,1884.28000000,1883.03000000,1883.30000000,1706.06100000,2026-08-16 03:59:59.999,3213921.24038700,13711,566.97940000,1068009.55815500,0
2026-08-16 04:00:00,1883.31000000,1884.56000000,1880.60000000,1881.70000000,1293.68130000,2026-08-16 04:59:59.999,2435789.06682100,10829,576.77390000,1085923.72504000,0
2026-08-16 05:00:00,1881.70000000,1881.92000000,1879.16000000,1879.81000000,2045.05830000,2026-08-16 05:59:59.999,3846070.38533600,19943,1208.18820000,2272091.68562800,0
2026-08-16 06:00:00,1879.82000000,1881.59000000,1879.00000000,1880.58000000,1889.91230000,2026-08-16 06:59:59.999,3553181.17258600,16171,1171.72930000,2202918.85944700,0
2026-08-16 07:00:00,1880.58000000,1881.65000000,1879.91000000,1881.54000000,1099.70080000,2026-08-16 07:59:59.999,2068406.95406600,8983,516.66570000,971724.56260800,0
2026-08-16 08:00:00,1881.54000000,1881.56000000,1880.48000000,1880.94000000,1229.38450000,2026-08-16 08:59:59.999,2312351.54669200,9110,565.52180000,1063676.93190300,0
2026-08-16 09:00:00,1880.94000000,1882.52000000,1879.27000000,1880.43000000,3170.62500000,2026-08-16 09:59:59.999,5965166.44843100,16651,1775.81770000,3341174.17515100,0
2026-08-16 10:00:00,1880.42000000,1881.17000000,1879.62000000,1880.79000000,2045.37280000,2026-08-16 10:59:59.999,3845846.21564500,15766,1058.51450000,1990187.80209500,0
2026-08-16 11:00:00,1880.80000000,1881.08000000,1880.16000000,1880.94000000,1272.20430000,2026-08-16 11:59:59.999,2392495.19014000,8859,642.89180000,1208990.68911800,0
2026-08-16 12:00:00,1880.94000000,1880.95000000,1879.32000000,1879.83000000,1107.62500000,2026-08-16 12:59:59.999,2082508.37941300,8389,415.42720000,781037.13827400,0
2026-08-16 13:00:00,1879.82000000,1881.97000000,1879.82000000,1881.96000000,1623.84620000,2026-08-16 13:59:59.999,3054910.28106300,11405,588.16050000,1106418.56930000,0
2026-08-16 14:00:00,1881.96000000,1884.49000000,1881.96000000,1883.50000000,2932.84280000,2026-08-16 14:59:59.999,5523015.75822800,19193,910.84770000,1714989.40923300,0
2026-08-16 15:00:00,1883.51000000,1885.00000000,1882.33000000,1884.06000000,3467.91270000,2026-08-16 15:59:59.999,6533609.39480500,17752,768.97160000,1448410.73179400,0
2026-08-16 16:00:00,1884.06000000,1892.31000000,1884.06000000,1889.58000000,7235.12960000,2026-08-16 16:59:59.999,13665068.49135200,48312,4231.27930000,7990571.38291800,0
2026-08-16 17:00:00,1889.59000000,1891.03000000,1883.81000000,1885.17000000,2517.05160000,2026-08-16 17:59:59.999,4749498.23799200,32086,1076.44270000,2030920.81428800,0
2026-08-16 18:00:00,1885.18000000,1886.41000000,1882.63000000,1885.49000000,2646.97340000,2026-08-16 18:59:59.999,4989995.58854100,25521,1424.96710000,2686222.37808600,0
2026-08-16 19:00:00,1885.49000000,1888.75000000,1884.48000000,1885.83000000,2513.23180000,2026-08-16 19:59:59.999,4741622.18828100,17466,1128.88670000,2129580.71161800,0
2026-08-16 20:00:00,1885.83000000,1887.58000000,1881.59000000,1882.00000000,2666.99500000,2026-08-16 20:59:59.999,5026717.44045900,24657,1524.41540000,2873030.37388900,0
2026-08-16 21:00:00,1881.99000000,1882.92000000,1869.17000000,1875.56000000,8003.70770000,2026-08-16 21:59:59.999,15022385.67229500,77990,4204.06910000,7892004.97668900,0
2026-08-16 22:00:00,1875.55000000,1878.26000000,1869.26000000,1876.05000000,7937.83920000,2026-08-16 22:59:59.999,14874989.77681500,71071,4502.54030000,8437870.23780300,0
2026-08-16 23:00:00,1876.05000000,1877.48000000,1873.54000000,1876.00000000,2978.46530000,2026-08-16 23:59:59.999,5586357.46577100,25584,1490.89040000,2796272.06905400,0
2026-08-17 00:00:00,1876.01000000,1880.19000000,1872.46000000,1878.93000000,4630.54280000,2026-08-17 00:59:59.999,8684655.36478600,53617,2982.54370000,5593724.41132500,0
2026-08-17 01:00:00,1878.92000000,1897.29000000,1878.21000000,1891.65000000,16219.94160000,2026-08-17 01:59:59.999,30692336.29068600,165125,8114.96040000,15353541.64508500,0
2026-08-17 02:00:00,1891.66000000,1908.62000000,1888.72000000,1902.36000000,13096.95510000,2026-08-17 02:59:59.999,24865925.21390100,84723,7060.69080000,13411348.22290000,0
2026-08-17 03:00:00,1902.35000000,1905.00000000,1898.06000000,1900.92000000,8249.92720000,2026-08-17 03:59:59.999,15688491.03164600,44225,4957.95210000,9428210.43915000,0
2026-08-17 04:00:00,1900.93000000,1904.73000000,1900.93000000,1903.34000000,4623.49040000,2026-08-17 04:59:59.999,8799176.34598700,31151,1998.55620000,3803063.20864400,0
2026-08-17 05:00:00,1903.33000000,1904.00000000,1898.25000000,1899.65000000,4151.26190000,2026-08-17 05:59:59.999,7891005.15711900,23469,1600.73810000,3042900.32398000,0
2026-08-17 06:00:00,1899.66000000,1912.60000000,1897.13000000,1907.05000000,12834.59660000,2026-08-17 06:59:59.999,24452565.11286500,55801,7690.03860000,14657688.23706400,0
2026-08-17 07:00:00,1907.06000000,1907.93000000,1900.77000000,1900.93000000,8547.83790000,2026-08-17 07:59:59.999,16273245.18296400,48985,3107.95040000,5917788.10498800,0
2026-08-17 08:00:00,1900.93000000,1901.72000000,1891.57000000,1894.43000000,8015.96060000,2026-08-17 08:59:59.999,15192856.74279600,68904,3462.60170000,6562464.12643600,0
2026-08-17 09:00:00,1894.44000000,1897.40000000,1893.15000000,1894.02000000,3286.33750000,2026-08-17 09:59:59.999,6228498.54316500,30774,1336.95090000,2533534.56233700,0
2026-08-17 10:00:00,1894.02000000,1909.49000000,1892.16000000,1907.16000000,7049.52370000,2026-08-17 10:59:59.999,13408415.12306800,82525,3765.48140000,7163922.24003200,0
2026-08-17 11:00:00,1907.15000000,1908.55000000,1904.09000000,1904.46000000,4836.45820000,2026-08-17 11:59:59.999,9219732.95243000,44873,2514.46720000,4793195.57279900,0
2026-08-17 12:00:00,1904.46000000,1906.71000000,1896.46000000,1899.22000000,6347.62160000,2026-08-17 12:59:59.999,12066540.91082400,50820,2493.06820000,4738745.22018400,0
2026-08-17 13:00:00,1899.22000000,1909.11000000,1896.28000000,1904.92000000,10174.41950000,2026-08-17 13:59:59.999,19364982.45778200,108919,4687.42050000,8922899.29432600,0
2026-08-17 14:00:00,1904.92000000,1911.51000000,1898.37000000,1909.61000000,7986.33910000,2026-08-17 14:59:59.999,15204564.23366100,67893,4018.05170000,7652581.79975100,0
2026-08-17 15:00:00,1909.61000000,1915.50000000,1904.54000000,1913.22000000,15263.45710000,2026-08-17 15:59:59.999,29158177.52139300,104566,8201.27080000,15665235.59566300,0
2026-08-17 16:00:00,1913.22000000,1913.85000000,1905.37000000,1907.22000000,5506.45390000,2026-08-17 16:59:59.999,10513140.96133800,62263,2387.90710000,4558712.23365200,0
2026-08-17 17:00:00,1907.21000000,1914.19000000,1904.59000000,1908.91000000,8926.76780000,2026-08-17 17:59:59.999,17035160.01803200,88464,5434.25610000,10369983.75152700,0
2026-08-17 18:00:00,1908.90000000,1912.91000000,1907.33000000,1910.01000000,5594.82430000,2026-08-17 18:59:59.999,10686552.11449900,50451,3133.73350000,5985653.78427100,0
2026-08-17 19:00:00,1910.00000000,1910.92000000,1906.69000000,1907.25000000,3725.48070000,2026-08-17 19:59:59.999,7110114.14949400,40234,1784.03310000,3404674.82721900,0
2026-08-17 20:00:00,1907.24000000,1910.77000000,1905.00000000,1906.73000000,4484.51940000,2026-08-17 20:59:59.999,8553569.13524000,35134,2469.06570000,4709205.99718300,0
2026-08-17 21:00:00,1906.73000000,1908.82000000,1905.91000000,1906.35000000,2958.00050000,2026-08-17 21:59:59.999,5641525.41406200,30229,1251.32650000,2386287.88486900,0
2026-08-17 22:00:00,1906.35000000,1908.03000000,1903.59000000,1904.55000000,2080.02920000,2026-08-17 22:59:59.999,3962758.13337700,22308,964.26660000,1836994.64639200,0
2026-08-17 23:00:00,1904.56000000,1918.71000000,1904.01000000,1913.60000000,7136.54050000,2026-08-17 23:59:59.999,13653875.92225700,46032,3443.41040000,6588286.39140700,0
2026-08-18 00:00:00,1913.59000000,1914.38000000,1908.62000000,1910.11000000,3608.72130000,2026-08-18 00:59:59.999,6896005.27894400,49104,1516.02990000,2896872.03520000,0
2026-08-18 01:00:00,1910.12000000,1910.33000000,1899.78000000,1901.54000000,5386.46830000,2026-08-18 01:59:59.999,10256314.01613300,42880,2393.71820000,4556389.33410700,0
2026-08-18 02:00:00,1901.53000000,1903.60000000,1889.28000000,1893.19000000,9341.15670000,2026-08-18 02:59:59.999,17709708.19843500,82322,3649.09880000,6918799.34920200,0
2026-08-18 03:00:00,1893.19000000,1895.49000000,1885.78000000,1894.69000000,9433.14640000,2026-08-18 03:59:59.999,17844743.66417600,86921,4271.47770000,8081312.11663500,0
2026-08-18 04:00:00,1894.68000000,1897.70000000,1891.53000000,1896.66000000,4012.21890000,2026-08-18 04:59:59.999,7604546.59192700,32038,1619.80550000,3070198.04076700,0
2026-08-18 05:00:00,1896.66000000,1898.95000000,1892.75000000,1895.63000000,4550.54620000,2026-08-18 05:59:59.999,8628485.98249000,36460,1778.31510000,3371710.17619200,0
2026-08-18 06:00:00,1895.62000000,1906.94000000,1893.64000000,1902.83000000,5111.92410000,2026-08-18 06:59:59.999,9714058.46887300,35246,2481.34440000,4716458.60243000,0
2026-08-18 07:00:00,1902.84000000,1903.27000000,1897.07000000,1898.84000000,5879.05610000,2026-08-18 07:59:59.999,11170421.03388200,37048,3198.46460000,6075746.31732500,0
2026-08-18 08:00:00,1898.83000000,1901.83000000,1893.80000000,1900.30000000,5695.07740000,2026-08-18 08:59:59.999,10810815.91724100,58468,3011.72170000,5717030.96626800,0
2026-08-18 09:00:00,1900.31000000,1900.31000000,1895.58000000,1896.93000000,5741.54250000,2026-08-18 09:59:59.999,10892169.11674300,42764,2811.83780000,5334030.44508400,0
2026-08-18 10:00:00,1896.93000000,1899.56000000,1895.21000000,1898.02000000,3128.37490000,2026-08-18 10:59:59.999,5935706.35434400,32358,1479.37820000,2807072.11171300,0
2026-08-18 11:00:00,1898.01000000,1905.65000000,1897.65000000,1903.11000000,4314.48730000,2026-08-18 11:59:59.999,8210675.45445900,45154,2350.55600000,4472668.52875300,0
2026-08-18 12:00:00,1903.12000000,1904.07000000,1899.11000000,1899.48000000,2694.07780000,2026-08-18 12:59:59.999,5121695.39063000,34602,1163.37430000,2211637.84407600,0
2026-08-18 13:00:00,1899.48000000,1900.00000000,1894.00000000,1897.84000000,6293.10750000,2026-08-18 13:59:59.999,11936879.22166800,62821,2366.22000000,4488217.12577000,0
2026-08-18 14:00:00,1897.84000000,1923.27000000,1897.31000000,1911.02000000,20033.80480000,2026-08-18 14:59:59.999,38325896.69443700,156892,11522.45930000,22046746.08189600,0
2026-08-18 15:00:00,1911.03000000,1919.93000000,1908.44000000,1917.70000000,13621.87220000,2026-08-18 15:59:59.999,26091082.11392600,94584,6387.46290000,12234042.72282100,0
2026-08-18 16:00:00,1917.71000000,1922.30000000,1912.78000000,1918.47000000,8057.24020000,2026-08-18 16:59:59.999,15445136.93229100,69121,3827.51300000,7338429.91513100,0
2026-08-18 17:00:00,1918.47000000,1918.62000000,1911.34000000,1911.38000000,5681.20030000,2026-08-18 17:59:59.999,10878998.51427400,52555,2324.05430000,4450502.44185800,0
2026-08-18 18:00:00,1911.38000000,1917.54000000,1910.81000000,1916.60000000,3514.38370000,2026-08-18 18:59:59.999,6731720.73215300,36324,1560.42040000,2988831.06299700,0
2026-08-18 19:00:00,1916.60000000,1917.58000000,1913.14000000,1913.28000000,3384.34700000,2026-08-18 19:59:59.999,6482386.42653800,31159,1168.86130000,2238580.65029400,0
2026-08-18 20:00:00,1913.28000000,1915.71000000,1911.81000000,1913.02000000,3700.24190000,2026-08-18 20:59:59.999,7080218.21392700,26808,1678.14320000,3210644.55822100,0
2026-08-18 21:00:00,1913.01000000,1915.01000000,1910.87000000,1912.22000000,2957.61320000,2026-08-18 21:59:59.999,5657501.48734600,21885,1023.91630000,1958464.76422500,0
2026-08-18 22:00:00,1912.21000000,1915.35000000,1911.81000000,1913.42000000,4692.06080000,2026-08-18 22:59:59.999,8980060.56597400,32347,2625.07220000,5024060.17157600,0
2026-08-18 23:00:00,1913.42000000,1920.10000000,1912.97000000,1917.85000000,3604.23890000,2026-08-18 23:59:59.999,6913044.75997900,29417,1712.63160000,3284483.59884500,0
2026-08-19 00:00:00,1917.85000000,1919.15000000,1912.14000000,1913.62000000,5165.02390000,2026-08-19 00:59:59.999,9893378.54893300,51220,2264.25080000,4337085.23050000,0
2026-08-19 01:00:00,1913.62000000,1918.08000000,1912.28000000,1913.68000000,5909.34620000,2026-08-19 01:59:59.999,11315886.36882800,47969,3199.95130000,6127533.40745800,0
2026-08-19 02:00:00,1913.68000000,1913.88000000,1907.43000000,1907.70000000,5680.32200000,2026-08-19 02:59:59.999,10850506.09347900,58273,2683.31840000,5125281.46314900,0
2026-08-19 03:00:00,1907.71000000,1915.57000000,1906.19000000,1912.15000000,5541.73250000,2026-08-19 03:59:59.999,10589126.70628300,52473,2689.36530000,5139271.47380900,0
2026-08-19 04:00:00,1912.15000000,1914.56000000,1910.17000000,1910.85000000,4283.97680000,2026-08-19 04:59:59.999,8190060.86321800,25489,1439.01500000,2750984.66373100,0
2026-08-19 05:00:00,1910.84000000,1914.14000000,1909.97000000,1910.27000000,4086.52570000,2026-08-19 05:59:59.999,7814411.54139500,25815,2249.59400000,4301735.89560500,0
2026-08-19 06:00:00,1910.28000000,1917.64000000,1906.00000000,1917.63000000,7204.85310000,2026-08-19 06:59:59.999,13771945.24965500,45178,4201.02080000,8032148.39745200,0
2026-08-19 07:00:00,1917.64000000,1921.32000000,1915.40000000,1916.01000000,9094.66230000,2026-08-19 07:59:59.999,17450377.49677400,52068,5058.00550000,9704971.24166300,0
2026-08-19 08:00:00,1916.01000000,1929.94000000,1915.32000000,1921.52000000,10356.43570000,2026-08-19 08:59:59.999,19918672.61819800,71462,6123.52260000,11778269.77810800,0
2026-08-19 09:00:00,1921.52000000,1923.85000000,1918.20000000,1919.30000000,4615.06760000,2026-08-19 09:59:59.999,8865378.24675400,48835,2261.95590000,4344788.61300300,0
2026-08-19 10:00:00,1919.30000000,1920.24000000,1917.31000000,1920.22000000,3402.42160000,2026-08-19 10:59:59.999,6528462.01554100,29948,1338.33450000,2567650.99407900,0
2026-08-19 11:00:00,1920.23000000,1926.43000000,1919.92000000,1923.06000000,5476.66750000,2026-08-19 11:59:59.999,10532540.94509600,39239,2285.10940000,4394646.72593800,0
2026-08-19 12:00:00,1923.06000000,1943.21000000,1922.05000000,1937.21000000,21644.73320000,2026-08-19 12:59:59.999,41832571.56496200,127481,12781.55880000,24708911.54488900,0
2026-08-19 13:00:00,1937.21000000,1941.65000000,1928.10000000,1932.90000000,25567.29830000,2026-08-19 13:59:59.999,49489752.98145100,193401,11536.54460000,22328266.16455100,0
2026-08-19 14:00:00,1932.91000000,1980.00000000,1932.79000000,1970.60000000,58501.46130000,2026-08-19 14:59:59.999,114446085.43397500,273025,29493.00260000,57669992.02149700,0
2026-08-19 15:00:00,1970.61000000,2115.00000000,1967.40000000,2085.83000000,195088.97530000,2026-08-19 15:59:59.999,399443798.45338000,1019002,107243.33200000,219399126.60036500,0
2026-08-19 16:00:00,2085.83000000,2108.00000000,2082.24000000,2089.55000000,63550.98690000,2026-08-19 16:59:59.999,133134879.61580700,407922,31801.47210000,66639190.50543200,0
2026-08-19 17:00:00,2089.55000000,2093.11000000,2067.43000000,2091.02000000,34540.46510000,2026-08-19 17:59:59.999,71873457.66508900,224324,15921.64320000,33136716.85808100,0
2026-08-19 18:00:00,2091.03000000,2092.60000000,2079.04000000,2091.93000000,17971.86910000,2026-08-19 18:59:59.999,37522687.10996300,167674,9612.62440000,20070586.95923100,0
2026-08-19 19:00:00,2091.92000000,2105.40000000,2088.92000000,2102.02000000,25325.60060000,2026-08-19 19:59:59.999,53124427.27921700,220015,12953.60600000,27171245.42548600,0
2026-08-19 20:00:00,2102.02000000,2241.56000000,2102.02000000,2218.12000000,78138.94400000,2026-08-19 20:59:59.999,169570247.50273300,528975,44760.70500000,97003977.42840400,0
2026-08-19 21:00:00,2218.13000000,2333.65000000,2215.88000000,2286.00000000,138575.53980000,2026-08-19 21:59:59.999,315402229.90346200,1031830,74438.09110000,169479977.37186500,0
2026-08-19 22:00:00,2286.00000000,2290.00000000,2241.27000000,2249.99000000,49292.84320000,2026-08-19 22:59:59.999,111625916.35684800,391197,21004.18990000,47576490.31468700,0
2026-08-19 23:00:00,2250.00000000,2261.70000000,2243.36000000,2252.80000000,20537.59300000,2026-08-19 23:59:59.999,46226931.31326200,146863,9715.73030000,21867136.80664300,0
2026-08-20 00:00:00,2252.81000000,2274.25000000,2251.93000000,2262.24000000,33553.53960000,2026-08-20 00:59:59.999,75932750.01290900,271112,14278.71800000,32316295.78902400,0
2026-08-20 01:00:00,2262.24000000,2270.94000000,2250.00000000,2266.66000000,22246.97460000,2026-08-20 01:59:59.999,50281392.99075200,192545,12453.21680000,28149925.01857100,0
2026-08-20 02:00:00,2266.66000000,2270.68000000,2250.00000000,2251.89000000,13211.38000000,2026-08-20 02:59:59.999,29872263.23429900,137880,5354.31090000,12107477.81401100,0
2026-08-20 03:00:00,2251.88000000,2257.58000000,2221.54000000,2251.21000000,39137.12720000,2026-08-20 03:59:59.999,87515924.77583200,295928,21829.52940000,48775105.61074700,0
2026-08-20 04:00:00,2251.21000000,2258.39000000,2248.46000000,2250.28000000,13799.72230000,2026-08-20 04:59:59.999,31100309.04515400,88422,6920.78180000,15596591.77246300,0
2026-08-20 05:00:00,2250.27000000,2256.99000000,2243.86000000,2248.36000000,13843.92730000,2026-08-20 05:59:59.999,31174360.10735300,85424,6137.39310000,13819297.51100400,0
2026-08-20 06:00:00,2248.36000000,2267.30000000,2238.97000000,2262.76000000,25308.22980000,2026-08-20 06:59:59.999,57005061.03026200,217945,16153.45670000,36385539.29406300,0
2026-08-20 07:00:00,2262.77000000,2264.77000000,2244.10000000,2251.81000000,21215.33000000,2026-08-20 07:59:59.999,47779208.51802400,174103,9014.07050000,20312241.82597600,0
2026-08-20 08:00:00,2251.81000000,2287.26000000,2249.19000000,2282.25000000,39913.34030000,2026-08-20 08:59:59.999,90780242.95647200,370818,22046.93160000,50133110.02914000,0
2026-08-20 09:00:00,2282.26000000,2298.39000000,2275.23000000,2278.56000000,33799.68480000,2026-08-20 09:59:59.999,77329722.91796500,329961,18313.67540000,41911046.73161100,0
2026-08-20 10:00:00,2278.56000000,2295.87000000,2275.54000000,2287.00000000,28676.97970000,2026-08-20 10:59:59.999,65510615.63484500,183607,13173.09000000,30100291.73949400,0
2026-08-20 11:00:00,2286.99000000,2320.00000000,2282.31000000,2296.58000000,46096.06540000,2026-08-20 11:59:59.999,106221495.31255200,405821,28253.96860000,65110246.88821300,0
2026-08-20 12:00:00,2296.59000000,2300.97000000,2268.00000000,2290.23000000,30637.97290000,2026-08-20 12:59:59.999,69942194.56444900,271259,15004.59860000,34254101.36256100,0
2026-08-20 13:00:00,2290.23000000,2298.19000000,2255.68000000,2276.91000000,30967.06930000,2026-08-20 13:59:59.999,70582588.53660400,350824,15422.19130000,35162181.69135400,0
2026-08-20 14:00:00,2276.92000000,2289.33000000,2271.48000000,2281.24000000,20629.55660000,2026-08-20 14:59:59.999,47024512.41118400,283045,10902.99790000,24857457.00539800,0
2026-08-20 15:00:00,2281.24000000,2337.89000000,2281.24000000,2326.41000000,57003.42110000,2026-08-20 15:59:59.999,131650259.84447600,527166,33878.20500000,78244147.24269500,0
2026-08-20 16:00:00,2326.40000000,2360.00000000,2314.44000000,2344.48000000,53188.07470000,2026-08-20 16:59:59.999,124162662.78616300,379106,29419.46070000,68706529.06723600,0
2026-08-20 17:00:00,2344.48000000,2351.28000000,2332.44000000,2344.26000000,26437.31550000,2026-08-20 17:59:59.999,61924892.56459800,241409,12411.84160000,29079189.38100200,0
2026-08-20 18:00:00,2344.25000000,2348.11000000,2310.44000000,2316.38000000,32689.16900000,2026-08-20 18:59:59.999,75997077.88457300,197801,14373.22670000,33403658.31606800,0
2026-08-20 19:00:00,2316.37000000,2332.60000000,2312.14000000,2323.77000000,27281.65660000,2026-08-20 19:59:59.999,63430687.77653800,204600,13632.73430000,31698714.62799100,0
2026-08-20 20:00:00,2323.78000000,2331.50000000,2313.81000000,2318.58000000,8625.88990000,2026-08-20 20:59:59.999,20039847.21840700,108662,3911.61480000,9087748.94629000,0
2026-08-20 21:00:00,2318.58000000,2325.60000000,2313.32000000,2318.81000000,9548.39990000,2026-08-20 21:59:59.999,22142086.13463200,84351,4632.62230000,10743117.82195300,0
2026-08-20 22:00:00,2318.81000000,2319.45000000,2306.67000000,2314.42000000,10626.96340000,2026-08-20 22:59:59.999,24589580.40385200,89733,4999.39800000,11569096.94340400,0
2026-08-20 23:00:00,2314.42000000,2340.00000000,2313.10000000,2326.82000000,10182.93290000,2026-08-20 23:59:59.999,23699380.35954200,149605,5534.50750000,12881374.99512900,0
2026-08-21 00:00:00,2326.83000000,2351.15000000,2324.99000000,2340.82000000,18927.20600000,2026-08-21 00:59:59.999,44286398.64310600,291879,10548.94750000,24684041.61810500,0
2026-08-21 01:00:00,2340.82000000,2380.82000000,2338.00000000,2359.37000000,39451.21760000,2026-08-21 01:59:59.999,93106342.32678900,458978,21940.62320000,51796816.23128800,0
2026-08-21 02:00:00,2359.37000000,2365.00000000,2340.00000000,2345.75000000,22518.60610000,2026-08-21 02:59:59.999,52985423.22770900,246640,9984.69100000,23502332.67057500,0
2026-08-21 03:00:00,2345.75000000,2354.50000000,2337.23000000,2341.04000000,14892.49000000,2026-08-21 03:59:59.999,34955367.42952600,132442,8554.46590000,20085643.41555000,0
2026-08-21 04:00:00,2341.05000000,2356.00000000,2341.05000000,2354.42000000,9675.35920000,2026-08-21 04:59:59.999,22724400.37270400,130255,5399.45990000,12682211.80010600,0
2026-08-21 05:00:00,2354.43000000,2368.76000000,2349.67000000,2368.42000000,12323.73560000,2026-08-21 05:59:59.999,29056352.34616100,161192,6940.28890000,16368018.77325900,0
2026-08-21 06:00:00,2368.42000000,2384.17000000,2355.15000000,2372.47000000,22273.27340000,2026-08-21 06:59:59.999,52787402.94120800,261845,12209.11810000,28938420.78644100,0
2026-08-21 07:00:00,2372.48000000,2398.71000000,2362.66000000,2371.66000000,47035.80810000,2026-08-21 07:59:59.999,111963455.67271100,361691,20050.90230000,47750815.35691300,0
2026-08-21 08:00:00,2371.67000000,2447.98000000,2370.24000000,2444.20000000,66934.02210000,2026-08-21 08:59:59.999,161505204.54317200,501218,34382.60320000,82921144.40384300,0
2026-08-21 09:00:00,2444.20000000,2446.23000000,2376.32000000,2404.00000000,53795.25610000,2026-08-21 09:59:59.999,129292430.58537100,669195,29020.55040000,69764159.56144400,0
2026-08-21 10:00:00,2404.00000000,2411.84000000,2390.64000000,2395.33000000,18901.70030000,2026-08-21 10:59:59.999,45357359.30983800,237460,9954.97150000,23892221.20426000,0
2026-08-21 11:00:00,2395.32000000,2399.18000000,2357.18000000,2370.47000000,34215.04260000,2026-08-21 11:59:59.999,81309099.35822400,348332,16345.44560000,38843260.70254800,0
2026-08-21 12:00:00,2370.48000000,2397.50000000,2365.44000000,2388.62000000,28507.69300000,2026-08-21 12:59:59.999,67931960.66893300,207862,16147.56760000,38456292.16816600,0
2026-08-21 13:00:00,2388.62000000,2406.41000000,2368.08000000,2387.65000000,32241.94400000,2026-08-21 13:59:59.999,76983682.04591000,339576,17660.88430000,42174494.33831300,0
2026-08-21 14:00:00,2387.65000000,2397.45000000,2369.41000000,2393.67000000,26809.88040000,2026-08-21 14:59:59.999,63909292.82367500,320968,13517.18010000,32227644.94410500,0
2026-08-21 15:00:00,2393.67000000,2408.55000000,2389.02000000,2393.65000000,30899.60740000,2026-08-21 15:59:59.999,74159367.96702600,286394,18523.42810000,44465770.57783200,0
2026-08-21 16:00:00,2393.64000000,2413.14000000,2384.00000000,2405.97000000,28678.86160000,2026-08-21 16:59:59.999,68779642.01116000,261348,18438.94460000,44217870.73426500,0
2026-08-21 17:00:00,2405.97000000,2428.00000000,2402.10000000,2423.61000000,33958.36070000,2026-08-21 17:59:59.999,82063386.82354800,221852,19079.80580000,46097616.92923200,0
2026-08-21 18:00:00,2423.61000000,2432.35000000,2395.89000000,2420.71000000,23152.95660000,2026-08-21 18:59:59.999,55961585.74900000,205178,12235.70150000,29575181.79705200,0
2026-08-21 19:00:00,2420.72000000,2420.92000000,2407.56000000,2413.55000000,13795.61330000,2026-08-21 19:59:59.999,33321676.84875900,162094,6542.57860000,15803973.85952900,0
2026-08-21 20:00:00,2413.54000000,2447.85000000,2408.86000000,2441.05000000,20040.85360000,2026-08-21 20:59:59.999,48787447.84880500,224766,10080.54670000,24543797.02986100,0
2026-08-21 21:00:00,2441.05000000,2520.86000000,2434.71000000,2513.27000000,59703.64270000,2026-08-21 21:59:59.999,148263644.84870700,461308,37151.88970000,92310771.90847200,0
2026-08-21 22:00:00,2513.26000000,2546.78000000,2506.88000000,2521.89000000,52973.00820000,2026-08-21 22:59:59.999,133987416.52324400,481275,30744.85120000,77761536.20923200,0
2026-08-21 23:00:00,2521.89000000,2546.42000000,2510.00000000,2516.30000000,28956.77600000,2026-08-21 23:59:59.999,73106535.37251300,268950,16613.49260000,41951300.25727900,0
2026-08-22 00:00:00,2516.31000000,2522.99000000,2491.11000000,2522.44000000,29540.68530000,2026-08-22 00:59:59.999,74130471.99109500,234645,15754.59600000,39546120.23563500,0
2026-08-22 01:00:00,2522.44000000,2528.58000000,2506.97000000,2506.99000000,22310.07780000,2026-08-22 01:59:59.999,56218415.05970500,212290,12841.70130000,32362995.85223100,0
2026-08-22 02:00:00,2506.99000000,2523.24000000,2495.65000000,2516.02000000,18116.77200000,2026-08-22 02:59:59.999,45474699.16625000,214266,8990.62640000,22572275.31022000,0
2026-08-22 03:00:00,2516.02000000,2526.68000000,2512.64000000,2515.06000000,16403.66380000,2026-08-22 03:59:59.999,41323005.45449300,184461,8764.97380000,22080642.00172700,0
2026-08-22 04:00:00,2515.06000000,2529.99000000,2506.05000000,2514.43000000,25451.85800000,2026-08-22 04:59:59.999,64108192.20483200,240546,13875.03440000,34946193.89413800,0
2026-08-22 05:00:00,2514.43000000,2518.31000000,2385.00000000,2439.95000000,108215.84660000,2026-08-22 05:59:59.999,263880506.58732700,679564,48673.60850000,118608174.35988700,0
2026-08-22 06:00:00,2439.95000000,2443.68000000,2412.18000000,2437.78000000,30636.71890000,2026-08-22 06:59:59.999,74448464.00174100,262617,15712.02230000,38186061.03857900,0
2026-08-22 07:00:00,2437.79000000,2447.60000000,2426.80000000,2433.31000000,17298.45650000,2026-08-22 07:59:59.999,42165584.51559400,232211,8307.10510000,20250433.02215300,0
2026-08-22 08:00:00,2433.32000000,2441.10000000,2412.16000000,2425.74000000,22459.06250000,2026-08-22 08:59:59.999,54455086.92673600,232595,10052.95900000,24376894.94411500,0
2026-08-22 09:00:00,2425.74000000,2429.41000000,2412.84000000,2421.93000000,16266.74930000,2026-08-22 09:59:59.999,39389173.03613600,208000,8192.64060000,19842241.97745100,0
2026-08-22 10:00:00,2421.93000000,2423.11000000,2389.45000000,2412.73000000,30317.97140000,2026-08-22 10:59:59.999,72964273.91365600,327687,14019.12330000,33732817.78588400,0
2026-08-22 11:00:00,2412.73000000,2426.73000000,2405.40000000,2423.93000000,11672.88170000,2026-08-22 11:59:59.999,28215774.75064900,125180,6911.03540000,16710767.84963600,0
2026-08-22 12:00:00,2423.92000000,2437.76000000,2419.10000000,2428.12000000,17244.50590000,2026-08-22 12:59:59.999,41919460.67782100,154068,10895.37670000,26483633.18028800,0
2026-08-22 13:00:00,2428.11000000,2433.25000000,2421.71000000,2430.09000000,11143.20980000,2026-08-22 13:59:59.999,27045007.31940500,118782,6263.85990000,15203917.46172300,0
2026-08-22 14:00:00,2430.09000000,2431.48000000,2409.36000000,2413.94000000,13780.18650000,2026-08-22 14:59:59.999,33316894.92139000,141955,5878.35820000,14212472.02712200,0
2026-08-22 15:00:00,2413.93000000,2416.71000000,2405.62000000,2410.90000000,10807.76200000,2026-08-22 15:59:59.999,26054260.67903000,103928,4728.05060000,11398714.82876900,0
2026-08-22 16:00:00,2410.89000000,2429.94000000,2409.00000000,2422.63000000,10604.91770000,2026-08-22 16:59:59.999,25676936.38567300,109997,6273.56790000,15192009.24113600,0
2026-08-22 17:00:00,2422.64000000,2431.55000000,2417.27000000,2426.32000000,7313.16120000,2026-08-22 17:59:59.999,17734445.28210100,79466,3766.42880000,9134917.49261800,0
2026-08-22 18:00:00,2426.33000000,2434.49000000,2421.76000000,2427.13000000,7729.13190000,2026-08-22 18:59:59.999,18771618.17988500,80778,4028.46670000,9784797.61451600,0
2026-08-22 19:00:00,2427.13000000,2444.71000000,2423.98000000,2439.41000000,12157.22310000,2026-08-22 19:59:59.999,29591811.95367600,105943,9142.44780000,22255646.55212900,0
2026-08-22 20:00:00,2439.41000000,2443.72000000,2429.38000000,2431.84000000,8411.99870000,2026-08-22 20:59:59.999,20512411.45153800,72099,4881.00070000,11906669.28578500,0
2026-08-22 21:00:00,2431.83000000,2431.95000000,2403.47000000,2407.54000000,16541.79090000,2026-08-22 21:59:59.999,39958925.85467900,161697,5845.09650000,14117965.50329400,0
2026-08-22 22:00:00,2407.54000000,2425.14000000,2404.35000000,2414.16000000,12624.88630000,2026-08-22 22:59:59.999,30500242.39683700,117113,5920.91750000,14305438.49780900,0
2026-08-22 23:00:00,2414.17000000,2427.90000000,2410.82000000,2422.60000000,8115.37230000,2026-08-22 23:59:59.999,19640909.02322200,81890,4500.42800000,10896730.08939200,0
2026-08-23 00:00:00,2422.60000000,2435.53000000,2419.67000000,2430.96000000,11123.63020000,2026-08-23 00:59:59.999,27006699.92364900,121766,6771.55850000,16439939.87570200,0
2026-08-23 01:00:00,2430.96000000,2433.34000000,2420.35000000,2423.25000000,9677.41550000,2026-08-23 01:59:59.999,23485516.08744500,95692,4864.36400000,11806287.76846000,0
2026-08-23 02:00:00,2423.26000000,2424.49000000,2408.00000000,2416.95000000,7146.12950000,2026-08-23 02:59:59.999,17275005.20010400,86749,2938.39680000,7104918.30474200,0
2026-08-23 03:00:00,2416.96000000,2419.05000000,2408.40000000,2413.98000000,6317.92610000,2026-08-23 03:59:59.999,15248154.19931600,82511,2622.08900000,6327417.23487900,0
2026-08-23 04:00:00,2413.98000000,2417.02000000,2372.17000000,2378.66000000,25712.07910000,2026-08-23 04:59:59.999,61560987.13350600,247850,10506.47170000,25148017.15992600,0
2026-08-23 05:00:00,2378.67000000,2387.00000000,2355.71000000,2372.99000000,23835.67490000,2026-08-23 05:59:59.999,56594044.82358100,323725,11556.33210000,27449420.34562500,0
2026-08-23 06:00:00,2372.99000000,2396.67000000,2369.29000000,2389.99000000,17180.93680000,2026-08-23 06:59:59.999,40978076.45319700,182300,10983.77670000,26205347.74240000,0
2026-08-23 07:00:00,2389.99000000,2397.20000000,2386.84000000,2389.02000000,10125.98470000,2026-08-23 07:59:59.999,24215206.90075500,94000,6771.89960000,16194093.53052500,0
2026-08-23 08:00:00,2389.01000000,2426.03000000,2386.96000000,2412.46000000,20707.64520000,2026-08-23 08:59:59.999,49883354.04272000,150436,13646.14200000,32860149.40465100,0
2026-08-23 09:00:00,2412.45000000,2416.17000000,2404.51000000,2411.20000000,9335.20400000,2026-08-23 09:59:59.999,22509565.45931400,82349,5126.05870000,12361016.82654600,0
2026-08-23 10:00:00,2411.20000000,2420.89000000,2410.84000000,2415.15000000,7057.37770000,2026-08-23 10:59:59.999,17047932.05638800,70544,4260.47630000,10291175.51931100,0
2026-08-23 11:00:00,2415.15000000,2438.31000000,2414.82000000,2433.68000000,15055.74000000,2026-08-23 11:59:59.999,36578258.54104900,140285,9818.36880000,23851955.25492200,0
2026-08-23 12:00:00,2433.67000000,2433.68000000,2419.15000000,2427.05000000,8695.24270000,2026-08-23 12:59:59.999,21082710.35690900,84756,4050.81230000,9823398.20979600,0
2026-08-23 13:00:00,2427.05000000,2484.06000000,2427.00000000,2459.75000000,39983.25960000,2026-08-23 13:59:59.999,98262940.68364300,295876,24620.64960000,60488435.41839100,0
2026-08-23 14:00:00,2459.75000000,2469.30000000,2389.85000000,2438.95000000,41707.38030000,2026-08-23 14:59:59.999,101598817.65989900,326821,21309.57520000,51941625.91990200,0
2026-08-23 15:00:00,2438.95000000,2452.86000000,2421.87000000,2438.62000000,17475.73490000,2026-08-23 15:59:59.999,42597968.91991600,232576,9188.24740000,22401006.49288700,0
2026-08-23 16:00:00,2438.61000000,2459.22000000,2438.61000000,2450.56000000,9809.69280000,2026-08-23 16:59:59.999,24021322.48086200,146646,5514.02000000,13500739.54286900,0
2026-08-23 17:00:00,2450.56000000,2454.30000000,2432.81000000,2440.12000000,13407.00690000,2026-08-23 17:59:59.999,32752639.06686600,140408,5498.55250000,13433961.05772700,0
2026-08-23 18:00:00,2440.11000000,2449.27000000,2434.83000000,2448.68000000,7986.69510000,2026-08-23 18:59:59.999,19523168.27135400,103241,4293.66810000,10496748.50018600,0
2026-08-23 19:00:00,2448.68000000,2454.16000000,2437.44000000,2444.96000000,7346.78780000,2026-08-23 19:59:59.999,17969205.81116700,84109,3658.10580000,8947996.90787800,0
2026-08-23 20:00:00,2444.95000000,2450.72000000,2436.41000000,2450.48000000,7723.07490000,2026-08-23 20:59:59.999,18886174.06591600,91615,4091.49940000,10007183.64680200,0
2026-08-23 21:00:00,2450.48000000,2484.62000000,2450.47000000,2469.97000000,28824.69690000,2026-08-23 21:59:59.999,71164686.73265500,283437,16449.35520000,40604627.41990700,0
2026-08-23 22:00:00,2469.96000000,2474.53000000,2451.89000000,2455.05000000,15176.64100000,2026-08-23 22:59:59.999,37340963.21257000,165216,7511.13180000,18481135.60524100,0
2026-08-23 23:00:00,2455.04000000,2471.02000000,2441.78000000,2463.41000000,17435.24560000,2026-08-23 23:59:59.999,42811437.56774600,177794,8687.65170000,21341974.37452500,0
2026-08-24 00:00:00,2463.42000000,2465.90000000,2442.35000000,2465.11000000,13925.71450000,2026-08-24 00:59:59.999,34179098.89026800,163457,7171.28400000,17598675.54024100,0
2026-08-24 01:00:00,2465.11000000,2466.98000000,2427.27000000,2429.40000000,17203.98940000,2026-08-24 01:59:59.999,42046274.27585800,173621,6654.79450000,16270823.88007300,0
2026-08-24 02:00:00,2429.40000000,2451.77000000,2424.73000000,2443.78000000,12332.75910000,2026-08-24 02:59:59.999,30097738.57823600,133855,5845.09540000,14267858.01057600,0
2026-08-24 03:00:00,2443.78000000,2445.62000000,2426.49000000,2430.64000000,10842.07480000,2026-08-24 03:59:59.999,26407532.69055400,126262,5634.86510000,13724908.66265900,0
2026-08-24 04:00:00,2430.65000000,2446.42000000,2428.11000000,2438.08000000,14103.84720000,2026-08-24 04:59:59.999,34399567.80430300,102319,5376.58730000,13111239.27185200,0
2026-08-24 05:00:00,2438.07000000,2459.82000000,2433.98000000,2448.92000000,17209.16070000,2026-08-24 05:59:59.999,42132024.94395800,148227,8673.36740000,21238160.77298000,0
2026-08-24 06:00:00,2448.92000000,2463.74000000,2444.22000000,2456.50000000,11124.90860000,2026-08-24 06:59:59.999,27292259.04853400,111825,6160.80110000,15114908.00221600,0
2026-08-24 07:00:00,2456.50000000,2474.09000000,2452.28000000,2454.64000000,17306.74070000,2026-08-24 07:59:59.999,42571379.26257800,146286,9607.75740000,23637405.69587700,0
2026-08-24 08:00:00,2454.67000000,2459.33000000,2436.41000000,2454.84000000,20193.24940000,2026-08-24 08:59:59.999,49442627.48899700,158928,11101.10650000,27184331.22986600,0
2026-08-24 09:00:00,2454.84000000,2465.10000000,2453.75000000,2463.08000000,13094.35320000,2026-08-24 09:59:59.999,32217657.33908200,112747,8479.70340000,20864317.09881700,0
2026-08-24 10:00:00,2463.07000000,2490.89000000,2461.73000000,2465.20000000,22322.78760000,2026-08-24 10:59:59.999,55248268.43805500,178284,11950.17110000,29583056.90564800,0
2026-08-24 11:00:00,2465.20000000,2509.00000000,2454.40000000,2494.18000000,29409.10720000,2026-08-24 11:59:59.999,73147686.59046500,286908,15922.09490000,39611378.82713700,0
2026-08-24 12:00:00,2494.18000000,2518.54000000,2474.50000000,2512.54000000,32212.22650000,2026-08-24 12:59:59.999,80474527.59273900,240791,19216.24710000,48021315.24430800,0
2026-08-24 13:00:00,2512.54000000,2519.88000000,2476.31000000,2493.83000000,37059.54540000,2026-08-24 13:59:59.999,92623172.59471800,346949,18796.47050000,46992651.82253000,0
2026-08-24 14:00:00,2493.83000000,2532.12000000,2491.61000000,2516.16000000,45278.82990000,2026-08-24 14:59:59.999,113890201.51448800,418324,23556.10250000,59270728.56563400,0
2026-08-24 15:00:00,2516.16000000,2532.95000000,2479.38000000,2487.99000000,38855.34120000,2026-08-24 15:59:59.999,97434375.15349400,327007,17090.88570000,42878860.56161400,0
2026-08-24 16:00:00,2487.99000000,2506.00000000,2469.02000000,2478.43000000,28194.03550000,2026-08-24 16:59:59.999,70244046.13338700,265822,14008.19730000,34915516.00560100,0
2026-08-24 17:00:00,2478.43000000,2484.29000000,2455.00000000,2468.97000000,26300.43360000,2026-08-24 17:59:59.999,64889540.90170000,310055,12095.58460000,29844763.52037500,0
2026-08-24 18:00:00,2468.97000000,2483.78000000,2467.19000000,2473.84000000,16616.89820000,2026-08-24 18:59:59.999,41157071.22238600,138878,9325.98280000,23096872.73661400,0
2026-08-24 19:00:00,2473.85000000,2477.69000000,2461.87000000,2471.40000000,16010.65710000,2026-08-24 19:59:59.999,39551079.01613400,131913,7538.30500000,18622533.17541700,0
2026-08-24 20:00:00,2471.48000000,2479.21000000,2465.46000000,2475.16000000,6569.18400000,2026-08-24 20:59:59.999,16238910.53922200,70800,3300.19760000,8158938.81467300,0
2026-08-24 21:00:00,2475.16000000,2489.67000000,2475.16000000,2483.56000000,6943.78930000,2026-08-24 21:59:59.999,17233665.99215600,56253,4034.96230000,10013429.04403100,0
2026-08-24 22:00:00,2483.56000000,2485.38000000,2472.50000000,2474.26000000,6995.52420000,2026-08-24 22:59:59.999,17347413.96263400,65061,3495.80940000,8669617.40055400,0
2026-08-24 23:00:00,2474.27000000,2487.24000000,2470.70000000,2482.31000000,7330.02950000,2026-08-24 23:59:59.999,18184505.41340600,99789,3974.94360000,9861800.79253000,0
2026-08-25 00:00:00,2482.31000000,2504.74000000,2472.18000000,2493.61000000,15833.59680000,2026-08-25 00:59:59.999,39394076.73790300,191250,8278.14780000,20591425.24456800,0
2026-08-25 01:00:00,2493.61000000,2504.62000000,2484.88000000,2495.99000000,14009.32900000,2026-08-25 01:59:59.999,34955917.99031700,126296,7539.73120000,18812127.27573700,0
2026-08-25 02:00:00,2495.99000000,2532.50000000,2492.31000000,2507.69000000,32395.67030000,2026-08-25 02:59:59.999,81505508.65884100,352556,17671.78490000,44472276.54093200,0
2026-08-25 03:00:00,2507.70000000,2514.55000000,2488.99000000,2499.29000000,14206.67540000,2026-08-25 03:59:59.999,35564401.41171900,143490,6288.48510000,15745571.47592700,0
2026-08-25 04:00:00,2499.30000000,2504.09000000,2488.96000000,2494.99000000,11684.86040000,2026-08-25 04:59:59.999,29154478.24967500,113105,5318.09690000,13267858.40141800,0
2026-08-25 05:00:00,2494.99000000,2511.82000000,2493.77000000,2508.73000000,10311.66640000,2026-08-25 05:59:59.999,25831540.11907100,138027,5388.94550000,13498436.28669600,0
2026-08-25 06:00:00,2508.73000000,2515.43000000,2496.04000000,2500.88000000,7866.69590000,2026-08-25 06:59:59.999,19711575.60295700,94687,2940.39220000,7369304.34831600,0
2026-08-25 07:00:00,2500.89000000,2513.00000000,2464.41000000,2478.94000000,21618.63950000,2026-08-25 07:59:59.999,53802251.08579900,122634,8621.22440000,21459390.47825000,0
2026-08-25 08:00:00,2478.94000000,2498.00000000,2475.00000000,2484.82000000,13617.63370000,2026-08-25 08:59:59.999,33854608.68347400,134144,6725.89270000,16721330.00509000,0
2026-08-25 09:00:00,2484.82000000,2492.00000000,2462.81000000,2474.67000000,14565.18710000,2026-08-25 09:59:59.999,36115178.13469200,171431,6512.53720000,16153748.10207400,0
2026-08-25 10:00:00,2474.67000000,2485.83000000,2469.87000000,2481.82000000,8631.73670000,2026-08-25 10:59:59.999,21394468.49934200,90646,4250.06880000,10534048.78890100,0
2026-08-25 11:00:00,2481.82000000,2486.16000000,2474.76000000,2477.91000000,7247.18870000,2026-08-25 11:59:59.999,17969755.21875500,111206,3778.37080000,9368192.20784100,0
2026-08-25 12:00:00,2477.90000000,2481.37000000,2458.01000000,2473.50000000,16993.88470000,2026-08-25 12:59:59.999,41974904.06225700,156966,7055.87550000,17426141.15562500,0
2026-08-25 13:00:00,2473.51000000,2476.12000000,2460.34000000,2465.91000000,5590.80510000,2026-08-25 13:59:59.999,13798145.47129600,50678,2061.57140000,5087142.13594400,0
